id,Météo,Moment de la journée,État de la route,Espace devant sur voie principale,Vitesse sur voie principale,Distance sur voie principale,Type de véhicule sur voie principale,Besoin du passager,Rôle du véhicule autonome,Type de véhicule suivant,État du véhicule,Distance jusqu'au point de fusion,Vitesse du véhicule
239,Ensoleillé,Jour,Sec,Libre,35 km/h,10 mètres,Voiture,Pas de besoin particulier,Véhicule prioritaire,Véhicule prioritaire,En approche,10 mètres,50 km/h
664,Ensoleillé,Jour,Sec,Libre,35 km/h,10 mètres,Véhicule prioritaire,Pressé (travail/vol),Véhicule prioritaire,Aucun,En approche,100 mètres,30 km/h
714,Ensoleillé,Jour,Sec,Libre,35 km/h,10 mètres,Véhicule prioritaire,Pressé (travail/vol),Camion,Véhicule prioritaire,En approche,100 mètres,30 km/h
789,Ensoleillé,Jour,Sec,Libre,35 km/h,10 mètres,Véhicule prioritaire,Pas de besoin particulier,Camion,Aucun,En approche,10 mètres,50 km/h
872,Ensoleillé,Jour,Sec,Libre,35 km/h,50 mètres,Voiture,Urgent (transport médical),Camion,Aucun,En approche,100 mètres,80 km/h
1157,Ensoleillé,Jour,Sec,Libre,35 km/h,50 mètres,Camion,Urgent (transport médical),Camion,Voiture,En approche,50 mètres,30 km/h
1198,Ensoleillé,Jour,Sec,Libre,35 km/h,50 mètres,Camion,Pressé (travail/vol),Voiture,Véhicule prioritaire,En approche,10 mètres,80 km/h
1394,Ensoleillé,Jour,Sec,Libre,35 km/h,50 mètres,Véhicule prioritaire,Urgent (transport médical),Véhicule prioritaire,Voiture,En approche,100 mètres,30 km/h
1412,Ensoleillé,Jour,Sec,Libre,35 km/h,50 mètres,Véhicule prioritaire,Urgent (transport médical),Camion,Aucun,En approche,100 mètres,80 km/h
1417,Ensoleillé,Jour,Sec,Libre,35 km/h,50 mètres,Véhicule prioritaire,Urgent (transport médical),Camion,Aucun,En approche,50 mètres,30 km/h
1520,Ensoleillé,Jour,Sec,Libre,35 km/h,50 mètres,Véhicule prioritaire,Pressé (travail/vol),Camion,Voiture,En approche,10 mètres,30 km/h
1636,Ensoleillé,Jour,Sec,Libre,35 km/h,100 mètres,Voiture,Urgent (transport médical),Voiture,Voiture,En approche,50 mètres,50 km/h
1708,Ensoleillé,Jour,Sec,Libre,35 km/h,100 mètres,Voiture,Urgent (transport médical),Camion,Véhicule prioritaire,En approche,10 mètres,80 km/h
2103,Ensoleillé,Jour,Sec,Libre,35 km/h,100 mètres,Camion,Pas de besoin particulier,Véhicule prioritaire,Aucun,En approche,100 mètres,50 km/h
2158,Ensoleillé,Jour,Sec,Libre,35 km/h,100 mètres,Camion,Pas de besoin particulier,Camion,Véhicule prioritaire,En approche,10 mètres,80 km/h
2505,Ensoleillé,Jour,Sec,Libre,60 km/h,50 mètres,Voiture,Urgent (transport médical),Camion,Voiture,En approche,50 mètres,80 km/h
2807,Ensoleillé,Jour,Sec,Libre,60 km/h,50 mètres,Camion,Pressé (travail/vol),Voiture,Voiture,En approche,50 mètres,30 km/h
2990,Ensoleillé,Jour,Sec,Libre,60 km/h,50 mètres,Véhicule prioritaire,Urgent (transport médical),Voiture,Voiture,En approche,10 mètres,30 km/h
3000,Ensoleillé,Jour,Sec,Libre,60 km/h,50 mètres,Véhicule prioritaire,Urgent (transport médical),Voiture,Véhicule prioritaire,En approche,10 mètres,30 km/h
3011,Ensoleillé,Jour,Sec,Libre,60 km/h,50 mètres,Véhicule prioritaire,Urgent (transport médical),Véhicule prioritaire,Voiture,À l'arrêt,0 mètre,0 km/h
3017,Ensoleillé,Jour,Sec,Libre,60 km/h,50 mètres,Véhicule prioritaire,Urgent (transport médical),Véhicule prioritaire,Voiture,En approche,50 mètres,30 km/h
3064,Ensoleillé,Jour,Sec,Libre,60 km/h,50 mètres,Véhicule prioritaire,Pressé (travail/vol),Voiture,Aucun,En approche,100 mètres,30 km/h
3712,Ensoleillé,Jour,Sec,Libre,60 km/h,100 mètres,Camion,Pas de besoin particulier,Voiture,Véhicule prioritaire,En approche,100 mètres,80 km/h
3914,Ensoleillé,Jour,Sec,Libre,60 km/h,100 mètres,Véhicule prioritaire,Pressé (travail/vol),Véhicule prioritaire,Voiture,En approche,100 mètres,30 km/h
3953,Ensoleillé,Jour,Sec,Libre,60 km/h,100 mètres,Véhicule prioritaire,Pressé (travail/vol),Camion,Véhicule prioritaire,En approche,100 mètres,50 km/h
3983,Ensoleillé,Jour,Sec,Libre,60 km/h,100 mètres,Véhicule prioritaire,Pas de besoin particulier,Voiture,Véhicule prioritaire,En approche,100 mètres,50 km/h
4050,Ensoleillé,Jour,Sec,Libre,60 km/h,100 mètres,Véhicule prioritaire,Pas de besoin particulier,Camion,Véhicule prioritaire,En approche,10 mètres,30 km/h
4094,Ensoleillé,Jour,Sec,Libre,60 km/h,150 mètres,Voiture,Urgent (transport médical),Véhicule prioritaire,Voiture,En approche,100 mètres,30 km/h
4248,Ensoleillé,Jour,Sec,Libre,60 km/h,150 mètres,Voiture,Pas de besoin particulier,Voiture,Voiture,En approche,10 mètres,80 km/h
4404,Ensoleillé,Jour,Sec,Libre,60 km/h,150 mètres,Camion,Urgent (transport médical),Camion,Véhicule prioritaire,En approche,100 mètres,30 km/h
4689,Ensoleillé,Jour,Sec,Libre,60 km/h,150 mètres,Véhicule prioritaire,Pressé (travail/vol),Voiture,Aucun,En approche,10 mètres,50 km/h
4730,Ensoleillé,Jour,Sec,Libre,60 km/h,150 mètres,Véhicule prioritaire,Pressé (travail/vol),Véhicule prioritaire,Voiture,En approche,10 mètres,30 km/h
4856,Ensoleillé,Jour,Sec,Libre,60 km/h,150 mètres,Véhicule prioritaire,Pas de besoin particulier,Camion,Véhicule prioritaire,En approche,50 mètres,50 km/h
4947,Ensoleillé,Jour,Sec,Libre,100 km/h,100 mètres,Voiture,Urgent (transport médical),Camion,Véhicule prioritaire,En approche,50 mètres,30 km/h
5029,Ensoleillé,Jour,Sec,Libre,100 km/h,100 mètres,Voiture,Pressé (travail/vol),Camion,Voiture,En approche,10 mètres,50 km/h
5299,Ensoleillé,Jour,Sec,Libre,100 km/h,100 mètres,Camion,Pressé (travail/vol),Camion,Voiture,En approche,10 mètres,50 km/h
5325,Ensoleillé,Jour,Sec,Libre,100 km/h,100 mètres,Camion,Pas de besoin particulier,Voiture,Voiture,En approche,50 mètres,80 km/h
5961,Ensoleillé,Jour,Sec,Libre,100 km/h,150 mètres,Camion,Urgent (transport médical),Voiture,Véhicule prioritaire,À l'arrêt,0 mètre,0 km/h
6514,Ensoleillé,Jour,Sec,Libre,100 km/h,200 mètres,Voiture,Urgent (transport médical),Véhicule prioritaire,Aucun,En approche,100 mètres,30 km/h
6577,Ensoleillé,Jour,Sec,Libre,100 km/h,200 mètres,Voiture,Pressé (travail/vol),Voiture,Aucun,En approche,50 mètres,30 km/h
6793,Ensoleillé,Jour,Sec,Libre,100 km/h,200 mètres,Camion,Urgent (transport médical),Véhicule prioritaire,Voiture,En approche,100 mètres,50 km/h
6807,Ensoleillé,Jour,Sec,Libre,100 km/h,200 mètres,Camion,Urgent (transport médical),Véhicule prioritaire,Véhicule prioritaire,En approche,50 mètres,30 km/h
7093,Ensoleillé,Jour,Sec,Libre,100 km/h,200 mètres,Véhicule prioritaire,Urgent (transport médical),Camion,Voiture,En approche,100 mètres,50 km/h
7159,Ensoleillé,Jour,Sec,Libre,100 km/h,200 mètres,Véhicule prioritaire,Pressé (travail/vol),Véhicule prioritaire,Voiture,En approche,10 mètres,50 km/h
7163,Ensoleillé,Jour,Sec,Libre,100 km/h,200 mètres,Véhicule prioritaire,Pressé (travail/vol),Véhicule prioritaire,Véhicule prioritaire,En approche,100 mètres,50 km/h
7691,Ensoleillé,Jour,Sec,100 mètres,35 km/h,10 mètres,Camion,Pressé (travail/vol),Véhicule prioritaire,Voiture,À l'arrêt,0 mètre,0 km/h
7719,Ensoleillé,Jour,Sec,100 mètres,35 km/h,10 mètres,Camion,Pressé (travail/vol),Camion,Aucun,En approche,10 mètres,50 km/h
7731,Ensoleillé,Jour,Sec,100 mètres,35 km/h,10 mètres,Camion,Pressé (travail/vol),Camion,Véhicule prioritaire,À l'arrêt,0 mètre,0 km/h
7773,Ensoleillé,Jour,Sec,100 mètres,35 km/h,10 mètres,Camion,Pas de besoin particulier,Véhicule prioritaire,Aucun,En approche,100 mètres,50 km/h
7963,Ensoleillé,Jour,Sec,100 mètres,35 km/h,10 mètres,Véhicule prioritaire,Pressé (travail/vol),Véhicule prioritaire,Voiture,En approche,100 mètres,50 km/h
8115,Ensoleillé,Jour,Sec,100 mètres,35 km/h,50 mètres,Voiture,Urgent (transport médical),Voiture,Voiture,En approche,50 mètres,80 km/h
8271,Ensoleillé,Jour,Sec,100 mètres,35 km/h,50 mètres,Voiture,Pressé (travail/vol),Camion,Véhicule prioritaire,À l'arrêt,0 mètre,0 km/h
8334,Ensoleillé,Jour,Sec,100 mètres,35 km/h,50 mètres,Voiture,Pas de besoin particulier,Véhicule prioritaire,Véhicule prioritaire,En approche,100 mètres,30 km/h
8356,Ensoleillé,Jour,Sec,100 mètres,35 km/h,50 mètres,Voiture,Pas de besoin particulier,Camion,Voiture,En approche,50 mètres,50 km/h
8552,Ensoleillé,Jour,Sec,100 mètres,35 km/h,50 mètres,Camion,Pas de besoin particulier,Voiture,Aucun,En approche,100 mètres,80 km/h
8640,Ensoleillé,Jour,Sec,100 mètres,35 km/h,50 mètres,Camion,Pas de besoin particulier,Camion,Véhicule prioritaire,En approche,10 mètres,30 km/h
8961,Ensoleillé,Jour,Sec,100 mètres,35 km/h,100 mètres,Voiture,Urgent (transport médical),Véhicule prioritaire,Véhicule prioritaire,À l'arrêt,0 mètre,0 km/h
9009,Ensoleillé,Jour,Sec,100 mètres,35 km/h,100 mètres,Voiture,Pressé (travail/vol),Voiture,Aucun,En approche,10 mètres,50 km/h
9101,Ensoleillé,Jour,Sec,100 mètres,35 km/h,100 mètres,Voiture,Pas de besoin particulier,Voiture,Voiture,À l'arrêt,0 mètre,0 km/h
9255,Ensoleillé,Jour,Sec,100 mètres,35 km/h,100 mètres,Camion,Urgent (transport médical),Camion,Voiture,En approche,50 mètres,80 km/h
9586,Ensoleillé,Jour,Sec,100 mètres,35 km/h,100 mètres,Véhicule prioritaire,Pressé (travail/vol),Véhicule prioritaire,Voiture,En approche,50 mètres,50 km/h
9656,Ensoleillé,Jour,Sec,100 mètres,35 km/h,100 mètres,Véhicule prioritaire,Pas de besoin particulier,Voiture,Véhicule prioritaire,En approche,50 mètres,50 km/h
10059,Ensoleillé,Jour,Sec,100 mètres,60 km/h,50 mètres,Camion,Urgent (transport médical),Camion,Aucun,En approche,10 mètres,50 km/h
10138,Ensoleillé,Jour,Sec,100 mètres,60 km/h,50 mètres,Camion,Pressé (travail/vol),Véhicule prioritaire,Véhicule prioritaire,En approche,10 mètres,80 km/h
10164,Ensoleillé,Jour,Sec,100 mètres,60 km/h,50 mètres,Camion,Pressé (travail/vol),Camion,Véhicule prioritaire,En approche,100 mètres,30 km/h
10309,Ensoleillé,Jour,Sec,100 mètres,60 km/h,50 mètres,Véhicule prioritaire,Urgent (transport médical),Véhicule prioritaire,Voiture,En approche,10 mètres,50 km/h
10482,Ensoleillé,Jour,Sec,100 mètres,60 km/h,50 mètres,Véhicule prioritaire,Pas de besoin particulier,Véhicule prioritaire,Voiture,En approche,100 mètres,80 km/h
10642,Ensoleillé,Jour,Sec,100 mètres,60 km/h,100 mètres,Voiture,Pressé (travail/vol),Voiture,Véhicule prioritaire,En approche,100 mètres,80 km/h
10747,Ensoleillé,Jour,Sec,100 mètres,60 km/h,100 mètres,Voiture,Pas de besoin particulier,Véhicule prioritaire,Aucun,En approche,50 mètres,30 km/h
10753,Ensoleillé,Jour,Sec,100 mètres,60 km/h,100 mètres,Voiture,Pas de besoin particulier,Véhicule prioritaire,Voiture,En approche,100 mètres,50 km/h
11082,Ensoleillé,Jour,Sec,100 mètres,60 km/h,100 mètres,Véhicule prioritaire,Urgent (transport médical),Voiture,Voiture,En approche,100 mètres,80 km/h
11380,Ensoleillé,Jour,Sec,100 mètres,60 km/h,150 mètres,Voiture,Urgent (transport médical),Véhicule prioritaire,Aucun,En approche,10 mètres,30 km/h
11687,Ensoleillé,Jour,Sec,100 mètres,60 km/h,150 mètres,Camion,Urgent (transport médical),Camion,Voiture,En approche,50 mètres,30 km/h
11689,Ensoleillé,Jour,Sec,100 mètres,60 km/h,150 mètres,Camion,Urgent (transport médical),Camion,Voiture,En approche,10 mètres,50 km/h
11747,Ensoleillé,Jour,Sec,100 mètres,60 km/h,150 mètres,Camion,Pressé (travail/vol),Véhicule prioritaire,Voiture,En approche,50 mètres,30 km/h
11759,Ensoleillé,Jour,Sec,100 mètres,60 km/h,150 mètres,Camion,Pressé (travail/vol),Véhicule prioritaire,Véhicule prioritaire,En approche,10 mètres,50 km/h
11896,Ensoleillé,Jour,Sec,100 mètres,60 km/h,150 mètres,Véhicule prioritaire,Urgent (transport médical),Voiture,Voiture,En approche,50 mètres,50 km/h
12119,Ensoleillé,Jour,Sec,100 mètres,60 km/h,150 mètres,Véhicule prioritaire,Pas de besoin particulier,Véhicule prioritaire,Véhicule prioritaire,En approche,10 mètres,50 km/h
12284,Ensoleillé,Jour,Sec,100 mètres,100 km/h,100 mètres,Voiture,Pressé (travail/vol),Véhicule prioritaire,Voiture,En approche,100 mètres,30 km/h
12536,Ensoleillé,Jour,Sec,100 mètres,100 km/h,100 mètres,Camion,Pressé (travail/vol),Voiture,Véhicule prioritaire,En approche,50 mètres,50 km/h
12557,Ensoleillé,Jour,Sec,100 mètres,100 km/h,100 mètres,Camion,Pressé (travail/vol),Véhicule prioritaire,Voiture,En approche,50 mètres,30 km/h
12733,Ensoleillé,Jour,Sec,100 mètres,100 km/h,100 mètres,Véhicule prioritaire,Urgent (transport médical),Véhicule prioritaire,Voiture,En approche,100 mètres,50 km/h
12815,Ensoleillé,Jour,Sec,100 mètres,100 km/h,100 mètres,Véhicule prioritaire,Pressé (travail/vol),Véhicule prioritaire,Aucun,En approche,50 mètres,80 km/h
12882,Ensoleillé,Jour,Sec,100 mètres,100 km/h,100 mètres,Véhicule prioritaire,Pas de besoin particulier,Voiture,Voiture,En approche,100 mètres,80 km/h
13003,Ensoleillé,Jour,Sec,100 mètres,100 km/h,150 mètres,Voiture,Urgent (transport médical),Véhicule prioritaire,Voiture,En approche,100 mètres,50 km/h
13126,Ensoleillé,Jour,Sec,100 mètres,100 km/h,150 mètres,Voiture,Pressé (travail/vol),Camion,Voiture,En approche,50 mètres,50 km/h
13396,Ensoleillé,Jour,Sec,100 mètres,100 km/h,150 mètres,Camion,Pressé (travail/vol),Camion,Voiture,En approche,50 mètres,50 km/h
13453,Ensoleillé,Jour,Sec,100 mètres,100 km/h,150 mètres,Camion,Pas de besoin particulier,Véhicule prioritaire,Voiture,En approche,100 mètres,50 km/h
13503,Ensoleillé,Jour,Sec,100 mètres,100 km/h,150 mètres,Véhicule prioritaire,Urgent (transport médical),Voiture,Aucun,En approche,100 mètres,50 km/h
13689,Ensoleillé,Jour,Sec,100 mètres,100 km/h,150 mètres,Véhicule prioritaire,Pas de besoin particulier,Voiture,Aucun,En approche,10 mètres,50 km/h
14211,Ensoleillé,Jour,Sec,100 mètres,100 km/h,200 mètres,Camion,Pressé (travail/vol),Camion,Véhicule prioritaire,À l'arrêt,0 mètre,0 km/h
14520,Ensoleillé,Jour,Sec,100 mètres,100 km/h,200 mètres,Véhicule prioritaire,Pas de besoin particulier,Voiture,Véhicule prioritaire,En approche,10 mètres,30 km/h
14623,Ensoleillé,Jour,Sec,50 mètres,35 km/h,10 mètres,Voiture,Urgent (transport médical),Véhicule prioritaire,Voiture,En approche,100 mètres,50 km/h
14746,Ensoleillé,Jour,Sec,50 mètres,35 km/h,10 mètres,Voiture,Pressé (travail/vol),Camion,Voiture,En approche,50 mètres,50 km/h
15126,Ensoleillé,Jour,Sec,50 mètres,35 km/h,10 mètres,Véhicule prioritaire,Urgent (transport médical),Voiture,Aucun,En approche,50 mètres,50 km/h
15160,Ensoleillé,Jour,Sec,50 mètres,35 km/h,10 mètres,Véhicule prioritaire,Urgent (transport médical),Véhicule prioritaire,Aucun,En approche,10 mètres,30 km/h
15526,Ensoleillé,Jour,Sec,50 mètres,35 km/h,50 mètres,Voiture,Pressé (travail/vol),Véhicule prioritaire,Voiture,En approche,50 mètres,50 km/h
15545,Ensoleillé,Jour,Sec,50 mètres,35 km/h,50 mètres,Voiture,Pressé (travail/vol),Camion,Aucun,En approche,50 mètres,80 km/h
15609,Ensoleillé,Jour,Sec,50 mètres,35 km/h,50 mètres,Voiture,Pas de besoin particulier,Véhicule prioritaire,Aucun,En approche,10 mètres,50 km/h
15723,Ensoleillé,Jour,Sec,50 mètres,35 km/h,50 mètres,Camion,Urgent (transport médical),Camion,Aucun,En approche,100 mètres,50 km/h
16047,Ensoleillé,Jour,Sec,50 mètres,35 km/h,50 mètres,Véhicule prioritaire,Pressé (travail/vol),Voiture,Véhicule prioritaire,En approche,50 mètres,30 km/h
17133,Ensoleillé,Jour,Sec,50 mètres,60 km/h,50 mètres,Voiture,Pressé (travail/vol),Véhicule prioritaire,Aucun,En approche,100 mètres,50 km/h
17142,Ensoleillé,Jour,Sec,50 mètres,60 km/h,50 mètres,Voiture,Pressé (travail/vol),Véhicule prioritaire,Voiture,En approche,100 mètres,80 km/h
17243,Ensoleillé,Jour,Sec,50 mètres,60 km/h,50 mètres,Voiture,Pas de besoin particulier,Véhicule prioritaire,Véhicule prioritaire,En approche,100 mètres,50 km/h
17305,Ensoleillé,Jour,Sec,50 mètres,60 km/h,50 mètres,Camion,Urgent (transport médical),Voiture,Véhicule prioritaire,En approche,50 mètres,80 km/h
17477,Ensoleillé,Jour,Sec,50 mètres,60 km/h,50 mètres,Camion,Pas de besoin particulier,Voiture,Voiture,En approche,50 mètres,30 km/h
17713,Ensoleillé,Jour,Sec,50 mètres,60 km/h,50 mètres,Véhicule prioritaire,Pressé (travail/vol),Camion,Voiture,En approche,100 mètres,50 km/h
17939,Ensoleillé,Jour,Sec,50 mètres,60 km/h,100 mètres,Voiture,Pressé (travail/vol),Voiture,Véhicule prioritaire,En approche,10 mètres,50 km/h
17955,Ensoleillé,Jour,Sec,50 mètres,60 km/h,100 mètres,Voiture,Pressé (travail/vol),Véhicule prioritaire,Voiture,En approche,50 mètres,80 km/h
18105,Ensoleillé,Jour,Sec,50 mètres,60 km/h,100 mètres,Camion,Urgent (transport médical),Voiture,Voiture,En approche,50 mètres,80 km/h
18273,Ensoleillé,Jour,Sec,50 mètres,60 km/h,100 mètres,Camion,Pas de besoin particulier,Voiture,Aucun,En approche,100 mètres,50 km/h
18476,Ensoleillé,Jour,Sec,50 mètres,60 km/h,100 mètres,Véhicule prioritaire,Pressé (travail/vol),Voiture,Véhicule prioritaire,En approche,50 mètres,50 km/h
18759,Ensoleillé,Jour,Sec,50 mètres,60 km/h,150 mètres,Voiture,Pressé (travail/vol),Véhicule prioritaire,Aucun,En approche,10 mètres,50 km/h
19019,Ensoleillé,Jour,Sec,50 mètres,60 km/h,150 mètres,Camion,Pressé (travail/vol),Voiture,Véhicule prioritaire,En approche,10 mètres,50 km/h
19103,Ensoleillé,Jour,Sec,50 mètres,60 km/h,150 mètres,Camion,Pas de besoin particulier,Voiture,Véhicule prioritaire,En approche,100 mètres,50 km/h
19218,Ensoleillé,Jour,Sec,50 mètres,60 km/h,150 mètres,Véhicule prioritaire,Urgent (transport médical),Véhicule prioritaire,Voiture,En approche,10 mètres,80 km/h
19394,Ensoleillé,Jour,Sec,50 mètres,60 km/h,150 mètres,Véhicule prioritaire,Pas de besoin particulier,Véhicule prioritaire,Voiture,En approche,100 mètres,30 km/h
19687,Ensoleillé,Jour,Sec,50 mètres,100 km/h,100 mètres,Voiture,Pas de besoin particulier,Camion,Aucun,En approche,50 mètres,30 km/h
20085,Ensoleillé,Jour,Sec,50 mètres,100 km/h,100 mètres,Véhicule prioritaire,Pressé (travail/vol),Voiture,Voiture,En approche,50 mètres,80 km/h
20281,Ensoleillé,Jour,Sec,50 mètres,100 km/h,150 mètres,Voiture,Urgent (transport médical),Véhicule prioritaire,Aucun,À l'arrêt,0 mètre,0 km/h
20368,Ensoleillé,Jour,Sec,50 mètres,100 km/h,150 mètres,Voiture,Pressé (travail/vol),Voiture,Véhicule prioritaire,En approche,10 mètres,80 km/h
20819,Ensoleillé,Jour,Sec,50 mètres,100 km/h,150 mètres,Véhicule prioritaire,Urgent (transport médical),Voiture,Véhicule prioritaire,En approche,10 mètres,50 km/h
20855,Ensoleillé,Jour,Sec,50 mètres,100 km/h,150 mètres,Véhicule prioritaire,Urgent (transport médical),Camion,Aucun,En approche,50 mètres,80 km/h
21089,Ensoleillé,Jour,Sec,50 mètres,100 km/h,200 mètres,Voiture,Urgent (transport médical),Voiture,Véhicule prioritaire,En approche,10 mètres,50 km/h
21130,Ensoleillé,Jour,Sec,50 mètres,100 km/h,200 mètres,Voiture,Urgent (transport médical),Camion,Aucun,En approche,10 mètres,30 km/h
21238,Ensoleillé,Jour,Sec,50 mètres,100 km/h,200 mètres,Voiture,Pressé (travail/vol),Camion,Véhicule prioritaire,En approche,10 mètres,80 km/h
21449,Ensoleillé,Jour,Sec,50 mètres,100 km/h,200 mètres,Camion,Pressé (travail/vol),Voiture,Véhicule prioritaire,En approche,10 mètres,50 km/h
21900,Ensoleillé,Jour,Sec,20 mètres,35 km/h,10 mètres,Voiture,Urgent (transport médical),Voiture,Véhicule prioritaire,En approche,10 mètres,30 km/h
22049,Ensoleillé,Jour,Sec,20 mètres,35 km/h,10 mètres,Voiture,Pressé (travail/vol),Camion,Véhicule prioritaire,En approche,10 mètres,50 km/h
22136,Ensoleillé,Jour,Sec,20 mètres,35 km/h,10 mètres,Voiture,Pas de besoin particulier,Camion,Véhicule prioritaire,En approche,50 mètres,50 km/h
22729,Ensoleillé,Jour,Sec,20 mètres,35 km/h,50 mètres,Voiture,Urgent (transport médical),Véhicule prioritaire,Voiture,En approche,10 mètres,50 km/h
22810,Ensoleillé,Jour,Sec,20 mètres,35 km/h,50 mètres,Voiture,Pressé (travail/vol),Véhicule prioritaire,Aucun,En approche,10 mètres,30 km/h
22859,Ensoleillé,Jour,Sec,20 mètres,35 km/h,50 mètres,Voiture,Pressé (travail/vol),Camion,Véhicule prioritaire,En approche,10 mètres,50 km/h
22988,Ensoleillé,Jour,Sec,20 mètres,35 km/h,50 mètres,Camion,Urgent (transport médical),Véhicule prioritaire,Aucun,En approche,10 mètres,80 km/h
23126,Ensoleillé,Jour,Sec,20 mètres,35 km/h,50 mètres,Camion,Pressé (travail/vol),Camion,Véhicule prioritaire,En approche,50 mètres,50 km/h
23178,Ensoleillé,Jour,Sec,20 mètres,35 km/h,50 mètres,Camion,Pas de besoin particulier,Véhicule prioritaire,Voiture,En approche,10 mètres,80 km/h
23231,Ensoleillé,Jour,Sec,20 mètres,35 km/h,50 mètres,Véhicule prioritaire,Urgent (transport médical),Voiture,Voiture,À l'arrêt,0 mètre,0 km/h
23341,Ensoleillé,Jour,Sec,20 mètres,35 km/h,50 mètres,Véhicule prioritaire,Pressé (travail/vol),Véhicule prioritaire,Aucun,À l'arrêt,0 mètre,0 km/h
23374,Ensoleillé,Jour,Sec,20 mètres,35 km/h,50 mètres,Véhicule prioritaire,Pressé (travail/vol),Camion,Aucun,En approche,100 mètres,30 km/h
23589,Ensoleillé,Jour,Sec,20 mètres,35 km/h,100 mètres,Voiture,Pressé (travail/vol),Voiture,Aucun,En approche,10 mètres,50 km/h
23894,Ensoleillé,Jour,Sec,20 mètres,35 km/h,100 mètres,Camion,Pressé (travail/vol),Véhicule prioritaire,Voiture,En approche,100 mètres,30 km/h
23973,Ensoleillé,Jour,Sec,20 mètres,35 km/h,100 mètres,Camion,Pas de besoin particulier,Véhicule prioritaire,Aucun,En approche,100 mètres,50 km/h
24228,Ensoleillé,Jour,Sec,20 mètres,35 km/h,100 mètres,Véhicule prioritaire,Pas de besoin particulier,Voiture,Voiture,En approche,10 mètres,80 km/h
24290,Ensoleillé,Jour,Sec,20 mètres,35 km/h,100 mètres,Véhicule prioritaire,Pas de besoin particulier,Camion,Voiture,En approche,10 mètres,30 km/h
24342,Ensoleillé,Jour,Sec,20 mètres,60 km/h,50 mètres,Voiture,Urgent (transport médical),Véhicule prioritaire,Voiture,En approche,100 mètres,80 km/h
25014,Ensoleillé,Jour,Sec,20 mètres,60 km/h,50 mètres,Véhicule prioritaire,Pressé (travail/vol),Camion,Véhicule prioritaire,En approche,100 mètres,30 km/h
25018,Ensoleillé,Jour,Sec,20 mètres,60 km/h,50 mètres,Véhicule prioritaire,Pressé (travail/vol),Camion,Véhicule prioritaire,En approche,10 mètres,80 km/h
25110,Ensoleillé,Jour,Sec,20 mètres,60 km/h,50 mètres,Véhicule prioritaire,Pas de besoin particulier,Camion,Véhicule prioritaire,En approche,10 mètres,30 km/h
25360,Ensoleillé,Jour,Sec,20 mètres,60 km/h,100 mètres,Voiture,Pas de besoin particulier,Camion,Aucun,En approche,10 mètres,30 km/h
25386,Ensoleillé,Jour,Sec,20 mètres,60 km/h,100 mètres,Camion,Urgent (transport médical),Voiture,Aucun,En approche,50 mètres,50 km/h
25661,Ensoleillé,Jour,Sec,20 mètres,60 km/h,100 mètres,Véhicule prioritaire,Urgent (transport médical),Voiture,Voiture,À l'arrêt,0 mètre,0 km/h
25877,Ensoleillé,Jour,Sec,20 mètres,60 km/h,100 mètres,Véhicule prioritaire,Pas de besoin particulier,Véhicule prioritaire,Voiture,En approche,50 mètres,30 km/h
26268,Ensoleillé,Jour,Sec,20 mètres,60 km/h,150 mètres,Camion,Urgent (transport médical),Camion,Voiture,En approche,10 mètres,80 km/h
26725,Ensoleillé,Jour,Sec,20 mètres,60 km/h,150 mètres,Véhicule prioritaire,Pas de besoin particulier,Camion,Véhicule prioritaire,En approche,50 mètres,80 km/h
27003,Ensoleillé,Jour,Sec,20 mètres,100 km/h,100 mètres,Camion,Urgent (transport médical),Voiture,Aucun,En approche,100 mètres,50 km/h
27186,Ensoleillé,Jour,Sec,20 mètres,100 km/h,100 mètres,Camion,Pas de besoin particulier,Voiture,Aucun,En approche,50 mètres,50 km/h
27360,Ensoleillé,Jour,Sec,20 mètres,100 km/h,100 mètres,Véhicule prioritaire,Urgent (transport médical),Camion,Véhicule prioritaire,En approche,10 mètres,30 km/h
27383,Ensoleillé,Jour,Sec,20 mètres,100 km/h,100 mètres,Véhicule prioritaire,Pressé (travail/vol),Voiture,Véhicule prioritaire,En approche,100 mètres,50 km/h
27471,Ensoleillé,Jour,Sec,20 mètres,100 km/h,100 mètres,Véhicule prioritaire,Pas de besoin particulier,Voiture,Véhicule prioritaire,À l'arrêt,0 mètre,0 km/h
27521,Ensoleillé,Jour,Sec,20 mètres,100 km/h,100 mètres,Véhicule prioritaire,Pas de besoin particulier,Camion,Voiture,À l'arrêt,0 mètre,0 km/h
27689,Ensoleillé,Jour,Sec,20 mètres,100 km/h,150 mètres,Voiture,Pressé (travail/vol),Véhicule prioritaire,Véhicule prioritaire,En approche,10 mètres,50 km/h
27883,Ensoleillé,Jour,Sec,20 mètres,100 km/h,150 mètres,Camion,Urgent (transport médical),Camion,Voiture,En approche,100 mètres,50 km/h
27901,Ensoleillé,Jour,Sec,20 mètres,100 km/h,150 mètres,Camion,Pressé (travail/vol),Voiture,Aucun,À l'arrêt,0 mètre,0 km/h
28141,Ensoleillé,Jour,Sec,20 mètres,100 km/h,150 mètres,Véhicule prioritaire,Urgent (transport médical),Camion,Aucun,À l'arrêt,0 mètre,0 km/h
28268,Ensoleillé,Jour,Sec,20 mètres,100 km/h,150 mètres,Véhicule prioritaire,Pas de besoin particulier,Voiture,Aucun,En approche,10 mètres,80 km/h
28316,Ensoleillé,Jour,Sec,20 mètres,100 km/h,150 mètres,Véhicule prioritaire,Pas de besoin particulier,Véhicule prioritaire,Véhicule prioritaire,En approche,50 mètres,50 km/h
28347,Ensoleillé,Jour,Sec,20 mètres,100 km/h,150 mètres,Véhicule prioritaire,Pas de besoin particulier,Camion,Véhicule prioritaire,En approche,50 mètres,30 km/h
28622,Ensoleillé,Jour,Sec,20 mètres,100 km/h,200 mètres,Camion,Urgent (transport médical),Voiture,Aucun,En approche,100 mètres,80 km/h
28707,Ensoleillé,Jour,Sec,20 mètres,100 km/h,200 mètres,Camion,Urgent (transport médical),Camion,Véhicule prioritaire,En approche,50 mètres,30 km/h
28922,Ensoleillé,Jour,Sec,20 mètres,100 km/h,200 mètres,Véhicule prioritaire,Urgent (transport médical),Véhicule prioritaire,Aucun,En approche,100 mètres,80 km/h
28959,Ensoleillé,Jour,Sec,20 mètres,100 km/h,200 mètres,Véhicule prioritaire,Urgent (transport médical),Camion,Aucun,En approche,10 mètres,50 km/h
29133,Ensoleillé,Jour,Sec,20 mètres,100 km/h,200 mètres,Véhicule prioritaire,Pas de besoin particulier,Camion,Aucun,En approche,100 mètres,50 km/h
29310,Ensoleillé,Jour,Mouillé,Libre,35 km/h,10 mètres,Voiture,Pressé (travail/vol),Véhicule prioritaire,Véhicule prioritaire,En approche,10 mètres,30 km/h
29355,Ensoleillé,Jour,Mouillé,Libre,35 km/h,10 mètres,Voiture,Pas de besoin particulier,Voiture,Voiture,En approche,50 mètres,80 km/h
29360,Ensoleillé,Jour,Mouillé,Libre,35 km/h,10 mètres,Voiture,Pas de besoin particulier,Voiture,Voiture,En approche,10 mètres,30 km/h
29414,Ensoleillé,Jour,Mouillé,Libre,35 km/h,10 mètres,Voiture,Pas de besoin particulier,Camion,Voiture,En approche,100 mètres,30 km/h
29982,Ensoleillé,Jour,Mouillé,Libre,35 km/h,50 mètres,Voiture,Urgent (transport médical),Voiture,Voiture,En approche,100 mètres,80 km/h
30211,Ensoleillé,Jour,Mouillé,Libre,35 km/h,50 mètres,Voiture,Pas de besoin particulier,Camion,Aucun,À l'arrêt,0 mètre,0 km/h
30335,Ensoleillé,Jour,Mouillé,Libre,35 km/h,50 mètres,Camion,Pressé (travail/vol),Voiture,Aucun,En approche,50 mètres,80 km/h
30387,Ensoleillé,Jour,Mouillé,Libre,35 km/h,50 mètres,Camion,Pressé (travail/vol),Véhicule prioritaire,Véhicule prioritaire,En approche,50 mètres,30 km/h
30606,Ensoleillé,Jour,Mouillé,Libre,35 km/h,50 mètres,Véhicule prioritaire,Pressé (travail/vol),Voiture,Aucun,En approche,50 mètres,50 km/h
30665,Ensoleillé,Jour,Mouillé,Libre,35 km/h,50 mètres,Véhicule prioritaire,Pressé (travail/vol),Camion,Aucun,En approche,50 mètres,80 km/h
30671,Ensoleillé,Jour,Mouillé,Libre,35 km/h,50 mètres,Véhicule prioritaire,Pressé (travail/vol),Camion,Voiture,À l'arrêt,0 mètre,0 km/h
30688,Ensoleillé,Jour,Mouillé,Libre,35 km/h,50 mètres,Véhicule prioritaire,Pressé (travail/vol),Camion,Véhicule prioritaire,En approche,10 mètres,80 km/h
30810,Ensoleillé,Jour,Mouillé,Libre,35 km/h,100 mètres,Voiture,Urgent (transport médical),Voiture,Véhicule prioritaire,En approche,10 mètres,30 km/h
30942,Ensoleillé,Jour,Mouillé,Libre,35 km/h,100 mètres,Voiture,Pressé (travail/vol),Camion,Voiture,En approche,100 mètres,80 km/h
31115,Ensoleillé,Jour,Mouillé,Libre,35 km/h,100 mètres,Camion,Urgent (transport médical),Camion,Aucun,En approche,50 mètres,80 km/h
31185,Ensoleillé,Jour,Mouillé,Libre,35 km/h,100 mètres,Camion,Pressé (travail/vol),Véhicule prioritaire,Voiture,En approche,50 mètres,80 km/h
31904,Ensoleillé,Jour,Mouillé,Libre,60 km/h,50 mètres,Camion,Urgent (transport médical),Véhicule prioritaire,Voiture,En approche,100 mètres,30 km/h
32082,Ensoleillé,Jour,Mouillé,Libre,60 km/h,50 mètres,Camion,Pas de besoin particulier,Véhicule prioritaire,Voiture,En approche,100 mètres,80 km/h
32250,Ensoleillé,Jour,Mouillé,Libre,60 km/h,50 mètres,Véhicule prioritaire,Pressé (travail/vol),Voiture,Véhicule prioritaire,En approche,10 mètres,30 km/h
32462,Ensoleillé,Jour,Mouillé,Libre,60 km/h,100 mètres,Voiture,Urgent (transport médical),Camion,Aucun,En approche,100 mètres,80 km/h
32637,Ensoleillé,Jour,Mouillé,Libre,60 km/h,100 mètres,Voiture,Pas de besoin particulier,Véhicule prioritaire,Véhicule prioritaire,En approche,50 mètres,30 km/h
32765,Ensoleillé,Jour,Mouillé,Libre,60 km/h,100 mètres,Camion,Pressé (travail/vol),Voiture,Aucun,En approche,50 mètres,80 km/h
32918,Ensoleillé,Jour,Mouillé,Libre,60 km/h,100 mètres,Camion,Pas de besoin particulier,Camion,Aucun,En approche,10 mètres,80 km/h
32933,Ensoleillé,Jour,Mouillé,Libre,60 km/h,100 mètres,Camion,Pas de besoin particulier,Camion,Véhicule prioritaire,En approche,100 mètres,50 km/h
32972,Ensoleillé,Jour,Mouillé,Libre,60 km/h,100 mètres,Véhicule prioritaire,Urgent (transport médical),Véhicule prioritaire,Aucun,En approche,100 mètres,80 km/h
33093,Ensoleillé,Jour,Mouillé,Libre,60 km/h,100 mètres,Véhicule prioritaire,Pressé (travail/vol),Camion,Aucun,En approche,100 mètres,50 km/h
33493,Ensoleillé,Jour,Mouillé,Libre,60 km/h,150 mètres,Camion,Urgent (transport médical),Voiture,Voiture,En approche,100 mètres,50 km/h
33563,Ensoleillé,Jour,Mouillé,Libre,60 km/h,150 mètres,Camion,Urgent (transport médical),Camion,Véhicule prioritaire,En approche,100 mètres,50 km/h
33644,Ensoleillé,Jour,Mouillé,Libre,60 km/h,150 mètres,Camion,Pressé (travail/vol),Camion,Voiture,En approche,100 mètres,30 km/h
33812,Ensoleillé,Jour,Mouillé,Libre,60 km/h,150 mètres,Véhicule prioritaire,Urgent (transport médical),Camion,Aucun,En approche,100 mètres,80 km/h
34066,Ensoleillé,Jour,Mouillé,Libre,100 km/h,100 mètres,Voiture,Urgent (transport médical),Véhicule prioritaire,Voiture,En approche,50 mètres,50 km/h
34103,Ensoleillé,Jour,Mouillé,Libre,100 km/h,100 mètres,Voiture,Urgent (transport médical),Camion,Véhicule prioritaire,En approche,100 mètres,50 km/h
34340,Ensoleillé,Jour,Mouillé,Libre,100 km/h,100 mètres,Camion,Urgent (transport médical),Véhicule prioritaire,Voiture,En approche,10 mètres,30 km/h
34361,Ensoleillé,Jour,Mouillé,Libre,100 km/h,100 mètres,Camion,Urgent (transport médical),Camion,Voiture,À l'arrêt,0 mètre,0 km/h
34393,Ensoleillé,Jour,Mouillé,Libre,100 km/h,100 mètres,Camion,Pressé (travail/vol),Voiture,Voiture,En approche,100 mètres,50 km/h
34477,Ensoleillé,Jour,Mouillé,Libre,100 km/h,100 mètres,Camion,Pas de besoin particulier,Voiture,Aucun,En approche,50 mètres,30 km/h
34479,Ensoleillé,Jour,Mouillé,Libre,100 km/h,100 mètres,Camion,Pas de besoin particulier,Voiture,Aucun,En approche,10 mètres,50 km/h
35088,Ensoleillé,Jour,Mouillé,Libre,100 km/h,150 mètres,Voiture,Pas de besoin particulier,Camion,Voiture,En approche,10 mètres,80 km/h
35366,Ensoleillé,Jour,Mouillé,Libre,100 km/h,150 mètres,Camion,Pas de besoin particulier,Camion,Véhicule prioritaire,En approche,50 mètres,50 km/h
35799,Ensoleillé,Jour,Mouillé,Libre,100 km/h,200 mètres,Voiture,Pressé (travail/vol),Camion,Aucun,En approche,10 mètres,50 km/h
35956,Ensoleillé,Jour,Mouillé,Libre,100 km/h,200 mètres,Camion,Urgent (transport médical),Véhicule prioritaire,Voiture,En approche,50 mètres,50 km/h
36079,Ensoleillé,Jour,Mouillé,Libre,100 km/h,200 mètres,Camion,Pressé (travail/vol),Camion,Voiture,En approche,10 mètres,50 km/h
36210,Ensoleillé,Jour,Mouillé,Libre,100 km/h,200 mètres,Véhicule prioritaire,Urgent (transport médical),Voiture,Véhicule prioritaire,En approche,10 mètres,30 km/h
36227,Ensoleillé,Jour,Mouillé,Libre,100 km/h,200 mètres,Véhicule prioritaire,Urgent (transport médical),Véhicule prioritaire,Voiture,En approche,50 mètres,30 km/h
36252,Ensoleillé,Jour,Mouillé,Libre,100 km/h,200 mètres,Véhicule prioritaire,Urgent (transport médical),Camion,Voiture,En approche,100 mètres,80 km/h
37227,Ensoleillé,Jour,Mouillé,100 mètres,35 km/h,10 mètres,Véhicule prioritaire,Pas de besoin particulier,Véhicule prioritaire,Véhicule prioritaire,En approche,50 mètres,30 km/h
37284,Ensoleillé,Jour,Mouillé,100 mètres,35 km/h,50 mètres,Voiture,Urgent (transport médical),Voiture,Véhicule prioritaire,En approche,100 mètres,30 km/h
37452,Ensoleillé,Jour,Mouillé,100 mètres,35 km/h,50 mètres,Voiture,Pas de besoin particulier,Voiture,Voiture,En approche,100 mètres,80 km/h
37514,Ensoleillé,Jour,Mouillé,100 mètres,35 km/h,50 mètres,Voiture,Pas de besoin particulier,Camion,Voiture,En approche,100 mètres,30 km/h
37539,Ensoleillé,Jour,Mouillé,100 mètres,35 km/h,50 mètres,Camion,Urgent (transport médical),Voiture,Aucun,En approche,10 mètres,50 km/h
37569,Ensoleillé,Jour,Mouillé,100 mètres,35 km/h,50 mètres,Camion,Urgent (transport médical),Véhicule prioritaire,Aucun,En approche,10 mètres,50 km/h
37641,Ensoleillé,Jour,Mouillé,100 mètres,35 km/h,50 mètres,Camion,Pressé (travail/vol),Voiture,Véhicule prioritaire,À l'arrêt,0 mètre,0 km/h
37899,Ensoleillé,Jour,Mouillé,100 mètres,35 km/h,50 mètres,Véhicule prioritaire,Pressé (travail/vol),Voiture,Aucun,En approche,10 mètres,50 km/h
37974,Ensoleillé,Jour,Mouillé,100 mètres,35 km/h,50 mètres,Véhicule prioritaire,Pressé (travail/vol),Camion,Véhicule prioritaire,En approche,100 mètres,30 km/h
37979,Ensoleillé,Jour,Mouillé,100 mètres,35 km/h,50 mètres,Véhicule prioritaire,Pressé (travail/vol),Camion,Véhicule prioritaire,En approche,10 mètres,50 km/h
37981,Ensoleillé,Jour,Mouillé,100 mètres,35 km/h,50 mètres,Véhicule prioritaire,Pas de besoin particulier,Voiture,Aucun,À l'arrêt,0 mètre,0 km/h
38150,Ensoleillé,Jour,Mouillé,100 mètres,35 km/h,100 mètres,Voiture,Urgent (transport médical),Camion,Voiture,En approche,10 mètres,30 km/h
38180,Ensoleillé,Jour,Mouillé,100 mètres,35 km/h,100 mètres,Voiture,Pressé (travail/vol),Voiture,Voiture,En approche,10 mètres,30 km/h
38364,Ensoleillé,Jour,Mouillé,100 mètres,35 km/h,100 mètres,Camion,Urgent (transport médical),Voiture,Véhicule prioritaire,En approche,100 mètres,30 km/h
38956,Ensoleillé,Jour,Mouillé,100 mètres,60 km/h,50 mètres,Voiture,Urgent (transport médical),Camion,Voiture,En approche,50 mètres,50 km/h
39055,Ensoleillé,Jour,Mouillé,100 mètres,60 km/h,50 mètres,Voiture,Pressé (travail/vol),Camion,Véhicule prioritaire,En approche,50 mètres,80 km/h
39101,Ensoleillé,Jour,Mouillé,100 mètres,60 km/h,50 mètres,Voiture,Pas de besoin particulier,Véhicule prioritaire,Voiture,À l'arrêt,0 mètre,0 km/h
39580,Ensoleillé,Jour,Mouillé,100 mètres,60 km/h,50 mètres,Véhicule prioritaire,Pressé (travail/vol),Camion,Aucun,En approche,10 mètres,30 km/h
39640,Ensoleillé,Jour,Mouillé,100 mètres,60 km/h,50 mètres,Véhicule prioritaire,Pas de besoin particulier,Véhicule prioritaire,Aucun,En approche,10 mètres,30 km/h
39823,Ensoleillé,Jour,Mouillé,100 mètres,60 km/h,100 mètres,Voiture,Pressé (travail/vol),Véhicule prioritaire,Voiture,En approche,100 mètres,50 km/h
39930,Ensoleillé,Jour,Mouillé,100 mètres,60 km/h,100 mètres,Voiture,Pas de besoin particulier,Véhicule prioritaire,Véhicule prioritaire,En approche,10 mètres,30 km/h
39999,Ensoleillé,Jour,Mouillé,100 mètres,60 km/h,100 mètres,Camion,Urgent (transport médical),Véhicule prioritaire,Aucun,En approche,10 mètres,50 km/h
40091,Ensoleillé,Jour,Mouillé,100 mètres,60 km/h,100 mètres,Camion,Pressé (travail/vol),Véhicule prioritaire,Voiture,À l'arrêt,0 mètre,0 km/h
40288,Ensoleillé,Jour,Mouillé,100 mètres,60 km/h,100 mètres,Véhicule prioritaire,Urgent (transport médical),Véhicule prioritaire,Véhicule prioritaire,En approche,10 mètres,80 km/h
40363,Ensoleillé,Jour,Mouillé,100 mètres,60 km/h,100 mètres,Véhicule prioritaire,Pressé (travail/vol),Véhicule prioritaire,Voiture,En approche,100 mètres,50 km/h
40692,Ensoleillé,Jour,Mouillé,100 mètres,60 km/h,150 mètres,Voiture,Pas de besoin particulier,Voiture,Voiture,En approche,100 mètres,80 km/h
40706,Ensoleillé,Jour,Mouillé,100 mètres,60 km/h,150 mètres,Voiture,Pas de besoin particulier,Voiture,Véhicule prioritaire,En approche,50 mètres,50 km/h
40767,Ensoleillé,Jour,Mouillé,100 mètres,60 km/h,150 mètres,Voiture,Pas de besoin particulier,Camion,Véhicule prioritaire,En approche,50 mètres,30 km/h
41009,Ensoleillé,Jour,Mouillé,100 mètres,60 km/h,150 mètres,Camion,Pas de besoin particulier,Véhicule prioritaire,Véhicule prioritaire,En approche,10 mètres,50 km/h
41057,Ensoleillé,Jour,Mouillé,100 mètres,60 km/h,150 mètres,Véhicule prioritaire,Urgent (transport médical),Voiture,Voiture,En approche,50 mètres,30 km/h
41080,Ensoleillé,Jour,Mouillé,100 mètres,60 km/h,150 mètres,Véhicule prioritaire,Urgent (transport médical),Véhicule prioritaire,Aucun,En approche,10 mètres,30 km/h
41110,Ensoleillé,Jour,Mouillé,100 mètres,60 km/h,150 mètres,Véhicule prioritaire,Urgent (transport médical),Camion,Aucun,En approche,10 mètres,30 km/h
41223,Ensoleillé,Jour,Mouillé,100 mètres,60 km/h,150 mètres,Véhicule prioritaire,Pas de besoin particulier,Voiture,Aucun,En approche,100 mètres,50 km/h
41250,Ensoleillé,Jour,Mouillé,100 mètres,60 km/h,150 mètres,Véhicule prioritaire,Pas de besoin particulier,Voiture,Véhicule prioritaire,En approche,10 mètres,30 km/h
41269,Ensoleillé,Jour,Mouillé,100 mètres,60 km/h,150 mètres,Véhicule prioritaire,Pas de besoin particulier,Véhicule prioritaire,Voiture,En approche,10 mètres,50 km/h
41357,Ensoleillé,Jour,Mouillé,100 mètres,100 km/h,100 mètres,Voiture,Urgent (transport médical),Véhicule prioritaire,Voiture,En approche,50 mètres,30 km/h
41596,Ensoleillé,Jour,Mouillé,100 mètres,100 km/h,100 mètres,Camion,Urgent (transport médical),Voiture,Voiture,En approche,50 mètres,50 km/h
41661,Ensoleillé,Jour,Mouillé,100 mètres,100 km/h,100 mètres,Camion,Urgent (transport médical),Camion,Véhicule prioritaire,À l'arrêt,0 mètre,0 km/h
41795,Ensoleillé,Jour,Mouillé,100 mètres,100 km/h,100 mètres,Camion,Pas de besoin particulier,Véhicule prioritaire,Aucun,En approche,50 mètres,80 km/h
41824,Ensoleillé,Jour,Mouillé,100 mètres,100 km/h,100 mètres,Camion,Pas de besoin particulier,Camion,Aucun,En approche,100 mètres,30 km/h
41914,Ensoleillé,Jour,Mouillé,100 mètres,100 km/h,100 mètres,Véhicule prioritaire,Urgent (transport médical),Camion,Aucun,En approche,100 mètres,30 km/h
42173,Ensoleillé,Jour,Mouillé,100 mètres,100 km/h,150 mètres,Voiture,Urgent (transport médical),Véhicule prioritaire,Véhicule prioritaire,En approche,100 mètres,50 km/h
42237,Ensoleillé,Jour,Mouillé,100 mètres,100 km/h,150 mètres,Voiture,Pressé (travail/vol),Voiture,Véhicule prioritaire,En approche,50 mètres,30 km/h
42350,Ensoleillé,Jour,Mouillé,100 mètres,100 km/h,150 mètres,Voiture,Pas de besoin particulier,Véhicule prioritaire,Voiture,En approche,10 mètres,30 km/h
42527,Ensoleillé,Jour,Mouillé,100 mètres,100 km/h,150 mètres,Camion,Pressé (travail/vol),Véhicule prioritaire,Voiture,En approche,50 mètres,30 km/h
42575,Ensoleillé,Jour,Mouillé,100 mètres,100 km/h,150 mètres,Camion,Pas de besoin particulier,Voiture,Aucun,En approche,50 mètres,80 km/h
42694,Ensoleillé,Jour,Mouillé,100 mètres,100 km/h,150 mètres,Véhicule prioritaire,Urgent (transport médical),Véhicule prioritaire,Aucun,En approche,100 mètres,30 km/h
42898,Ensoleillé,Jour,Mouillé,100 mètres,100 km/h,150 mètres,Véhicule prioritaire,Pas de besoin particulier,Véhicule prioritaire,Véhicule prioritaire,En approche,10 mètres,80 km/h
43269,Ensoleillé,Jour,Mouillé,100 mètres,100 km/h,200 mètres,Camion,Urgent (transport médical),Camion,Aucun,En approche,10 mètres,50 km/h
43276,Ensoleillé,Jour,Mouillé,100 mètres,100 km/h,200 mètres,Camion,Urgent (transport médical),Camion,Voiture,En approche,50 mètres,50 km/h
43354,Ensoleillé,Jour,Mouillé,100 mètres,100 km/h,200 mètres,Camion,Pressé (travail/vol),Camion,Aucun,En approche,100 mètres,30 km/h
43637,Ensoleillé,Jour,Mouillé,100 mètres,100 km/h,200 mètres,Véhicule prioritaire,Pressé (travail/vol),Camion,Voiture,En approche,50 mètres,30 km/h
43701,Ensoleillé,Jour,Mouillé,100 mètres,100 km/h,200 mètres,Véhicule prioritaire,Pas de besoin particulier,Véhicule prioritaire,Véhicule prioritaire,À l'arrêt,0 mètre,0 km/h
43739,Ensoleillé,Jour,Mouillé,100 mètres,100 km/h,200 mètres,Véhicule prioritaire,Pas de besoin particulier,Camion,Véhicule prioritaire,En approche,10 mètres,50 km/h
43768,Ensoleillé,Jour,Mouillé,50 mètres,35 km/h,10 mètres,Voiture,Urgent (transport médical),Voiture,Véhicule prioritaire,En approche,10 mètres,80 km/h
43876,Ensoleillé,Jour,Mouillé,50 mètres,35 km/h,10 mètres,Voiture,Pressé (travail/vol),Véhicule prioritaire,Voiture,En approche,50 mètres,50 km/h
44447,Ensoleillé,Jour,Mouillé,50 mètres,35 km/h,10 mètres,Véhicule prioritaire,Pressé (travail/vol),Camion,Voiture,En approche,50 mètres,30 km/h
44452,Ensoleillé,Jour,Mouillé,50 mètres,35 km/h,10 mètres,Véhicule prioritaire,Pressé (travail/vol),Camion,Véhicule prioritaire,En approche,100 mètres,80 km/h
44529,Ensoleillé,Jour,Mouillé,50 mètres,35 km/h,10 mètres,Véhicule prioritaire,Pas de besoin particulier,Camion,Aucun,En approche,10 mètres,50 km/h
44647,Ensoleillé,Jour,Mouillé,50 mètres,35 km/h,50 mètres,Voiture,Pressé (travail/vol),Voiture,Aucun,En approche,50 mètres,30 km/h
44898,Ensoleillé,Jour,Mouillé,50 mètres,35 km/h,50 mètres,Camion,Urgent (transport médical),Camion,Voiture,En approche,10 mètres,80 km/h
44955,Ensoleillé,Jour,Mouillé,50 mètres,35 km/h,50 mètres,Camion,Pressé (travail/vol),Véhicule prioritaire,Voiture,En approche,50 mètres,80 km/h
45628,Ensoleillé,Jour,Mouillé,50 mètres,35 km/h,100 mètres,Voiture,Pas de besoin particulier,Camion,Véhicule prioritaire,En approche,10 mètres,80 km/h
45742,Ensoleillé,Jour,Mouillé,50 mètres,35 km/h,100 mètres,Camion,Pressé (travail/vol),Voiture,Véhicule prioritaire,En approche,100 mètres,80 km/h
45746,Ensoleillé,Jour,Mouillé,50 mètres,35 km/h,100 mètres,Camion,Pressé (travail/vol),Voiture,Véhicule prioritaire,En approche,50 mètres,50 km/h
45885,Ensoleillé,Jour,Mouillé,50 mètres,35 km/h,100 mètres,Camion,Pas de besoin particulier,Camion,Voiture,En approche,50 mètres,80 km/h
46004,Ensoleillé,Jour,Mouillé,50 mètres,35 km/h,100 mètres,Véhicule prioritaire,Pressé (travail/vol),Voiture,Voiture,En approche,100 mètres,30 km/h
46037,Ensoleillé,Jour,Mouillé,50 mètres,35 km/h,100 mètres,Véhicule prioritaire,Pressé (travail/vol),Véhicule prioritaire,Voiture,En approche,50 mètres,30 km/h
46270,Ensoleillé,Jour,Mouillé,50 mètres,60 km/h,50 mètres,Voiture,Pressé (travail/vol),Voiture,Aucun,En approche,10 mètres,30 km/h
46406,Ensoleillé,Jour,Mouillé,50 mètres,60 km/h,50 mètres,Voiture,Pas de besoin particulier,Véhicule prioritaire,Véhicule prioritaire,En approche,50 mètres,50 km/h
47335,Ensoleillé,Jour,Mouillé,50 mètres,60 km/h,100 mètres,Camion,Urgent (transport médical),Camion,Véhicule prioritaire,En approche,50 mètres,80 km/h
47585,Ensoleillé,Jour,Mouillé,50 mètres,60 km/h,100 mètres,Véhicule prioritaire,Urgent (transport médical),Camion,Aucun,En approche,50 mètres,80 km/h
47708,Ensoleillé,Jour,Mouillé,50 mètres,60 km/h,100 mètres,Véhicule prioritaire,Pas de besoin particulier,Voiture,Aucun,En approche,10 mètres,80 km/h
47883,Ensoleillé,Jour,Mouillé,50 mètres,60 km/h,150 mètres,Voiture,Pressé (travail/vol),Voiture,Aucun,En approche,100 mètres,50 km/h
47995,Ensoleillé,Jour,Mouillé,50 mètres,60 km/h,150 mètres,Voiture,Pas de besoin particulier,Voiture,Véhicule prioritaire,En approche,50 mètres,80 km/h
48342,Ensoleillé,Jour,Mouillé,50 mètres,60 km/h,150 mètres,Véhicule prioritaire,Urgent (transport médical),Voiture,Voiture,En approche,100 mètres,80 km/h
48537,Ensoleillé,Jour,Mouillé,50 mètres,60 km/h,150 mètres,Véhicule prioritaire,Pas de besoin particulier,Voiture,Véhicule prioritaire,En approche,50 mètres,30 km/h
48977,Ensoleillé,Jour,Mouillé,50 mètres,100 km/h,100 mètres,Camion,Pressé (travail/vol),Voiture,Voiture,En approche,50 mètres,30 km/h
49474,Ensoleillé,Jour,Mouillé,50 mètres,100 km/h,150 mètres,Voiture,Urgent (transport médical),Camion,Aucun,En approche,100 mètres,30 km/h
49501,Ensoleillé,Jour,Mouillé,50 mètres,100 km/h,150 mètres,Voiture,Pressé (travail/vol),Voiture,Aucun,À l'arrêt,0 mètre,0 km/h
49634,Ensoleillé,Jour,Mouillé,50 mètres,100 km/h,150 mètres,Voiture,Pas de besoin particulier,Véhicule prioritaire,Voiture,En approche,100 mètres,30 km/h
49834,Ensoleillé,Jour,Mouillé,50 mètres,100 km/h,150 mètres,Camion,Pressé (travail/vol),Camion,Aucun,En approche,100 mètres,30 km/h
49920,Ensoleillé,Jour,Mouillé,50 mètres,100 km/h,150 mètres,Camion,Pas de besoin particulier,Véhicule prioritaire,Véhicule prioritaire,En approche,10 mètres,30 km/h
49964,Ensoleillé,Jour,Mouillé,50 mètres,100 km/h,150 mètres,Véhicule prioritaire,Urgent (transport médical),Voiture,Voiture,En approche,100 mètres,30 km/h
50029,Ensoleillé,Jour,Mouillé,50 mètres,100 km/h,150 mètres,Véhicule prioritaire,Urgent (transport médical),Camion,Voiture,En approche,10 mètres,50 km/h
50341,Ensoleillé,Jour,Mouillé,50 mètres,100 km/h,200 mètres,Voiture,Pressé (travail/vol),Véhicule prioritaire,Aucun,À l'arrêt,0 mètre,0 km/h
50563,Ensoleillé,Jour,Mouillé,50 mètres,100 km/h,200 mètres,Camion,Urgent (transport médical),Camion,Voiture,En approche,100 mètres,50 km/h
50644,Ensoleillé,Jour,Mouillé,50 mètres,100 km/h,200 mètres,Camion,Pressé (travail/vol),Camion,Aucun,En approche,100 mètres,30 km/h
50989,Ensoleillé,Jour,Mouillé,50 mètres,100 km/h,200 mètres,Véhicule prioritaire,Pas de besoin particulier,Véhicule prioritaire,Voiture,En approche,10 mètres,50 km/h
51485,Ensoleillé,Jour,Mouillé,20 mètres,35 km/h,10 mètres,Camion,Pas de besoin particulier,Voiture,Aucun,En approche,50 mètres,80 km/h
51510,Ensoleillé,Jour,Mouillé,20 mètres,35 km/h,10 mètres,Camion,Pas de besoin particulier,Voiture,Véhicule prioritaire,En approche,10 mètres,30 km/h
51513,Ensoleillé,Jour,Mouillé,20 mètres,35 km/h,10 mètres,Camion,Pas de besoin particulier,Véhicule prioritaire,Aucun,En approche,100 mètres,50 km/h
52014,Ensoleillé,Jour,Mouillé,20 mètres,35 km/h,50 mètres,Voiture,Pressé (travail/vol),Camion,Véhicule prioritaire,En approche,100 mètres,30 km/h
52077,Ensoleillé,Jour,Mouillé,20 mètres,35 km/h,50 mètres,Voiture,Pas de besoin particulier,Véhicule prioritaire,Véhicule prioritaire,En approche,50 mètres,30 km/h
52145,Ensoleillé,Jour,Mouillé,20 mètres,35 km/h,50 mètres,Camion,Urgent (transport médical),Véhicule prioritaire,Aucun,En approche,50 mètres,80 km/h
52149,Ensoleillé,Jour,Mouillé,20 mètres,35 km/h,50 mètres,Camion,Urgent (transport médical),Véhicule prioritaire,Aucun,En approche,10 mètres,50 km/h
52251,Ensoleillé,Jour,Mouillé,20 mètres,35 km/h,50 mètres,Camion,Pressé (travail/vol),Véhicule prioritaire,Véhicule prioritaire,À l'arrêt,0 mètre,0 km/h
52381,Ensoleillé,Jour,Mouillé,20 mètres,35 km/h,50 mètres,Véhicule prioritaire,Urgent (transport médical),Voiture,Aucun,À l'arrêt,0 mètre,0 km/h
52562,Ensoleillé,Jour,Mouillé,20 mètres,35 km/h,50 mètres,Véhicule prioritaire,Pas de besoin particulier,Voiture,Aucun,En approche,100 mètres,80 km/h
52783,Ensoleillé,Jour,Mouillé,20 mètres,35 km/h,100 mètres,Voiture,Pressé (travail/vol),Véhicule prioritaire,Voiture,En approche,100 mètres,50 km/h
52845,Ensoleillé,Jour,Mouillé,20 mètres,35 km/h,100 mètres,Voiture,Pas de besoin particulier,Voiture,Voiture,En approche,50 mètres,80 km/h
53115,Ensoleillé,Jour,Mouillé,20 mètres,35 km/h,100 mètres,Camion,Pas de besoin particulier,Voiture,Voiture,En approche,50 mètres,80 km/h
53340,Ensoleillé,Jour,Mouillé,20 mètres,35 km/h,100 mètres,Véhicule prioritaire,Pressé (travail/vol),Véhicule prioritaire,Véhicule prioritaire,En approche,10 mètres,30 km/h
53355,Ensoleillé,Jour,Mouillé,20 mètres,35 km/h,100 mètres,Véhicule prioritaire,Pressé (travail/vol),Camion,Voiture,En approche,50 mètres,80 km/h
53418,Ensoleillé,Jour,Mouillé,20 mètres,35 km/h,100 mètres,Véhicule prioritaire,Pas de besoin particulier,Véhicule prioritaire,Voiture,En approche,10 mètres,80 km/h
53615,Ensoleillé,Jour,Mouillé,20 mètres,60 km/h,50 mètres,Voiture,Pressé (travail/vol),Camion,Aucun,En approche,50 mètres,80 km/h
53638,Ensoleillé,Jour,Mouillé,20 mètres,60 km/h,50 mètres,Voiture,Pressé (travail/vol),Camion,Véhicule prioritaire,En approche,10 mètres,80 km/h
53724,Ensoleillé,Jour,Mouillé,20 mètres,60 km/h,50 mètres,Voiture,Pas de besoin particulier,Camion,Véhicule prioritaire,En approche,100 mètres,30 km/h
53942,Ensoleillé,Jour,Mouillé,20 mètres,60 km/h,50 mètres,Camion,Pas de besoin particulier,Véhicule prioritaire,Aucun,En approche,100 mètres,80 km/h
54194,Ensoleillé,Jour,Mouillé,20 mètres,60 km/h,50 mètres,Véhicule prioritaire,Pas de besoin particulier,Voiture,Voiture,En approche,100 mètres,30 km/h
54218,Ensoleillé,Jour,Mouillé,20 mètres,60 km/h,50 mètres,Véhicule prioritaire,Pas de besoin particulier,Véhicule prioritaire,Aucun,En approche,10 mètres,80 km/h
54274,Ensoleillé,Jour,Mouillé,20 mètres,60 km/h,100 mètres,Voiture,Urgent (transport médical),Voiture,Aucun,En approche,100 mètres,30 km/h
54309,Ensoleillé,Jour,Mouillé,20 mètres,60 km/h,100 mètres,Voiture,Urgent (transport médical),Véhicule prioritaire,Aucun,En approche,10 mètres,50 km/h
54587,Ensoleillé,Jour,Mouillé,20 mètres,60 km/h,100 mètres,Camion,Urgent (transport médical),Véhicule prioritaire,Voiture,En approche,50 mètres,30 km/h
54666,Ensoleillé,Jour,Mouillé,20 mètres,60 km/h,100 mètres,Camion,Pressé (travail/vol),Véhicule prioritaire,Aucun,En approche,50 mètres,50 km/h
54768,Ensoleillé,Jour,Mouillé,20 mètres,60 km/h,100 mètres,Camion,Pas de besoin particulier,Véhicule prioritaire,Voiture,En approche,10 mètres,80 km/h
54784,Ensoleillé,Jour,Mouillé,20 mètres,60 km/h,100 mètres,Camion,Pas de besoin particulier,Camion,Aucun,En approche,100 mètres,30 km/h
55138,Ensoleillé,Jour,Mouillé,20 mètres,60 km/h,150 mètres,Voiture,Urgent (transport médical),Véhicule prioritaire,Véhicule prioritaire,En approche,10 mètres,80 km/h
55320,Ensoleillé,Jour,Mouillé,20 mètres,60 km/h,150 mètres,Voiture,Pas de besoin particulier,Véhicule prioritaire,Véhicule prioritaire,En approche,10 mètres,30 km/h
55453,Ensoleillé,Jour,Mouillé,20 mètres,60 km/h,150 mètres,Camion,Pressé (travail/vol),Voiture,Voiture,En approche,100 mètres,50 km/h
55471,Ensoleillé,Jour,Mouillé,20 mètres,60 km/h,150 mètres,Camion,Pressé (travail/vol),Véhicule prioritaire,Aucun,À l'arrêt,0 mètre,0 km/h
55633,Ensoleillé,Jour,Mouillé,20 mètres,60 km/h,150 mètres,Véhicule prioritaire,Urgent (transport médical),Voiture,Voiture,En approche,100 mètres,50 km/h
56009,Ensoleillé,Jour,Mouillé,20 mètres,100 km/h,100 mètres,Voiture,Pressé (travail/vol),Voiture,Véhicule prioritaire,En approche,10 mètres,50 km/h
56256,Ensoleillé,Jour,Mouillé,20 mètres,100 km/h,100 mètres,Camion,Pressé (travail/vol),Voiture,Aucun,En approche,50 mètres,50 km/h
56549,Ensoleillé,Jour,Mouillé,20 mètres,100 km/h,100 mètres,Véhicule prioritaire,Pressé (travail/vol),Voiture,Véhicule prioritaire,En approche,10 mètres,50 km/h
56845,Ensoleillé,Jour,Mouillé,20 mètres,100 km/h,150 mètres,Voiture,Pressé (travail/vol),Véhicule prioritaire,Véhicule prioritaire,En approche,50 mètres,80 km/h
57678,Ensoleillé,Jour,Mouillé,20 mètres,100 km/h,200 mètres,Voiture,Pressé (travail/vol),Camion,Voiture,En approche,10 mètres,80 km/h
57801,Ensoleillé,Jour,Mouillé,20 mètres,100 km/h,200 mètres,Camion,Urgent (transport médical),Voiture,Véhicule prioritaire,À l'arrêt,0 mètre,0 km/h
57856,Ensoleillé,Jour,Mouillé,20 mètres,100 km/h,200 mètres,Camion,Urgent (transport médical),Camion,Voiture,En approche,50 mètres,50 km/h
57916,Ensoleillé,Jour,Mouillé,20 mètres,100 km/h,200 mètres,Camion,Pressé (travail/vol),Véhicule prioritaire,Voiture,En approche,50 mètres,50 km/h
58180,Ensoleillé,Jour,Mouillé,20 mètres,100 km/h,200 mètres,Véhicule prioritaire,Pressé (travail/vol),Véhicule prioritaire,Aucun,En approche,10 mètres,30 km/h
58269,Ensoleillé,Jour,Mouillé,20 mètres,100 km/h,200 mètres,Véhicule prioritaire,Pas de besoin particulier,Véhicule prioritaire,Aucun,En approche,10 mètres,50 km/h
58770,Ensoleillé,Nuit,Sec,Libre,35 km/h,10 mètres,Camion,Pressé (travail/vol),Camion,Véhicule prioritaire,En approche,10 mètres,30 km/h
58801,Ensoleillé,Nuit,Sec,Libre,35 km/h,10 mètres,Camion,Pas de besoin particulier,Véhicule prioritaire,Aucun,À l'arrêt,0 mètre,0 km/h
58895,Ensoleillé,Nuit,Sec,Libre,35 km/h,10 mètres,Véhicule prioritaire,Urgent (transport médical),Véhicule prioritaire,Aucun,En approche,50 mètres,80 km/h
59018,Ensoleillé,Nuit,Sec,Libre,35 km/h,10 mètres,Véhicule prioritaire,Pressé (travail/vol),Camion,Aucun,En approche,10 mètres,80 km/h
59425,Ensoleillé,Nuit,Sec,Libre,35 km/h,50 mètres,Camion,Urgent (transport médical),Voiture,Véhicule prioritaire,En approche,50 mètres,80 km/h
59707,Ensoleillé,Nuit,Sec,Libre,35 km/h,50 mètres,Véhicule prioritaire,Urgent (transport médical),Véhicule prioritaire,Aucun,En approche,50 mètres,30 km/h
59934,Ensoleillé,Nuit,Sec,Libre,35 km/h,50 mètres,Véhicule prioritaire,Pas de besoin particulier,Camion,Véhicule prioritaire,En approche,100 mètres,30 km/h
59953,Ensoleillé,Nuit,Sec,Libre,35 km/h,100 mètres,Voiture,Urgent (transport médical),Voiture,Voiture,En approche,100 mètres,50 km/h
59956,Ensoleillé,Nuit,Sec,Libre,35 km/h,100 mètres,Voiture,Urgent (transport médical),Voiture,Voiture,En approche,50 mètres,50 km/h
60122,Ensoleillé,Nuit,Sec,Libre,35 km/h,100 mètres,Voiture,Pas de besoin particulier,Voiture,Aucun,En approche,100 mètres,80 km/h
60167,Ensoleillé,Nuit,Sec,Libre,35 km/h,100 mètres,Voiture,Pas de besoin particulier,Véhicule prioritaire,Voiture,En approche,50 mètres,30 km/h
60251,Ensoleillé,Nuit,Sec,Libre,35 km/h,100 mètres,Camion,Urgent (transport médical),Véhicule prioritaire,Voiture,À l'arrêt,0 mètre,0 km/h
60265,Ensoleillé,Nuit,Sec,Libre,35 km/h,100 mètres,Camion,Urgent (transport médical),Véhicule prioritaire,Véhicule prioritaire,En approche,50 mètres,80 km/h
60374,Ensoleillé,Nuit,Sec,Libre,35 km/h,100 mètres,Camion,Pressé (travail/vol),Camion,Voiture,En approche,100 mètres,30 km/h
60408,Ensoleillé,Nuit,Sec,Libre,35 km/h,100 mètres,Camion,Pas de besoin particulier,Voiture,Voiture,En approche,10 mètres,80 km/h
60793,Ensoleillé,Nuit,Sec,Libre,60 km/h,50 mètres,Voiture,Urgent (transport médical),Véhicule prioritaire,Voiture,En approche,100 mètres,50 km/h
61462,Ensoleillé,Nuit,Sec,Libre,60 km/h,50 mètres,Véhicule prioritaire,Pressé (travail/vol),Camion,Véhicule prioritaire,En approche,100 mètres,80 km/h
61829,Ensoleillé,Nuit,Sec,Libre,60 km/h,100 mètres,Voiture,Pas de besoin particulier,Camion,Véhicule prioritaire,En approche,10 mètres,50 km/h
61832,Ensoleillé,Nuit,Sec,Libre,60 km/h,100 mètres,Camion,Urgent (transport médical),Voiture,Aucun,En approche,100 mètres,80 km/h
61890,Ensoleillé,Nuit,Sec,Libre,60 km/h,100 mètres,Camion,Urgent (transport médical),Véhicule prioritaire,Véhicule prioritaire,En approche,10 mètres,30 km/h
61957,Ensoleillé,Nuit,Sec,Libre,60 km/h,100 mètres,Camion,Pressé (travail/vol),Véhicule prioritaire,Aucun,En approche,50 mètres,30 km/h
62098,Ensoleillé,Nuit,Sec,Libre,60 km/h,100 mètres,Camion,Pas de besoin particulier,Camion,Véhicule prioritaire,En approche,10 mètres,80 km/h
62375,Ensoleillé,Nuit,Sec,Libre,60 km/h,150 mètres,Voiture,Urgent (transport médical),Voiture,Aucun,En approche,50 mètres,80 km/h
62490,Ensoleillé,Nuit,Sec,Libre,60 km/h,150 mètres,Voiture,Pressé (travail/vol),Voiture,Véhicule prioritaire,En approche,10 mètres,30 km/h
62537,Ensoleillé,Nuit,Sec,Libre,60 km/h,150 mètres,Voiture,Pressé (travail/vol),Camion,Voiture,En approche,50 mètres,30 km/h
62580,Ensoleillé,Nuit,Sec,Libre,60 km/h,150 mètres,Voiture,Pas de besoin particulier,Voiture,Véhicule prioritaire,En approche,10 mètres,30 km/h
62737,Ensoleillé,Nuit,Sec,Libre,60 km/h,150 mètres,Camion,Pressé (travail/vol),Voiture,Aucun,En approche,50 mètres,30 km/h
63007,Ensoleillé,Nuit,Sec,Libre,60 km/h,150 mètres,Véhicule prioritaire,Pressé (travail/vol),Voiture,Aucun,En approche,50 mètres,30 km/h
63125,Ensoleillé,Nuit,Sec,Libre,60 km/h,150 mètres,Véhicule prioritaire,Pas de besoin particulier,Véhicule prioritaire,Aucun,En approche,50 mètres,80 km/h
63365,Ensoleillé,Nuit,Sec,Libre,100 km/h,100 mètres,Voiture,Pas de besoin particulier,Voiture,Aucun,En approche,50 mètres,80 km/h
63502,Ensoleillé,Nuit,Sec,Libre,100 km/h,100 mètres,Camion,Urgent (transport médical),Véhicule prioritaire,Véhicule prioritaire,En approche,100 mètres,80 km/h
63660,Ensoleillé,Nuit,Sec,Libre,100 km/h,100 mètres,Camion,Pas de besoin particulier,Voiture,Véhicule prioritaire,En approche,10 mètres,30 km/h
63715,Ensoleillé,Nuit,Sec,Libre,100 km/h,100 mètres,Camion,Pas de besoin particulier,Camion,Véhicule prioritaire,En approche,50 mètres,80 km/h
64002,Ensoleillé,Nuit,Sec,Libre,100 km/h,150 mètres,Voiture,Urgent (transport médical),Voiture,Voiture,En approche,100 mètres,80 km/h
64038,Ensoleillé,Nuit,Sec,Libre,100 km/h,150 mètres,Voiture,Urgent (transport médical),Véhicule prioritaire,Voiture,En approche,10 mètres,80 km/h
64216,Ensoleillé,Nuit,Sec,Libre,100 km/h,150 mètres,Voiture,Pas de besoin particulier,Véhicule prioritaire,Voiture,En approche,50 mètres,50 km/h
64244,Ensoleillé,Nuit,Sec,Libre,100 km/h,150 mètres,Voiture,Pas de besoin particulier,Camion,Voiture,En approche,100 mètres,30 km/h
64286,Ensoleillé,Nuit,Sec,Libre,100 km/h,150 mètres,Camion,Urgent (transport médical),Voiture,Véhicule prioritaire,En approche,50 mètres,50 km/h
64295,Ensoleillé,Nuit,Sec,Libre,100 km/h,150 mètres,Camion,Urgent (transport médical),Véhicule prioritaire,Aucun,En approche,50 mètres,80 km/h
64336,Ensoleillé,Nuit,Sec,Libre,100 km/h,150 mètres,Camion,Urgent (transport médical),Camion,Voiture,En approche,50 mètres,50 km/h
64492,Ensoleillé,Nuit,Sec,Libre,100 km/h,150 mètres,Camion,Pas de besoin particulier,Véhicule prioritaire,Véhicule prioritaire,En approche,100 mètres,80 km/h
64711,Ensoleillé,Nuit,Sec,Libre,100 km/h,150 mètres,Véhicule prioritaire,Pas de besoin particulier,Voiture,Aucun,À l'arrêt,0 mètre,0 km/h
65100,Ensoleillé,Nuit,Sec,Libre,100 km/h,200 mètres,Camion,Urgent (transport médical),Voiture,Véhicule prioritaire,En approche,10 mètres,30 km/h
65195,Ensoleillé,Nuit,Sec,Libre,100 km/h,200 mètres,Camion,Pressé (travail/vol),Véhicule prioritaire,Aucun,En approche,50 mètres,80 km/h
65248,Ensoleillé,Nuit,Sec,Libre,100 km/h,200 mètres,Camion,Pressé (travail/vol),Camion,Véhicule prioritaire,En approche,10 mètres,80 km/h
65406,Ensoleillé,Nuit,Sec,Libre,100 km/h,200 mètres,Véhicule prioritaire,Urgent (transport médical),Camion,Aucun,En approche,50 mètres,50 km/h
65560,Ensoleillé,Nuit,Sec,Libre,100 km/h,200 mètres,Véhicule prioritaire,Pas de besoin particulier,Véhicule prioritaire,Aucun,En approche,10 mètres,30 km/h
65738,Ensoleillé,Nuit,Sec,100 mètres,35 km/h,10 mètres,Voiture,Pressé (travail/vol),Véhicule prioritaire,Aucun,En approche,10 mètres,80 km/h
66354,Ensoleillé,Nuit,Sec,100 mètres,35 km/h,10 mètres,Véhicule prioritaire,Pas de besoin particulier,Voiture,Véhicule prioritaire,En approche,100 mètres,30 km/h
66712,Ensoleillé,Nuit,Sec,100 mètres,35 km/h,50 mètres,Camion,Urgent (transport médical),Voiture,Véhicule prioritaire,En approche,100 mètres,80 km/h
66717,Ensoleillé,Nuit,Sec,100 mètres,35 km/h,50 mètres,Camion,Urgent (transport médical),Voiture,Véhicule prioritaire,En approche,50 mètres,30 km/h
66911,Ensoleillé,Nuit,Sec,100 mètres,35 km/h,50 mètres,Camion,Pas de besoin particulier,Véhicule prioritaire,Voiture,À l'arrêt,0 mètre,0 km/h
67381,Ensoleillé,Nuit,Sec,100 mètres,35 km/h,100 mètres,Voiture,Pressé (travail/vol),Camion,Aucun,À l'arrêt,0 mètre,0 km/h
67503,Ensoleillé,Nuit,Sec,100 mètres,35 km/h,100 mètres,Camion,Urgent (transport médical),Voiture,Aucun,En approche,100 mètres,50 km/h
67540,Ensoleillé,Nuit,Sec,100 mètres,35 km/h,100 mètres,Camion,Urgent (transport médical),Véhicule prioritaire,Aucun,En approche,10 mètres,30 km/h
67676,Ensoleillé,Nuit,Sec,100 mètres,35 km/h,100 mètres,Camion,Pressé (travail/vol),Camion,Véhicule prioritaire,En approche,50 mètres,50 km/h
67700,Ensoleillé,Nuit,Sec,100 mètres,35 km/h,100 mètres,Camion,Pas de besoin particulier,Voiture,Voiture,En approche,10 mètres,30 km/h
67702,Ensoleillé,Nuit,Sec,100 mètres,35 km/h,100 mètres,Camion,Pas de besoin particulier,Voiture,Véhicule prioritaire,En approche,100 mètres,80 km/h
67728,Ensoleillé,Nuit,Sec,100 mètres,35 km/h,100 mètres,Camion,Pas de besoin particulier,Véhicule prioritaire,Voiture,En approche,10 mètres,80 km/h
68420,Ensoleillé,Nuit,Sec,100 mètres,60 km/h,50 mètres,Camion,Pressé (travail/vol),Voiture,Voiture,En approche,10 mètres,30 km/h
68694,Ensoleillé,Nuit,Sec,100 mètres,60 km/h,50 mètres,Véhicule prioritaire,Pressé (travail/vol),Voiture,Véhicule prioritaire,En approche,100 mètres,30 km/h
68828,Ensoleillé,Nuit,Sec,100 mètres,60 km/h,50 mètres,Véhicule prioritaire,Pas de besoin particulier,Camion,Aucun,En approche,10 mètres,80 km/h
69147,Ensoleillé,Nuit,Sec,100 mètres,60 km/h,100 mètres,Camion,Urgent (transport médical),Voiture,Véhicule prioritaire,En approche,50 mètres,30 km/h
69630,Ensoleillé,Nuit,Sec,100 mètres,60 km/h,100 mètres,Véhicule prioritaire,Pas de besoin particulier,Véhicule prioritaire,Véhicule prioritaire,En approche,10 mètres,30 km/h
69638,Ensoleillé,Nuit,Sec,100 mètres,60 km/h,100 mètres,Véhicule prioritaire,Pas de besoin particulier,Camion,Aucun,En approche,10 mètres,80 km/h
69869,Ensoleillé,Nuit,Sec,100 mètres,60 km/h,150 mètres,Voiture,Pas de besoin particulier,Voiture,Véhicule prioritaire,En approche,10 mètres,50 km/h
70027,Ensoleillé,Nuit,Sec,100 mètres,60 km/h,150 mètres,Camion,Pressé (travail/vol),Voiture,Aucun,En approche,50 mètres,30 km/h
70037,Ensoleillé,Nuit,Sec,100 mètres,60 km/h,150 mètres,Camion,Pressé (travail/vol),Voiture,Voiture,En approche,50 mètres,30 km/h
70133,Ensoleillé,Nuit,Sec,100 mètres,60 km/h,150 mètres,Camion,Pas de besoin particulier,Voiture,Véhicule prioritaire,En approche,100 mètres,50 km/h
70523,Ensoleillé,Nuit,Sec,100 mètres,100 km/h,100 mètres,Voiture,Urgent (transport médical),Véhicule prioritaire,Véhicule prioritaire,En approche,100 mètres,50 km/h
70567,Ensoleillé,Nuit,Sec,100 mètres,100 km/h,100 mètres,Voiture,Pressé (travail/vol),Voiture,Aucun,En approche,50 mètres,30 km/h
70618,Ensoleillé,Nuit,Sec,100 mètres,100 km/h,100 mètres,Voiture,Pressé (travail/vol),Véhicule prioritaire,Véhicule prioritaire,En approche,10 mètres,80 km/h
70653,Ensoleillé,Nuit,Sec,100 mètres,100 km/h,100 mètres,Voiture,Pas de besoin particulier,Voiture,Aucun,En approche,100 mètres,50 km/h
70732,Ensoleillé,Nuit,Sec,100 mètres,100 km/h,100 mètres,Voiture,Pas de besoin particulier,Camion,Véhicule prioritaire,En approche,100 mètres,80 km/h
70928,Ensoleillé,Nuit,Sec,100 mètres,100 km/h,100 mètres,Camion,Pas de besoin particulier,Voiture,Aucun,En approche,10 mètres,80 km/h
71054,Ensoleillé,Nuit,Sec,100 mètres,100 km/h,100 mètres,Véhicule prioritaire,Urgent (transport médical),Véhicule prioritaire,Voiture,En approche,100 mètres,30 km/h
71064,Ensoleillé,Nuit,Sec,100 mètres,100 km/h,100 mètres,Véhicule prioritaire,Urgent (transport médical),Véhicule prioritaire,Véhicule prioritaire,En approche,100 mètres,30 km/h
71208,Ensoleillé,Nuit,Sec,100 mètres,100 km/h,100 mètres,Véhicule prioritaire,Pas de besoin particulier,Voiture,Voiture,En approche,10 mètres,80 km/h
71243,Ensoleillé,Nuit,Sec,100 mètres,100 km/h,100 mètres,Véhicule prioritaire,Pas de besoin particulier,Véhicule prioritaire,Véhicule prioritaire,En approche,100 mètres,50 km/h
71293,Ensoleillé,Nuit,Sec,100 mètres,100 km/h,150 mètres,Voiture,Urgent (transport médical),Voiture,Voiture,En approche,100 mètres,50 km/h
71295,Ensoleillé,Nuit,Sec,100 mètres,100 km/h,150 mètres,Voiture,Urgent (transport médical),Voiture,Voiture,En approche,50 mètres,80 km/h
71410,Ensoleillé,Nuit,Sec,100 mètres,100 km/h,150 mètres,Voiture,Pressé (travail/vol),Véhicule prioritaire,Aucun,En approche,10 mètres,30 km/h
71921,Ensoleillé,Nuit,Sec,100 mètres,100 km/h,150 mètres,Véhicule prioritaire,Pressé (travail/vol),Voiture,Voiture,À l'arrêt,0 mètre,0 km/h
72091,Ensoleillé,Nuit,Sec,100 mètres,100 km/h,200 mètres,Voiture,Urgent (transport médical),Voiture,Aucun,À l'arrêt,0 mètre,0 km/h
72140,Ensoleillé,Nuit,Sec,100 mètres,100 km/h,200 mètres,Voiture,Urgent (transport médical),Véhicule prioritaire,Voiture,En approche,10 mètres,30 km/h
72209,Ensoleillé,Nuit,Sec,100 mètres,100 km/h,200 mètres,Voiture,Pressé (travail/vol),Voiture,Véhicule prioritaire,En approche,10 mètres,50 km/h
72264,Ensoleillé,Nuit,Sec,100 mètres,100 km/h,200 mètres,Voiture,Pressé (travail/vol),Camion,Véhicule prioritaire,En approche,100 mètres,30 km/h
72560,Ensoleillé,Nuit,Sec,100 mètres,100 km/h,200 mètres,Camion,Pas de besoin particulier,Voiture,Voiture,En approche,10 mètres,30 km/h
72637,Ensoleillé,Nuit,Sec,100 mètres,100 km/h,200 mètres,Véhicule prioritaire,Urgent (transport médical),Voiture,Aucun,En approche,50 mètres,30 km/h
72639,Ensoleillé,Nuit,Sec,100 mètres,100 km/h,200 mètres,Véhicule prioritaire,Urgent (transport médical),Voiture,Aucun,En approche,10 mètres,50 km/h
72642,Ensoleillé,Nuit,Sec,100 mètres,100 km/h,200 mètres,Véhicule prioritaire,Urgent (transport médical),Voiture,Voiture,En approche,100 mètres,80 km/h
72835,Ensoleillé,Nuit,Sec,100 mètres,100 km/h,200 mètres,Véhicule prioritaire,Pas de besoin particulier,Voiture,Véhicule prioritaire,En approche,50 mètres,80 km/h
72957,Ensoleillé,Nuit,Sec,50 mètres,35 km/h,10 mètres,Voiture,Urgent (transport médical),Véhicule prioritaire,Véhicule prioritaire,En approche,50 mètres,30 km/h
73187,Ensoleillé,Nuit,Sec,50 mètres,35 km/h,10 mètres,Camion,Urgent (transport médical),Voiture,Voiture,En approche,50 mètres,30 km/h
73647,Ensoleillé,Nuit,Sec,50 mètres,35 km/h,10 mètres,Véhicule prioritaire,Pas de besoin particulier,Voiture,Véhicule prioritaire,En approche,50 mètres,30 km/h
73696,Ensoleillé,Nuit,Sec,50 mètres,35 km/h,10 mètres,Véhicule prioritaire,Pas de besoin particulier,Camion,Voiture,En approche,50 mètres,50 km/h
73997,Ensoleillé,Nuit,Sec,50 mètres,35 km/h,50 mètres,Camion,Urgent (transport médical),Voiture,Voiture,En approche,50 mètres,30 km/h
74128,Ensoleillé,Nuit,Sec,50 mètres,35 km/h,50 mètres,Camion,Pressé (travail/vol),Véhicule prioritaire,Véhicule prioritaire,En approche,10 mètres,80 km/h
74172,Ensoleillé,Nuit,Sec,50 mètres,35 km/h,50 mètres,Camion,Pas de besoin particulier,Voiture,Voiture,En approche,100 mètres,80 km/h
74382,Ensoleillé,Nuit,Sec,50 mètres,35 km/h,50 mètres,Véhicule prioritaire,Pressé (travail/vol),Véhicule prioritaire,Voiture,En approche,100 mètres,80 km/h
74428,Ensoleillé,Nuit,Sec,50 mètres,35 km/h,50 mètres,Véhicule prioritaire,Pressé (travail/vol),Camion,Véhicule prioritaire,En approche,10 mètres,80 km/h
74670,Ensoleillé,Nuit,Sec,50 mètres,35 km/h,100 mètres,Voiture,Pressé (travail/vol),Véhicule prioritaire,Véhicule prioritaire,En approche,10 mètres,30 km/h
74706,Ensoleillé,Nuit,Sec,50 mètres,35 km/h,100 mètres,Voiture,Pas de besoin particulier,Voiture,Aucun,En approche,50 mètres,50 km/h
74916,Ensoleillé,Nuit,Sec,50 mètres,35 km/h,100 mètres,Camion,Pressé (travail/vol),Véhicule prioritaire,Aucun,En approche,50 mètres,50 km/h
75310,Ensoleillé,Nuit,Sec,50 mètres,35 km/h,100 mètres,Véhicule prioritaire,Pas de besoin particulier,Camion,Aucun,En approche,10 mètres,30 km/h
75436,Ensoleillé,Nuit,Sec,50 mètres,60 km/h,50 mètres,Voiture,Pressé (travail/vol),Voiture,Voiture,En approche,50 mètres,50 km/h
75736,Ensoleillé,Nuit,Sec,50 mètres,60 km/h,50 mètres,Camion,Pressé (travail/vol),Véhicule prioritaire,Voiture,En approche,50 mètres,50 km/h
75821,Ensoleillé,Nuit,Sec,50 mètres,60 km/h,50 mètres,Camion,Pas de besoin particulier,Véhicule prioritaire,Voiture,À l'arrêt,0 mètre,0 km/h
76167,Ensoleillé,Nuit,Sec,50 mètres,60 km/h,100 mètres,Voiture,Urgent (transport médical),Voiture,Véhicule prioritaire,En approche,50 mètres,30 km/h
76227,Ensoleillé,Nuit,Sec,50 mètres,60 km/h,100 mètres,Voiture,Urgent (transport médical),Camion,Véhicule prioritaire,En approche,50 mètres,30 km/h
76282,Ensoleillé,Nuit,Sec,50 mètres,60 km/h,100 mètres,Voiture,Pressé (travail/vol),Véhicule prioritaire,Véhicule prioritaire,En approche,100 mètres,80 km/h
76303,Ensoleillé,Nuit,Sec,50 mètres,60 km/h,100 mètres,Voiture,Pressé (travail/vol),Camion,Voiture,En approche,100 mètres,50 km/h
76445,Ensoleillé,Nuit,Sec,50 mètres,60 km/h,100 mètres,Camion,Urgent (transport médical),Véhicule prioritaire,Aucun,En approche,50 mètres,80 km/h
76476,Ensoleillé,Nuit,Sec,50 mètres,60 km/h,100 mètres,Camion,Urgent (transport médical),Camion,Aucun,En approche,50 mètres,50 km/h
76591,Ensoleillé,Nuit,Sec,50 mètres,60 km/h,100 mètres,Camion,Pas de besoin particulier,Voiture,Aucun,À l'arrêt,0 mètre,0 km/h
76957,Ensoleillé,Nuit,Sec,50 mètres,60 km/h,150 mètres,Voiture,Urgent (transport médical),Voiture,Aucun,En approche,50 mètres,30 km/h
77121,Ensoleillé,Nuit,Sec,50 mètres,60 km/h,150 mètres,Voiture,Pressé (travail/vol),Camion,Véhicule prioritaire,À l'arrêt,0 mètre,0 km/h
77345,Ensoleillé,Nuit,Sec,50 mètres,60 km/h,150 mètres,Camion,Pressé (travail/vol),Véhicule prioritaire,Aucun,En approche,50 mètres,80 km/h
77405,Ensoleillé,Nuit,Sec,50 mètres,60 km/h,150 mètres,Camion,Pas de besoin particulier,Voiture,Aucun,En approche,50 mètres,80 km/h
78027,Ensoleillé,Nuit,Sec,50 mètres,100 km/h,100 mètres,Voiture,Pas de besoin particulier,Camion,Véhicule prioritaire,En approche,50 mètres,30 km/h
78059,Ensoleillé,Nuit,Sec,50 mètres,100 km/h,100 mètres,Camion,Urgent (transport médical),Voiture,Véhicule prioritaire,En approche,10 mètres,50 km/h
78146,Ensoleillé,Nuit,Sec,50 mètres,100 km/h,100 mètres,Camion,Pressé (travail/vol),Voiture,Véhicule prioritaire,En approche,50 mètres,50 km/h
78304,Ensoleillé,Nuit,Sec,50 mètres,100 km/h,100 mètres,Véhicule prioritaire,Urgent (transport médical),Voiture,Aucun,En approche,100 mètres,30 km/h
78442,Ensoleillé,Nuit,Sec,50 mètres,100 km/h,100 mètres,Véhicule prioritaire,Pressé (travail/vol),Véhicule prioritaire,Véhicule prioritaire,En approche,100 mètres,80 km/h
78705,Ensoleillé,Nuit,Sec,50 mètres,100 km/h,150 mètres,Voiture,Pressé (travail/vol),Véhicule prioritaire,Voiture,En approche,50 mètres,80 km/h
78718,Ensoleillé,Nuit,Sec,50 mètres,100 km/h,150 mètres,Voiture,Pressé (travail/vol),Véhicule prioritaire,Véhicule prioritaire,En approche,10 mètres,80 km/h
78792,Ensoleillé,Nuit,Sec,50 mètres,100 km/h,150 mètres,Voiture,Pas de besoin particulier,Véhicule prioritaire,Voiture,En approche,100 mètres,80 km/h
78935,Ensoleillé,Nuit,Sec,50 mètres,100 km/h,150 mètres,Camion,Pressé (travail/vol),Voiture,Aucun,En approche,50 mètres,80 km/h
78941,Ensoleillé,Nuit,Sec,50 mètres,100 km/h,150 mètres,Camion,Pressé (travail/vol),Voiture,Voiture,À l'arrêt,0 mètre,0 km/h
79009,Ensoleillé,Nuit,Sec,50 mètres,100 km/h,150 mètres,Camion,Pressé (travail/vol),Camion,Voiture,En approche,10 mètres,50 km/h
79167,Ensoleillé,Nuit,Sec,50 mètres,100 km/h,150 mètres,Véhicule prioritaire,Urgent (transport médical),Véhicule prioritaire,Véhicule prioritaire,En approche,50 mètres,30 km/h
79183,Ensoleillé,Nuit,Sec,50 mètres,100 km/h,150 mètres,Véhicule prioritaire,Urgent (transport médical),Camion,Voiture,En approche,100 mètres,50 km/h
79538,Ensoleillé,Nuit,Sec,50 mètres,100 km/h,200 mètres,Voiture,Pressé (travail/vol),Camion,Aucun,En approche,10 mètres,80 km/h
79552,Ensoleillé,Nuit,Sec,50 mètres,100 km/h,200 mètres,Voiture,Pressé (travail/vol),Camion,Véhicule prioritaire,En approche,100 mètres,80 km/h
79592,Ensoleillé,Nuit,Sec,50 mètres,100 km/h,200 mètres,Voiture,Pas de besoin particulier,Véhicule prioritaire,Aucun,En approche,100 mètres,80 km/h
79849,Ensoleillé,Nuit,Sec,50 mètres,100 km/h,200 mètres,Camion,Pas de besoin particulier,Voiture,Voiture,En approche,10 mètres,50 km/h
80187,Ensoleillé,Nuit,Sec,50 mètres,100 km/h,200 mètres,Véhicule prioritaire,Pas de besoin particulier,Camion,Véhicule prioritaire,En approche,50 mètres,30 km/h
80387,Ensoleillé,Nuit,Sec,20 mètres,35 km/h,10 mètres,Voiture,Pas de besoin particulier,Voiture,Voiture,En approche,50 mètres,30 km/h
80493,Ensoleillé,Nuit,Sec,20 mètres,35 km/h,10 mètres,Camion,Urgent (transport médical),Véhicule prioritaire,Aucun,En approche,100 mètres,50 km/h
80594,Ensoleillé,Nuit,Sec,20 mètres,35 km/h,10 mètres,Camion,Pressé (travail/vol),Véhicule prioritaire,Voiture,En approche,100 mètres,30 km/h
80638,Ensoleillé,Nuit,Sec,20 mètres,35 km/h,10 mètres,Camion,Pressé (travail/vol),Camion,Véhicule prioritaire,En approche,10 mètres,80 km/h
80974,Ensoleillé,Nuit,Sec,20 mètres,35 km/h,10 mètres,Véhicule prioritaire,Pas de besoin particulier,Camion,Aucun,En approche,100 mètres,30 km/h
81259,Ensoleillé,Nuit,Sec,20 mètres,35 km/h,50 mètres,Voiture,Pas de besoin particulier,Camion,Voiture,En approche,10 mètres,50 km/h
81334,Ensoleillé,Nuit,Sec,20 mètres,35 km/h,50 mètres,Camion,Urgent (transport médical),Camion,Aucun,En approche,100 mètres,30 km/h
81361,Ensoleillé,Nuit,Sec,20 mètres,35 km/h,50 mètres,Camion,Pressé (travail/vol),Voiture,Aucun,À l'arrêt,0 mètre,0 km/h
81513,Ensoleillé,Nuit,Sec,20 mètres,35 km/h,50 mètres,Camion,Pas de besoin particulier,Camion,Aucun,En approche,100 mètres,50 km/h
81529,Ensoleillé,Nuit,Sec,20 mètres,35 km/h,50 mètres,Camion,Pas de besoin particulier,Camion,Voiture,En approche,10 mètres,50 km/h
81608,Ensoleillé,Nuit,Sec,20 mètres,35 km/h,50 mètres,Véhicule prioritaire,Urgent (transport médical),Camion,Aucun,En approche,10 mètres,80 km/h
81678,Ensoleillé,Nuit,Sec,20 mètres,35 km/h,50 mètres,Véhicule prioritaire,Pressé (travail/vol),Véhicule prioritaire,Voiture,En approche,10 mètres,80 km/h
81751,Ensoleillé,Nuit,Sec,20 mètres,35 km/h,50 mètres,Véhicule prioritaire,Pas de besoin particulier,Véhicule prioritaire,Aucun,À l'arrêt,0 mètre,0 km/h
81962,Ensoleillé,Nuit,Sec,20 mètres,35 km/h,100 mètres,Voiture,Pressé (travail/vol),Camion,Aucun,En approche,100 mètres,80 km/h
82113,Ensoleillé,Nuit,Sec,20 mètres,35 km/h,100 mètres,Camion,Urgent (transport médical),Véhicule prioritaire,Aucun,En approche,100 mètres,50 km/h
82492,Ensoleillé,Nuit,Sec,20 mètres,35 km/h,100 mètres,Véhicule prioritaire,Pressé (travail/vol),Véhicule prioritaire,Véhicule prioritaire,En approche,100 mètres,80 km/h
82523,Ensoleillé,Nuit,Sec,20 mètres,35 km/h,100 mètres,Véhicule prioritaire,Pressé (travail/vol),Camion,Véhicule prioritaire,En approche,100 mètres,50 km/h
82620,Ensoleillé,Nuit,Sec,20 mètres,35 km/h,100 mètres,Véhicule prioritaire,Pas de besoin particulier,Camion,Véhicule prioritaire,En approche,10 mètres,30 km/h
82694,Ensoleillé,Nuit,Sec,20 mètres,60 km/h,50 mètres,Voiture,Urgent (transport médical),Camion,Voiture,En approche,100 mètres,30 km/h
83398,Ensoleillé,Nuit,Sec,20 mètres,60 km/h,50 mètres,Véhicule prioritaire,Pas de besoin particulier,Véhicule prioritaire,Véhicule prioritaire,En approche,10 mètres,80 km/h
83859,Ensoleillé,Nuit,Sec,20 mètres,60 km/h,100 mètres,Camion,Pressé (travail/vol),Camion,Aucun,En approche,10 mètres,50 km/h
83925,Ensoleillé,Nuit,Sec,20 mètres,60 km/h,100 mètres,Camion,Pas de besoin particulier,Véhicule prioritaire,Voiture,En approche,50 mètres,80 km/h
83948,Ensoleillé,Nuit,Sec,20 mètres,60 km/h,100 mètres,Camion,Pas de besoin particulier,Camion,Aucun,En approche,10 mètres,80 km/h
84072,Ensoleillé,Nuit,Sec,20 mètres,60 km/h,100 mètres,Véhicule prioritaire,Pressé (travail/vol),Voiture,Voiture,En approche,100 mètres,80 km/h
84266,Ensoleillé,Nuit,Sec,20 mètres,60 km/h,150 mètres,Voiture,Urgent (transport médical),Voiture,Véhicule prioritaire,En approche,50 mètres,50 km/h
84405,Ensoleillé,Nuit,Sec,20 mètres,60 km/h,150 mètres,Voiture,Pressé (travail/vol),Camion,Voiture,En approche,50 mètres,80 km/h
84418,Ensoleillé,Nuit,Sec,20 mètres,60 km/h,150 mètres,Voiture,Pressé (travail/vol),Camion,Véhicule prioritaire,En approche,10 mètres,80 km/h
84435,Ensoleillé,Nuit,Sec,20 mètres,60 km/h,150 mètres,Voiture,Pas de besoin particulier,Voiture,Voiture,En approche,50 mètres,80 km/h
84465,Ensoleillé,Nuit,Sec,20 mètres,60 km/h,150 mètres,Voiture,Pas de besoin particulier,Véhicule prioritaire,Voiture,En approche,50 mètres,80 km/h
84734,Ensoleillé,Nuit,Sec,20 mètres,60 km/h,150 mètres,Camion,Pas de besoin particulier,Véhicule prioritaire,Voiture,En approche,100 mètres,30 km/h
84840,Ensoleillé,Nuit,Sec,20 mètres,60 km/h,150 mètres,Véhicule prioritaire,Urgent (transport médical),Véhicule prioritaire,Véhicule prioritaire,En approche,10 mètres,30 km/h
84967,Ensoleillé,Nuit,Sec,20 mètres,60 km/h,150 mètres,Véhicule prioritaire,Pas de besoin particulier,Voiture,Aucun,En approche,50 mètres,30 km/h
85040,Ensoleillé,Nuit,Sec,20 mètres,60 km/h,150 mètres,Véhicule prioritaire,Pas de besoin particulier,Camion,Voiture,En approche,10 mètres,30 km/h
85576,Ensoleillé,Nuit,Sec,20 mètres,100 km/h,100 mètres,Camion,Pas de besoin particulier,Camion,Voiture,En approche,50 mètres,50 km/h
85672,Ensoleillé,Nuit,Sec,20 mètres,100 km/h,100 mètres,Véhicule prioritaire,Urgent (transport médical),Camion,Véhicule prioritaire,En approche,100 mètres,80 km/h
85847,Ensoleillé,Nuit,Sec,20 mètres,100 km/h,100 mètres,Véhicule prioritaire,Pas de besoin particulier,Camion,Voiture,En approche,50 mètres,30 km/h
85934,Ensoleillé,Nuit,Sec,20 mètres,100 km/h,150 mètres,Voiture,Urgent (transport médical),Camion,Voiture,En approche,100 mètres,30 km/h
85951,Ensoleillé,Nuit,Sec,20 mètres,100 km/h,150 mètres,Voiture,Pressé (travail/vol),Voiture,Aucun,À l'arrêt,0 mètre,0 km/h
86126,Ensoleillé,Nuit,Sec,20 mètres,100 km/h,150 mètres,Voiture,Pas de besoin particulier,Camion,Véhicule prioritaire,En approche,50 mètres,50 km/h
86214,Ensoleillé,Nuit,Sec,20 mètres,100 km/h,150 mètres,Camion,Urgent (transport médical),Camion,Véhicule prioritaire,En approche,100 mètres,30 km/h
86358,Ensoleillé,Nuit,Sec,20 mètres,100 km/h,150 mètres,Camion,Pas de besoin particulier,Véhicule prioritaire,Voiture,En approche,10 mètres,80 km/h
86431,Ensoleillé,Nuit,Sec,20 mètres,100 km/h,150 mètres,Véhicule prioritaire,Urgent (transport médical),Véhicule prioritaire,Aucun,À l'arrêt,0 mètre,0 km/h
86531,Ensoleillé,Nuit,Sec,20 mètres,100 km/h,150 mètres,Véhicule prioritaire,Pressé (travail/vol),Véhicule prioritaire,Voiture,À l'arrêt,0 mètre,0 km/h
86580,Ensoleillé,Nuit,Sec,20 mètres,100 km/h,150 mètres,Véhicule prioritaire,Pressé (travail/vol),Camion,Véhicule prioritaire,En approche,10 mètres,30 km/h
86637,Ensoleillé,Nuit,Sec,20 mètres,100 km/h,150 mètres,Véhicule prioritaire,Pas de besoin particulier,Véhicule prioritaire,Véhicule prioritaire,En approche,50 mètres,30 km/h
86807,Ensoleillé,Nuit,Sec,20 mètres,100 km/h,200 mètres,Voiture,Pressé (travail/vol),Véhicule prioritaire,Voiture,En approche,50 mètres,30 km/h
86838,Ensoleillé,Nuit,Sec,20 mètres,100 km/h,200 mètres,Voiture,Pressé (travail/vol),Camion,Voiture,En approche,10 mètres,80 km/h
86933,Ensoleillé,Nuit,Sec,20 mètres,100 km/h,200 mètres,Voiture,Pas de besoin particulier,Camion,Véhicule prioritaire,En approche,100 mètres,50 km/h
86944,Ensoleillé,Nuit,Sec,20 mètres,100 km/h,200 mètres,Camion,Urgent (transport médical),Voiture,Aucun,En approche,100 mètres,30 km/h
87138,Ensoleillé,Nuit,Sec,20 mètres,100 km/h,200 mètres,Camion,Pas de besoin particulier,Voiture,Voiture,En approche,10 mètres,80 km/h
87152,Ensoleillé,Nuit,Sec,20 mètres,100 km/h,200 mètres,Camion,Pas de besoin particulier,Véhicule prioritaire,Aucun,En approche,100 mètres,80 km/h
87193,Ensoleillé,Nuit,Sec,20 mètres,100 km/h,200 mètres,Camion,Pas de besoin particulier,Camion,Voiture,En approche,100 mètres,50 km/h
87315,Ensoleillé,Nuit,Sec,20 mètres,100 km/h,200 mètres,Véhicule prioritaire,Pressé (travail/vol),Voiture,Voiture,En approche,50 mètres,80 km/h
87319,Ensoleillé,Nuit,Sec,20 mètres,100 km/h,200 mètres,Véhicule prioritaire,Pressé (travail/vol),Voiture,Voiture,En approche,10 mètres,50 km/h
87339,Ensoleillé,Nuit,Sec,20 mètres,100 km/h,200 mètres,Véhicule prioritaire,Pressé (travail/vol),Véhicule prioritaire,Aucun,En approche,10 mètres,50 km/h
87448,Ensoleillé,Nuit,Sec,20 mètres,100 km/h,200 mètres,Véhicule prioritaire,Pas de besoin particulier,Véhicule prioritaire,Véhicule prioritaire,En approche,10 mètres,80 km/h
87583,Ensoleillé,Nuit,Mouillé,Libre,35 km/h,10 mètres,Voiture,Pressé (travail/vol),Voiture,Voiture,En approche,100 mètres,50 km/h
87691,Ensoleillé,Nuit,Mouillé,Libre,35 km/h,10 mètres,Voiture,Pas de besoin particulier,Véhicule prioritaire,Aucun,À l'arrêt,0 mètre,0 km/h
87809,Ensoleillé,Nuit,Mouillé,Libre,35 km/h,10 mètres,Camion,Urgent (transport médical),Véhicule prioritaire,Véhicule prioritaire,En approche,10 mètres,50 km/h
87811,Ensoleillé,Nuit,Mouillé,Libre,35 km/h,10 mètres,Camion,Urgent (transport médical),Camion,Aucun,À l'arrêt,0 mètre,0 km/h
87816,Ensoleillé,Nuit,Mouillé,Libre,35 km/h,10 mètres,Camion,Urgent (transport médical),Camion,Aucun,En approche,50 mètres,50 km/h
87901,Ensoleillé,Nuit,Mouillé,Libre,35 km/h,10 mètres,Camion,Pressé (travail/vol),Camion,Aucun,À l'arrêt,0 mètre,0 km/h
88046,Ensoleillé,Nuit,Mouillé,Libre,35 km/h,10 mètres,Véhicule prioritaire,Urgent (transport médical),Voiture,Véhicule prioritaire,En approche,50 mètres,50 km/h
88134,Ensoleillé,Nuit,Mouillé,Libre,35 km/h,10 mètres,Véhicule prioritaire,Pressé (travail/vol),Voiture,Véhicule prioritaire,En approche,100 mètres,30 km/h
88681,Ensoleillé,Nuit,Mouillé,Libre,35 km/h,50 mètres,Camion,Pressé (travail/vol),Véhicule prioritaire,Aucun,À l'arrêt,0 mètre,0 km/h
88867,Ensoleillé,Nuit,Mouillé,Libre,35 km/h,50 mètres,Véhicule prioritaire,Urgent (transport médical),Véhicule prioritaire,Aucun,En approche,50 mètres,30 km/h
89137,Ensoleillé,Nuit,Mouillé,Libre,35 km/h,100 mètres,Voiture,Urgent (transport médical),Véhicule prioritaire,Aucun,En approche,50 mètres,30 km/h
89414,Ensoleillé,Nuit,Mouillé,Libre,35 km/h,100 mètres,Camion,Urgent (transport médical),Véhicule prioritaire,Voiture,En approche,100 mètres,30 km/h
89435,Ensoleillé,Nuit,Mouillé,Libre,35 km/h,100 mètres,Camion,Urgent (transport médical),Camion,Aucun,En approche,50 mètres,80 km/h
89495,Ensoleillé,Nuit,Mouillé,Libre,35 km/h,100 mètres,Camion,Pressé (travail/vol),Véhicule prioritaire,Aucun,En approche,50 mètres,80 km/h
89514,Ensoleillé,Nuit,Mouillé,Libre,35 km/h,100 mètres,Camion,Pressé (travail/vol),Véhicule prioritaire,Véhicule prioritaire,En approche,100 mètres,30 km/h
89519,Ensoleillé,Nuit,Mouillé,Libre,35 km/h,100 mètres,Camion,Pressé (travail/vol),Véhicule prioritaire,Véhicule prioritaire,En approche,10 mètres,50 km/h
89703,Ensoleillé,Nuit,Mouillé,Libre,35 km/h,100 mètres,Véhicule prioritaire,Urgent (transport médical),Camion,Aucun,En approche,100 mètres,50 km/h
89871,Ensoleillé,Nuit,Mouillé,Libre,35 km/h,100 mètres,Véhicule prioritaire,Pas de besoin particulier,Véhicule prioritaire,Véhicule prioritaire,À l'arrêt,0 mètre,0 km/h
90067,Ensoleillé,Nuit,Mouillé,Libre,60 km/h,50 mètres,Voiture,Pressé (travail/vol),Camion,Aucun,En approche,50 mètres,30 km/h
90202,Ensoleillé,Nuit,Mouillé,Libre,60 km/h,50 mètres,Camion,Urgent (transport médical),Voiture,Véhicule prioritaire,En approche,100 mètres,80 km/h
90331,Ensoleillé,Nuit,Mouillé,Libre,60 km/h,50 mètres,Camion,Pressé (travail/vol),Camion,Aucun,À l'arrêt,0 mètre,0 km/h
90834,Ensoleillé,Nuit,Mouillé,Libre,60 km/h,100 mètres,Voiture,Pressé (travail/vol),Voiture,Véhicule prioritaire,En approche,100 mètres,30 km/h
90992,Ensoleillé,Nuit,Mouillé,Libre,60 km/h,100 mètres,Camion,Urgent (transport médical),Voiture,Aucun,En approche,100 mètres,80 km/h
91198,Ensoleillé,Nuit,Mouillé,Libre,60 km/h,100 mètres,Camion,Pas de besoin particulier,Voiture,Véhicule prioritaire,En approche,10 mètres,80 km/h
91286,Ensoleillé,Nuit,Mouillé,Libre,60 km/h,100 mètres,Véhicule prioritaire,Urgent (transport médical),Voiture,Véhicule prioritaire,En approche,50 mètres,50 km/h
91327,Ensoleillé,Nuit,Mouillé,Libre,60 km/h,100 mètres,Véhicule prioritaire,Urgent (transport médical),Camion,Aucun,En approche,50 mètres,30 km/h
91421,Ensoleillé,Nuit,Mouillé,Libre,60 km/h,100 mètres,Véhicule prioritaire,Pressé (travail/vol),Camion,Voiture,À l'arrêt,0 mètre,0 km/h
91424,Ensoleillé,Nuit,Mouillé,Libre,60 km/h,100 mètres,Véhicule prioritaire,Pressé (travail/vol),Camion,Voiture,En approche,100 mètres,30 km/h
91970,Ensoleillé,Nuit,Mouillé,Libre,60 km/h,150 mètres,Camion,Pressé (travail/vol),Camion,Voiture,En approche,10 mètres,30 km/h
92243,Ensoleillé,Nuit,Mouillé,Libre,60 km/h,150 mètres,Véhicule prioritaire,Pressé (travail/vol),Camion,Véhicule prioritaire,En approche,100 mètres,50 km/h
92344,Ensoleillé,Nuit,Mouillé,Libre,100 km/h,100 mètres,Voiture,Urgent (transport médical),Voiture,Aucun,En approche,100 mètres,30 km/h
92360,Ensoleillé,Nuit,Mouillé,Libre,100 km/h,100 mètres,Voiture,Urgent (transport médical),Voiture,Voiture,En approche,10 mètres,30 km/h
92469,Ensoleillé,Nuit,Mouillé,Libre,100 km/h,100 mètres,Voiture,Pressé (travail/vol),Véhicule prioritaire,Aucun,En approche,10 mètres,50 km/h
92739,Ensoleillé,Nuit,Mouillé,Libre,100 km/h,100 mètres,Camion,Pressé (travail/vol),Véhicule prioritaire,Aucun,En approche,10 mètres,50 km/h
92828,Ensoleillé,Nuit,Mouillé,Libre,100 km/h,100 mètres,Camion,Pas de besoin particulier,Véhicule prioritaire,Aucun,En approche,10 mètres,80 km/h
92830,Ensoleillé,Nuit,Mouillé,Libre,100 km/h,100 mètres,Camion,Pas de besoin particulier,Véhicule prioritaire,Aucun,En approche,10 mètres,30 km/h
93295,Ensoleillé,Nuit,Mouillé,Libre,100 km/h,150 mètres,Voiture,Pressé (travail/vol),Véhicule prioritaire,Véhicule prioritaire,En approche,50 mètres,80 km/h
93550,Ensoleillé,Nuit,Mouillé,Libre,100 km/h,150 mètres,Camion,Pressé (travail/vol),Véhicule prioritaire,Aucun,En approche,10 mètres,30 km/h
93560,Ensoleillé,Nuit,Mouillé,Libre,100 km/h,150 mètres,Camion,Pressé (travail/vol),Véhicule prioritaire,Voiture,En approche,10 mètres,30 km/h
93581,Ensoleillé,Nuit,Mouillé,Libre,100 km/h,150 mètres,Camion,Pressé (travail/vol),Camion,Voiture,À l'arrêt,0 mètre,0 km/h
93602,Ensoleillé,Nuit,Mouillé,Libre,100 km/h,150 mètres,Camion,Pas de besoin particulier,Voiture,Aucun,En approche,100 mètres,80 km/h
93623,Ensoleillé,Nuit,Mouillé,Libre,100 km/h,150 mètres,Camion,Pas de besoin particulier,Voiture,Véhicule prioritaire,En approche,100 mètres,50 km/h
93856,Ensoleillé,Nuit,Mouillé,Libre,100 km/h,150 mètres,Véhicule prioritaire,Pressé (travail/vol),Camion,Voiture,En approche,50 mètres,50 km/h
93872,Ensoleillé,Nuit,Mouillé,Libre,100 km/h,150 mètres,Véhicule prioritaire,Pas de besoin particulier,Voiture,Aucun,En approche,100 mètres,80 km/h
93956,Ensoleillé,Nuit,Mouillé,Libre,100 km/h,150 mètres,Véhicule prioritaire,Pas de besoin particulier,Camion,Véhicule prioritaire,En approche,50 mètres,50 km/h
94126,Ensoleillé,Nuit,Mouillé,Libre,100 km/h,200 mètres,Voiture,Pressé (travail/vol),Camion,Voiture,En approche,50 mètres,50 km/h
94182,Ensoleillé,Nuit,Mouillé,Libre,100 km/h,200 mètres,Voiture,Pas de besoin particulier,Véhicule prioritaire,Voiture,En approche,100 mètres,80 km/h
94572,Ensoleillé,Nuit,Mouillé,Libre,100 km/h,200 mètres,Véhicule prioritaire,Urgent (transport médical),Camion,Voiture,En approche,100 mètres,80 km/h
94661,Ensoleillé,Nuit,Mouillé,Libre,100 km/h,200 mètres,Véhicule prioritaire,Pressé (travail/vol),Camion,Voiture,À l'arrêt,0 mètre,0 km/h
94991,Ensoleillé,Nuit,Mouillé,100 mètres,35 km/h,10 mètres,Voiture,Pas de besoin particulier,Véhicule prioritaire,Voiture,À l'arrêt,0 mètre,0 km/h
95284,Ensoleillé,Nuit,Mouillé,100 mètres,35 km/h,10 mètres,Camion,Pas de besoin particulier,Camion,Aucun,En approche,100 mètres,30 km/h
95411,Ensoleillé,Nuit,Mouillé,100 mètres,35 km/h,10 mètres,Véhicule prioritaire,Pressé (travail/vol),Voiture,Voiture,À l'arrêt,0 mètre,0 km/h
95485,Ensoleillé,Nuit,Mouillé,100 mètres,35 km/h,10 mètres,Véhicule prioritaire,Pressé (travail/vol),Camion,Véhicule prioritaire,En approche,50 mètres,80 km/h
95584,Ensoleillé,Nuit,Mouillé,100 mètres,35 km/h,50 mètres,Voiture,Urgent (transport médical),Voiture,Aucun,En approche,100 mètres,30 km/h
95602,Ensoleillé,Nuit,Mouillé,100 mètres,35 km/h,50 mètres,Voiture,Urgent (transport médical),Voiture,Véhicule prioritaire,En approche,100 mètres,80 km/h
95858,Ensoleillé,Nuit,Mouillé,100 mètres,35 km/h,50 mètres,Camion,Urgent (transport médical),Voiture,Aucun,En approche,10 mètres,80 km/h
95959,Ensoleillé,Nuit,Mouillé,100 mètres,35 km/h,50 mètres,Camion,Pressé (travail/vol),Voiture,Voiture,En approche,10 mètres,50 km/h
96139,Ensoleillé,Nuit,Mouillé,100 mètres,35 km/h,50 mètres,Véhicule prioritaire,Urgent (transport médical),Voiture,Voiture,En approche,10 mètres,50 km/h
96193,Ensoleillé,Nuit,Mouillé,100 mètres,35 km/h,50 mètres,Véhicule prioritaire,Urgent (transport médical),Camion,Voiture,En approche,100 mètres,50 km/h
96281,Ensoleillé,Nuit,Mouillé,100 mètres,35 km/h,50 mètres,Véhicule prioritaire,Pressé (travail/vol),Camion,Voiture,À l'arrêt,0 mètre,0 km/h
96319,Ensoleillé,Nuit,Mouillé,100 mètres,35 km/h,50 mètres,Véhicule prioritaire,Pas de besoin particulier,Voiture,Voiture,En approche,10 mètres,50 km/h
96332,Ensoleillé,Nuit,Mouillé,100 mètres,35 km/h,50 mètres,Véhicule prioritaire,Pas de besoin particulier,Véhicule prioritaire,Aucun,En approche,100 mètres,80 km/h
96375,Ensoleillé,Nuit,Mouillé,100 mètres,35 km/h,50 mètres,Véhicule prioritaire,Pas de besoin particulier,Camion,Voiture,En approche,50 mètres,80 km/h
96377,Ensoleillé,Nuit,Mouillé,100 mètres,35 km/h,50 mètres,Véhicule prioritaire,Pas de besoin particulier,Camion,Voiture,En approche,50 mètres,30 km/h
96728,Ensoleillé,Nuit,Mouillé,100 mètres,35 km/h,100 mètres,Camion,Urgent (transport médical),Camion,Aucun,En approche,10 mètres,80 km/h
96808,Ensoleillé,Nuit,Mouillé,100 mètres,35 km/h,100 mètres,Camion,Pressé (travail/vol),Véhicule prioritaire,Véhicule prioritaire,En approche,10 mètres,80 km/h
96856,Ensoleillé,Nuit,Mouillé,100 mètres,35 km/h,100 mètres,Camion,Pas de besoin particulier,Voiture,Voiture,En approche,50 mètres,50 km/h
96884,Ensoleillé,Nuit,Mouillé,100 mètres,35 km/h,100 mètres,Camion,Pas de besoin particulier,Véhicule prioritaire,Voiture,En approche,100 mètres,30 km/h
97033,Ensoleillé,Nuit,Mouillé,100 mètres,35 km/h,100 mètres,Véhicule prioritaire,Pressé (travail/vol),Voiture,Voiture,En approche,100 mètres,50 km/h
97035,Ensoleillé,Nuit,Mouillé,100 mètres,35 km/h,100 mètres,Véhicule prioritaire,Pressé (travail/vol),Voiture,Voiture,En approche,50 mètres,80 km/h
97110,Ensoleillé,Nuit,Mouillé,100 mètres,35 km/h,100 mètres,Véhicule prioritaire,Pressé (travail/vol),Camion,Véhicule prioritaire,En approche,10 mètres,30 km/h
97145,Ensoleillé,Nuit,Mouillé,100 mètres,35 km/h,100 mètres,Véhicule prioritaire,Pas de besoin particulier,Véhicule prioritaire,Aucun,En approche,50 mètres,80 km/h
97218,Ensoleillé,Nuit,Mouillé,100 mètres,60 km/h,50 mètres,Voiture,Urgent (transport médical),Voiture,Voiture,En approche,10 mètres,80 km/h
97222,Ensoleillé,Nuit,Mouillé,100 mètres,60 km/h,50 mètres,Voiture,Urgent (transport médical),Voiture,Véhicule prioritaire,En approche,100 mètres,80 km/h
97311,Ensoleillé,Nuit,Mouillé,100 mètres,60 km/h,50 mètres,Voiture,Pressé (travail/vol),Voiture,Véhicule prioritaire,À l'arrêt,0 mètre,0 km/h
97335,Ensoleillé,Nuit,Mouillé,100 mètres,60 km/h,50 mètres,Voiture,Pressé (travail/vol),Véhicule prioritaire,Voiture,En approche,50 mètres,80 km/h
97373,Ensoleillé,Nuit,Mouillé,100 mètres,60 km/h,50 mètres,Voiture,Pressé (travail/vol),Camion,Véhicule prioritaire,En approche,100 mètres,50 km/h
97458,Ensoleillé,Nuit,Mouillé,100 mètres,60 km/h,50 mètres,Voiture,Pas de besoin particulier,Camion,Voiture,En approche,10 mètres,80 km/h
97481,Ensoleillé,Nuit,Mouillé,100 mètres,60 km/h,50 mètres,Camion,Urgent (transport médical),Voiture,Voiture,À l'arrêt,0 mètre,0 km/h
97495,Ensoleillé,Nuit,Mouillé,100 mètres,60 km/h,50 mètres,Camion,Urgent (transport médical),Voiture,Véhicule prioritaire,En approche,50 mètres,80 km/h
97530,Ensoleillé,Nuit,Mouillé,100 mètres,60 km/h,50 mètres,Camion,Urgent (transport médical),Véhicule prioritaire,Véhicule prioritaire,En approche,10 mètres,30 km/h
97751,Ensoleillé,Nuit,Mouillé,100 mètres,60 km/h,50 mètres,Véhicule prioritaire,Urgent (transport médical),Voiture,Voiture,À l'arrêt,0 mètre,0 km/h
97979,Ensoleillé,Nuit,Mouillé,100 mètres,60 km/h,50 mètres,Véhicule prioritaire,Pas de besoin particulier,Véhicule prioritaire,Véhicule prioritaire,En approche,10 mètres,50 km/h
98205,Ensoleillé,Nuit,Mouillé,100 mètres,60 km/h,100 mètres,Voiture,Pas de besoin particulier,Voiture,Voiture,En approche,50 mètres,80 km/h
98290,Ensoleillé,Nuit,Mouillé,100 mètres,60 km/h,100 mètres,Camion,Urgent (transport médical),Voiture,Aucun,En approche,10 mètres,30 km/h
98293,Ensoleillé,Nuit,Mouillé,100 mètres,60 km/h,100 mètres,Camion,Urgent (transport médical),Voiture,Voiture,En approche,100 mètres,50 km/h
98434,Ensoleillé,Nuit,Mouillé,100 mètres,60 km/h,100 mètres,Camion,Pressé (travail/vol),Camion,Aucun,En approche,100 mètres,30 km/h
98764,Ensoleillé,Nuit,Mouillé,100 mètres,60 km/h,100 mètres,Véhicule prioritaire,Pas de besoin particulier,Véhicule prioritaire,Aucun,En approche,100 mètres,30 km/h
98887,Ensoleillé,Nuit,Mouillé,100 mètres,60 km/h,150 mètres,Voiture,Urgent (transport médical),Camion,Aucun,En approche,50 mètres,30 km/h
98913,Ensoleillé,Nuit,Mouillé,100 mètres,60 km/h,150 mètres,Voiture,Pressé (travail/vol),Voiture,Aucun,En approche,100 mètres,50 km/h
99006,Ensoleillé,Nuit,Mouillé,100 mètres,60 km/h,150 mètres,Voiture,Pas de besoin particulier,Voiture,Aucun,En approche,50 mètres,50 km/h
99141,Ensoleillé,Nuit,Mouillé,100 mètres,60 km/h,150 mètres,Camion,Urgent (transport médical),Véhicule prioritaire,Véhicule prioritaire,À l'arrêt,0 mètre,0 km/h
99152,Ensoleillé,Nuit,Mouillé,100 mètres,60 km/h,150 mètres,Camion,Urgent (transport médical),Camion,Aucun,En approche,100 mètres,80 km/h
99280,Ensoleillé,Nuit,Mouillé,100 mètres,60 km/h,150 mètres,Camion,Pas de besoin particulier,Voiture,Aucun,En approche,10 mètres,30 km/h
99364,Ensoleillé,Nuit,Mouillé,100 mètres,60 km/h,150 mètres,Véhicule prioritaire,Urgent (transport médical),Voiture,Aucun,En approche,100 mètres,30 km/h
99369,Ensoleillé,Nuit,Mouillé,100 mètres,60 km/h,150 mètres,Véhicule prioritaire,Urgent (transport médical),Voiture,Aucun,En approche,10 mètres,50 km/h
99392,Ensoleillé,Nuit,Mouillé,100 mètres,60 km/h,150 mètres,Véhicule prioritaire,Urgent (transport médical),Véhicule prioritaire,Aucun,En approche,100 mètres,80 km/h
99536,Ensoleillé,Nuit,Mouillé,100 mètres,60 km/h,150 mètres,Véhicule prioritaire,Pressé (travail/vol),Camion,Véhicule prioritaire,En approche,50 mètres,50 km/h
99544,Ensoleillé,Nuit,Mouillé,100 mètres,60 km/h,150 mètres,Véhicule prioritaire,Pas de besoin particulier,Voiture,Aucun,En approche,100 mètres,30 km/h
99571,Ensoleillé,Nuit,Mouillé,100 mètres,60 km/h,150 mètres,Véhicule prioritaire,Pas de besoin particulier,Véhicule prioritaire,Aucun,À l'arrêt,0 mètre,0 km/h
99620,Ensoleillé,Nuit,Mouillé,100 mètres,60 km/h,150 mètres,Véhicule prioritaire,Pas de besoin particulier,Camion,Voiture,En approche,10 mètres,30 km/h
99729,Ensoleillé,Nuit,Mouillé,100 mètres,100 km/h,100 mètres,Voiture,Pressé (travail/vol),Voiture,Aucun,En approche,10 mètres,50 km/h
99999,Ensoleillé,Nuit,Mouillé,100 mètres,100 km/h,100 mètres,Camion,Pressé (travail/vol),Voiture,Aucun,En approche,10 mètres,50 km/h
100035,Ensoleillé,Nuit,Mouillé,100 mètres,100 km/h,100 mètres,Camion,Pressé (travail/vol),Véhicule prioritaire,Voiture,En approche,50 mètres,80 km/h
100173,Ensoleillé,Nuit,Mouillé,100 mètres,100 km/h,100 mètres,Véhicule prioritaire,Urgent (transport médical),Voiture,Aucun,En approche,100 mètres,50 km/h
100551,Ensoleillé,Nuit,Mouillé,100 mètres,100 km/h,150 mètres,Voiture,Pressé (travail/vol),Voiture,Véhicule prioritaire,À l'arrêt,0 mètre,0 km/h
100603,Ensoleillé,Nuit,Mouillé,100 mètres,100 km/h,150 mètres,Voiture,Pressé (travail/vol),Camion,Voiture,En approche,100 mètres,50 km/h
100604,Ensoleillé,Nuit,Mouillé,100 mètres,100 km/h,150 mètres,Voiture,Pressé (travail/vol),Camion,Voiture,En approche,100 mètres,30 km/h
100740,Ensoleillé,Nuit,Mouillé,100 mètres,100 km/h,150 mètres,Camion,Urgent (transport médical),Voiture,Véhicule prioritaire,En approche,10 mètres,30 km/h
100800,Ensoleillé,Nuit,Mouillé,100 mètres,100 km/h,150 mètres,Camion,Urgent (transport médical),Camion,Véhicule prioritaire,En approche,10 mètres,30 km/h
100897,Ensoleillé,Nuit,Mouillé,100 mètres,100 km/h,150 mètres,Camion,Pas de besoin particulier,Voiture,Aucun,En approche,50 mètres,30 km/h
100988,Ensoleillé,Nuit,Mouillé,100 mètres,100 km/h,150 mètres,Véhicule prioritaire,Urgent (transport médical),Voiture,Aucun,En approche,10 mètres,80 km/h
101149,Ensoleillé,Nuit,Mouillé,100 mètres,100 km/h,150 mètres,Véhicule prioritaire,Pressé (travail/vol),Camion,Voiture,En approche,10 mètres,50 km/h
101193,Ensoleillé,Nuit,Mouillé,100 mètres,100 km/h,150 mètres,Véhicule prioritaire,Pas de besoin particulier,Véhicule prioritaire,Aucun,En approche,100 mètres,50 km/h
101240,Ensoleillé,Nuit,Mouillé,100 mètres,100 km/h,150 mètres,Véhicule prioritaire,Pas de besoin particulier,Camion,Voiture,En approche,10 mètres,30 km/h
101434,Ensoleillé,Nuit,Mouillé,100 mètres,100 km/h,200 mètres,Voiture,Pas de besoin particulier,Voiture,Aucun,En approche,100 mètres,30 km/h
101516,Ensoleillé,Nuit,Mouillé,100 mètres,100 km/h,200 mètres,Voiture,Pas de besoin particulier,Camion,Véhicule prioritaire,En approche,50 mètres,50 km/h
101740,Ensoleillé,Nuit,Mouillé,100 mètres,100 km/h,200 mètres,Camion,Pas de besoin particulier,Véhicule prioritaire,Aucun,En approche,10 mètres,30 km/h
102040,Ensoleillé,Nuit,Mouillé,100 mètres,100 km/h,200 mètres,Véhicule prioritaire,Pas de besoin particulier,Camion,Aucun,En approche,10 mètres,30 km/h
102041,Ensoleillé,Nuit,Mouillé,100 mètres,100 km/h,200 mètres,Véhicule prioritaire,Pas de besoin particulier,Camion,Voiture,À l'arrêt,0 mètre,0 km/h
102531,Ensoleillé,Nuit,Mouillé,50 mètres,35 km/h,10 mètres,Camion,Pas de besoin particulier,Voiture,Véhicule prioritaire,À l'arrêt,0 mètre,0 km/h
102570,Ensoleillé,Nuit,Mouillé,50 mètres,35 km/h,10 mètres,Camion,Pas de besoin particulier,Véhicule prioritaire,Véhicule prioritaire,En approche,10 mètres,30 km/h
102706,Ensoleillé,Nuit,Mouillé,50 mètres,35 km/h,10 mètres,Véhicule prioritaire,Pressé (travail/vol),Voiture,Voiture,En approche,50 mètres,50 km/h
102823,Ensoleillé,Nuit,Mouillé,50 mètres,35 km/h,10 mètres,Véhicule prioritaire,Pas de besoin particulier,Véhicule prioritaire,Voiture,En approche,100 mètres,50 km/h
103115,Ensoleillé,Nuit,Mouillé,50 mètres,35 km/h,50 mètres,Voiture,Pas de besoin particulier,Camion,Aucun,En approche,50 mètres,80 km/h
103252,Ensoleillé,Nuit,Mouillé,50 mètres,35 km/h,50 mètres,Camion,Pressé (travail/vol),Voiture,Véhicule prioritaire,En approche,100 mètres,80 km/h
103331,Ensoleillé,Nuit,Mouillé,50 mètres,35 km/h,50 mètres,Camion,Pas de besoin particulier,Voiture,Voiture,À l'arrêt,0 mètre,0 km/h
103436,Ensoleillé,Nuit,Mouillé,50 mètres,35 km/h,50 mètres,Véhicule prioritaire,Urgent (transport médical),Voiture,Véhicule prioritaire,En approche,50 mètres,50 km/h
103645,Ensoleillé,Nuit,Mouillé,50 mètres,35 km/h,50 mètres,Véhicule prioritaire,Pas de besoin particulier,Véhicule prioritaire,Véhicule prioritaire,En approche,50 mètres,80 km/h
103917,Ensoleillé,Nuit,Mouillé,50 mètres,35 km/h,100 mètres,Voiture,Pas de besoin particulier,Véhicule prioritaire,Véhicule prioritaire,En approche,50 mètres,30 km/h
103947,Ensoleillé,Nuit,Mouillé,50 mètres,35 km/h,100 mètres,Voiture,Pas de besoin particulier,Camion,Véhicule prioritaire,En approche,50 mètres,30 km/h
104045,Ensoleillé,Nuit,Mouillé,50 mètres,35 km/h,100 mètres,Camion,Pressé (travail/vol),Voiture,Aucun,En approche,50 mètres,80 km/h
104060,Ensoleillé,Nuit,Mouillé,50 mètres,35 km/h,100 mètres,Camion,Pressé (travail/vol),Voiture,Voiture,En approche,10 mètres,30 km/h
104504,Ensoleillé,Nuit,Mouillé,50 mètres,60 km/h,50 mètres,Voiture,Urgent (transport médical),Voiture,Voiture,En approche,100 mètres,30 km/h
104544,Ensoleillé,Nuit,Mouillé,50 mètres,60 km/h,50 mètres,Voiture,Urgent (transport médical),Véhicule prioritaire,Véhicule prioritaire,En approche,100 mètres,30 km/h
104549,Ensoleillé,Nuit,Mouillé,50 mètres,60 km/h,50 mètres,Voiture,Urgent (transport médical),Véhicule prioritaire,Véhicule prioritaire,En approche,10 mètres,50 km/h
104785,Ensoleillé,Nuit,Mouillé,50 mètres,60 km/h,50 mètres,Camion,Urgent (transport médical),Voiture,Véhicule prioritaire,En approche,50 mètres,80 km/h
104831,Ensoleillé,Nuit,Mouillé,50 mètres,60 km/h,50 mètres,Camion,Urgent (transport médical),Camion,Voiture,À l'arrêt,0 mètre,0 km/h
104952,Ensoleillé,Nuit,Mouillé,50 mètres,60 km/h,50 mètres,Camion,Pas de besoin particulier,Voiture,Voiture,En approche,100 mètres,80 km/h
105123,Ensoleillé,Nuit,Mouillé,50 mètres,60 km/h,50 mètres,Véhicule prioritaire,Pressé (travail/vol),Voiture,Aucun,En approche,100 mètres,50 km/h
105125,Ensoleillé,Nuit,Mouillé,50 mètres,60 km/h,50 mètres,Véhicule prioritaire,Pressé (travail/vol),Voiture,Aucun,En approche,50 mètres,80 km/h
105208,Ensoleillé,Nuit,Mouillé,50 mètres,60 km/h,50 mètres,Véhicule prioritaire,Pressé (travail/vol),Camion,Véhicule prioritaire,En approche,10 mètres,80 km/h
105231,Ensoleillé,Nuit,Mouillé,50 mètres,60 km/h,50 mètres,Véhicule prioritaire,Pas de besoin particulier,Voiture,Véhicule prioritaire,À l'arrêt,0 mètre,0 km/h
105399,Ensoleillé,Nuit,Mouillé,50 mètres,60 km/h,100 mètres,Voiture,Pressé (travail/vol),Voiture,Aucun,En approche,10 mètres,50 km/h
105541,Ensoleillé,Nuit,Mouillé,50 mètres,60 km/h,100 mètres,Voiture,Pas de besoin particulier,Camion,Aucun,À l'arrêt,0 mètre,0 km/h
105798,Ensoleillé,Nuit,Mouillé,50 mètres,60 km/h,100 mètres,Camion,Pas de besoin particulier,Véhicule prioritaire,Voiture,En approche,10 mètres,80 km/h
105856,Ensoleillé,Nuit,Mouillé,50 mètres,60 km/h,100 mètres,Véhicule prioritaire,Urgent (transport médical),Voiture,Voiture,En approche,50 mètres,50 km/h
105987,Ensoleillé,Nuit,Mouillé,50 mètres,60 km/h,100 mètres,Véhicule prioritaire,Pressé (travail/vol),Véhicule prioritaire,Véhicule prioritaire,En approche,50 mètres,30 km/h
106229,Ensoleillé,Nuit,Mouillé,50 mètres,60 km/h,150 mètres,Voiture,Pressé (travail/vol),Voiture,Véhicule prioritaire,En approche,10 mètres,50 km/h
106399,Ensoleillé,Nuit,Mouillé,50 mètres,60 km/h,150 mètres,Camion,Urgent (transport médical),Voiture,Voiture,En approche,10 mètres,50 km/h
106489,Ensoleillé,Nuit,Mouillé,50 mètres,60 km/h,150 mètres,Camion,Pressé (travail/vol),Voiture,Voiture,En approche,10 mètres,50 km/h
106547,Ensoleillé,Nuit,Mouillé,50 mètres,60 km/h,150 mètres,Camion,Pressé (travail/vol),Camion,Voiture,En approche,50 mètres,30 km/h
106634,Ensoleillé,Nuit,Mouillé,50 mètres,60 km/h,150 mètres,Camion,Pas de besoin particulier,Camion,Voiture,En approche,100 mètres,30 km/h
106697,Ensoleillé,Nuit,Mouillé,50 mètres,60 km/h,150 mètres,Véhicule prioritaire,Urgent (transport médical),Véhicule prioritaire,Voiture,En approche,50 mètres,30 km/h
106772,Ensoleillé,Nuit,Mouillé,50 mètres,60 km/h,150 mètres,Véhicule prioritaire,Pressé (travail/vol),Véhicule prioritaire,Aucun,En approche,100 mètres,80 km/h
106807,Ensoleillé,Nuit,Mouillé,50 mètres,60 km/h,150 mètres,Véhicule prioritaire,Pressé (travail/vol),Camion,Aucun,En approche,50 mètres,30 km/h
106875,Ensoleillé,Nuit,Mouillé,50 mètres,60 km/h,150 mètres,Véhicule prioritaire,Pas de besoin particulier,Véhicule prioritaire,Voiture,En approche,50 mètres,80 km/h
107032,Ensoleillé,Nuit,Mouillé,50 mètres,100 km/h,100 mètres,Voiture,Pressé (travail/vol),Voiture,Véhicule prioritaire,En approche,100 mètres,80 km/h
107141,Ensoleillé,Nuit,Mouillé,50 mètres,100 km/h,100 mètres,Voiture,Pas de besoin particulier,Véhicule prioritaire,Voiture,À l'arrêt,0 mètre,0 km/h
107288,Ensoleillé,Nuit,Mouillé,50 mètres,100 km/h,100 mètres,Camion,Pressé (travail/vol),Voiture,Aucun,En approche,10 mètres,80 km/h
107398,Ensoleillé,Nuit,Mouillé,50 mètres,100 km/h,100 mètres,Camion,Pas de besoin particulier,Voiture,Véhicule prioritaire,En approche,10 mètres,80 km/h
107403,Ensoleillé,Nuit,Mouillé,50 mètres,100 km/h,100 mètres,Camion,Pas de besoin particulier,Véhicule prioritaire,Aucun,En approche,100 mètres,50 km/h
107484,Ensoleillé,Nuit,Mouillé,50 mètres,100 km/h,100 mètres,Véhicule prioritaire,Urgent (transport médical),Voiture,Véhicule prioritaire,En approche,100 mètres,30 km/h
107544,Ensoleillé,Nuit,Mouillé,50 mètres,100 km/h,100 mètres,Véhicule prioritaire,Urgent (transport médical),Camion,Véhicule prioritaire,En approche,100 mètres,30 km/h
107751,Ensoleillé,Nuit,Mouillé,50 mètres,100 km/h,150 mètres,Voiture,Urgent (transport médical),Voiture,Véhicule prioritaire,À l'arrêt,0 mètre,0 km/h
107997,Ensoleillé,Nuit,Mouillé,50 mètres,100 km/h,150 mètres,Voiture,Pas de besoin particulier,Camion,Véhicule prioritaire,En approche,50 mètres,30 km/h
108090,Ensoleillé,Nuit,Mouillé,50 mètres,100 km/h,150 mètres,Camion,Urgent (transport médical),Camion,Véhicule prioritaire,En approche,10 mètres,30 km/h
108343,Ensoleillé,Nuit,Mouillé,50 mètres,100 km/h,150 mètres,Véhicule prioritaire,Urgent (transport médical),Camion,Voiture,En approche,100 mètres,50 km/h
108357,Ensoleillé,Nuit,Mouillé,50 mètres,100 km/h,150 mètres,Véhicule prioritaire,Urgent (transport médical),Camion,Véhicule prioritaire,En approche,50 mètres,30 km/h
108424,Ensoleillé,Nuit,Mouillé,50 mètres,100 km/h,150 mètres,Véhicule prioritaire,Pressé (travail/vol),Camion,Aucun,En approche,100 mètres,30 km/h
108556,Ensoleillé,Nuit,Mouillé,50 mètres,100 km/h,200 mètres,Voiture,Urgent (transport médical),Voiture,Voiture,En approche,50 mètres,50 km/h
108566,Ensoleillé,Nuit,Mouillé,50 mètres,100 km/h,200 mètres,Voiture,Urgent (transport médical),Voiture,Véhicule prioritaire,En approche,50 mètres,50 km/h
108623,Ensoleillé,Nuit,Mouillé,50 mètres,100 km/h,200 mètres,Voiture,Urgent (transport médical),Camion,Véhicule prioritaire,En approche,100 mètres,50 km/h
108656,Ensoleillé,Nuit,Mouillé,50 mètres,100 km/h,200 mètres,Voiture,Pressé (travail/vol),Voiture,Véhicule prioritaire,En approche,50 mètres,50 km/h
108853,Ensoleillé,Nuit,Mouillé,50 mètres,100 km/h,200 mètres,Camion,Urgent (transport médical),Véhicule prioritaire,Voiture,En approche,100 mètres,50 km/h
109162,Ensoleillé,Nuit,Mouillé,50 mètres,100 km/h,200 mètres,Véhicule prioritaire,Urgent (transport médical),Camion,Véhicule prioritaire,En approche,100 mètres,80 km/h
109231,Ensoleillé,Nuit,Mouillé,50 mètres,100 km/h,200 mètres,Véhicule prioritaire,Pressé (travail/vol),Camion,Aucun,À l'arrêt,0 mètre,0 km/h
109611,Ensoleillé,Nuit,Mouillé,20 mètres,35 km/h,10 mètres,Voiture,Pas de besoin particulier,Camion,Véhicule prioritaire,À l'arrêt,0 mètre,0 km/h
109648,Ensoleillé,Nuit,Mouillé,20 mètres,35 km/h,10 mètres,Camion,Urgent (transport médical),Voiture,Véhicule prioritaire,En approche,10 mètres,80 km/h
110097,Ensoleillé,Nuit,Mouillé,20 mètres,35 km/h,10 mètres,Véhicule prioritaire,Pas de besoin particulier,Voiture,Véhicule prioritaire,En approche,50 mètres,30 km/h
110901,Ensoleillé,Nuit,Mouillé,20 mètres,35 km/h,50 mètres,Véhicule prioritaire,Pas de besoin particulier,Voiture,Véhicule prioritaire,À l'arrêt,0 mètre,0 km/h
110978,Ensoleillé,Nuit,Mouillé,20 mètres,35 km/h,100 mètres,Voiture,Urgent (transport médical),Voiture,Aucun,En approche,10 mètres,80 km/h
110986,Ensoleillé,Nuit,Mouillé,20 mètres,35 km/h,100 mètres,Voiture,Urgent (transport médical),Voiture,Voiture,En approche,50 mètres,50 km/h
111095,Ensoleillé,Nuit,Mouillé,20 mètres,35 km/h,100 mètres,Voiture,Pressé (travail/vol),Véhicule prioritaire,Aucun,En approche,50 mètres,80 km/h
111151,Ensoleillé,Nuit,Mouillé,20 mètres,35 km/h,100 mètres,Voiture,Pas de besoin particulier,Voiture,Aucun,À l'arrêt,0 mètre,0 km/h
111324,Ensoleillé,Nuit,Mouillé,20 mètres,35 km/h,100 mètres,Camion,Urgent (transport médical),Camion,Véhicule prioritaire,En approche,100 mètres,30 km/h
111528,Ensoleillé,Nuit,Mouillé,20 mètres,35 km/h,100 mètres,Véhicule prioritaire,Urgent (transport médical),Voiture,Voiture,En approche,10 mètres,80 km/h
111660,Ensoleillé,Nuit,Mouillé,20 mètres,35 km/h,100 mètres,Véhicule prioritaire,Pressé (travail/vol),Véhicule prioritaire,Véhicule prioritaire,En approche,10 mètres,30 km/h
111849,Ensoleillé,Nuit,Mouillé,20 mètres,60 km/h,50 mètres,Voiture,Urgent (transport médical),Camion,Aucun,En approche,10 mètres,50 km/h
112079,Ensoleillé,Nuit,Mouillé,20 mètres,60 km/h,50 mètres,Camion,Urgent (transport médical),Voiture,Véhicule prioritaire,En approche,10 mètres,50 km/h
112278,Ensoleillé,Nuit,Mouillé,20 mètres,60 km/h,50 mètres,Camion,Pas de besoin particulier,Véhicule prioritaire,Voiture,En approche,10 mètres,80 km/h
112380,Ensoleillé,Nuit,Mouillé,20 mètres,60 km/h,50 mètres,Véhicule prioritaire,Urgent (transport médical),Véhicule prioritaire,Véhicule prioritaire,En approche,10 mètres,30 km/h
112424,Ensoleillé,Nuit,Mouillé,20 mètres,60 km/h,50 mètres,Véhicule prioritaire,Pressé (travail/vol),Voiture,Voiture,En approche,100 mètres,30 km/h
112680,Ensoleillé,Nuit,Mouillé,20 mètres,60 km/h,100 mètres,Voiture,Urgent (transport médical),Camion,Véhicule prioritaire,En approche,10 mètres,30 km/h
113015,Ensoleillé,Nuit,Mouillé,20 mètres,60 km/h,100 mètres,Camion,Pressé (travail/vol),Camion,Aucun,En approche,50 mètres,80 km/h
113280,Ensoleillé,Nuit,Mouillé,20 mètres,60 km/h,100 mètres,Véhicule prioritaire,Pressé (travail/vol),Véhicule prioritaire,Véhicule prioritaire,En approche,10 mètres,30 km/h
113396,Ensoleillé,Nuit,Mouillé,20 mètres,60 km/h,100 mètres,Véhicule prioritaire,Pas de besoin particulier,Camion,Véhicule prioritaire,En approche,50 mètres,50 km/h
113563,Ensoleillé,Nuit,Mouillé,20 mètres,60 km/h,150 mètres,Voiture,Pressé (travail/vol),Camion,Voiture,En approche,100 mètres,50 km/h
113836,Ensoleillé,Nuit,Mouillé,20 mètres,60 km/h,150 mètres,Camion,Pressé (travail/vol),Camion,Voiture,En approche,50 mètres,50 km/h
113953,Ensoleillé,Nuit,Mouillé,20 mètres,60 km/h,150 mètres,Véhicule prioritaire,Urgent (transport médical),Voiture,Voiture,En approche,100 mètres,50 km/h
114044,Ensoleillé,Nuit,Mouillé,20 mètres,60 km/h,150 mètres,Véhicule prioritaire,Pressé (travail/vol),Voiture,Voiture,En approche,100 mètres,30 km/h
114394,Ensoleillé,Nuit,Mouillé,20 mètres,100 km/h,100 mètres,Voiture,Pas de besoin particulier,Voiture,Aucun,En approche,100 mètres,30 km/h
114634,Ensoleillé,Nuit,Mouillé,20 mètres,100 km/h,100 mètres,Camion,Pressé (travail/vol),Camion,Aucun,En approche,100 mètres,30 km/h
114745,Ensoleillé,Nuit,Mouillé,20 mètres,100 km/h,100 mètres,Camion,Pas de besoin particulier,Camion,Véhicule prioritaire,En approche,50 mètres,80 km/h
114979,Ensoleillé,Nuit,Mouillé,20 mètres,100 km/h,100 mètres,Véhicule prioritaire,Pas de besoin particulier,Véhicule prioritaire,Voiture,En approche,10 mètres,50 km/h
115223,Ensoleillé,Nuit,Mouillé,20 mètres,100 km/h,150 mètres,Voiture,Pas de besoin particulier,Voiture,Véhicule prioritaire,En approche,100 mètres,50 km/h
115292,Ensoleillé,Nuit,Mouillé,20 mètres,100 km/h,150 mètres,Camion,Urgent (transport médical),Voiture,Aucun,En approche,100 mètres,80 km/h
115312,Ensoleillé,Nuit,Mouillé,20 mètres,100 km/h,150 mètres,Camion,Urgent (transport médical),Voiture,Véhicule prioritaire,En approche,100 mètres,80 km/h
115543,Ensoleillé,Nuit,Mouillé,20 mètres,100 km/h,150 mètres,Camion,Pas de besoin particulier,Camion,Voiture,En approche,100 mètres,50 km/h
115563,Ensoleillé,Nuit,Mouillé,20 mètres,100 km/h,150 mètres,Véhicule prioritaire,Urgent (transport médical),Voiture,Aucun,En approche,100 mètres,50 km/h
115603,Ensoleillé,Nuit,Mouillé,20 mètres,100 km/h,150 mètres,Véhicule prioritaire,Urgent (transport médical),Véhicule prioritaire,Voiture,En approche,100 mètres,50 km/h
115608,Ensoleillé,Nuit,Mouillé,20 mètres,100 km/h,150 mètres,Véhicule prioritaire,Urgent (transport médical),Véhicule prioritaire,Voiture,En approche,10 mètres,80 km/h
115628,Ensoleillé,Nuit,Mouillé,20 mètres,100 km/h,150 mètres,Véhicule prioritaire,Urgent (transport médical),Camion,Aucun,En approche,10 mètres,80 km/h
115654,Ensoleillé,Nuit,Mouillé,20 mètres,100 km/h,150 mètres,Véhicule prioritaire,Pressé (travail/vol),Voiture,Aucun,En approche,100 mètres,30 km/h
115657,Ensoleillé,Nuit,Mouillé,20 mètres,100 km/h,150 mètres,Véhicule prioritaire,Pressé (travail/vol),Voiture,Aucun,En approche,50 mètres,30 km/h
115749,Ensoleillé,Nuit,Mouillé,20 mètres,100 km/h,150 mètres,Véhicule prioritaire,Pas de besoin particulier,Voiture,Aucun,En approche,10 mètres,50 km/h
115804,Ensoleillé,Nuit,Mouillé,20 mètres,100 km/h,150 mètres,Véhicule prioritaire,Pas de besoin particulier,Camion,Aucun,En approche,100 mètres,30 km/h
115822,Ensoleillé,Nuit,Mouillé,20 mètres,100 km/h,150 mètres,Véhicule prioritaire,Pas de besoin particulier,Camion,Véhicule prioritaire,En approche,100 mètres,80 km/h
115835,Ensoleillé,Nuit,Mouillé,20 mètres,100 km/h,200 mètres,Voiture,Urgent (transport médical),Voiture,Aucun,En approche,50 mètres,80 km/h
115989,Ensoleillé,Nuit,Mouillé,20 mètres,100 km/h,200 mètres,Voiture,Pressé (travail/vol),Camion,Aucun,En approche,10 mètres,50 km/h
116018,Ensoleillé,Nuit,Mouillé,20 mètres,100 km/h,200 mètres,Voiture,Pas de besoin particulier,Voiture,Aucun,En approche,10 mètres,80 km/h
116086,Ensoleillé,Nuit,Mouillé,20 mètres,100 km/h,200 mètres,Voiture,Pas de besoin particulier,Camion,Voiture,En approche,50 mètres,50 km/h
116111,Ensoleillé,Nuit,Mouillé,20 mètres,100 km/h,200 mètres,Camion,Urgent (transport médical),Voiture,Voiture,À l'arrêt,0 mètre,0 km/h
116329,Ensoleillé,Nuit,Mouillé,20 mètres,100 km/h,200 mètres,Camion,Pas de besoin particulier,Véhicule prioritaire,Voiture,En approche,10 mètres,50 km/h
116517,Ensoleillé,Nuit,Mouillé,20 mètres,100 km/h,200 mètres,Véhicule prioritaire,Pressé (travail/vol),Véhicule prioritaire,Véhicule prioritaire,En approche,50 mètres,30 km/h
116638,Ensoleillé,Nuit,Mouillé,20 mètres,100 km/h,200 mètres,Véhicule prioritaire,Pas de besoin particulier,Camion,Véhicule prioritaire,En approche,10 mètres,80 km/h
116646,Pluvieux,Jour,Sec,Libre,35 km/h,10 mètres,Voiture,Urgent (transport médical),Voiture,Aucun,En approche,50 mètres,50 km/h
116692,Pluvieux,Jour,Sec,Libre,35 km/h,10 mètres,Voiture,Urgent (transport médical),Véhicule prioritaire,Véhicule prioritaire,En approche,100 mètres,80 km/h
116702,Pluvieux,Jour,Sec,Libre,35 km/h,10 mètres,Voiture,Urgent (transport médical),Camion,Aucun,En approche,100 mètres,80 km/h
116753,Pluvieux,Jour,Sec,Libre,35 km/h,10 mètres,Voiture,Pressé (travail/vol),Voiture,Véhicule prioritaire,En approche,100 mètres,50 km/h
116856,Pluvieux,Jour,Sec,Libre,35 km/h,10 mètres,Voiture,Pas de besoin particulier,Véhicule prioritaire,Aucun,En approche,50 mètres,50 km/h
116858,Pluvieux,Jour,Sec,Libre,35 km/h,10 mètres,Voiture,Pas de besoin particulier,Véhicule prioritaire,Aucun,En approche,10 mètres,80 km/h
117056,Pluvieux,Jour,Sec,Libre,35 km/h,10 mètres,Camion,Pressé (travail/vol),Véhicule prioritaire,Véhicule prioritaire,En approche,50 mètres,50 km/h
117441,Pluvieux,Jour,Sec,Libre,35 km/h,10 mètres,Véhicule prioritaire,Pas de besoin particulier,Camion,Véhicule prioritaire,À l'arrêt,0 mètre,0 km/h
117523,Pluvieux,Jour,Sec,Libre,35 km/h,50 mètres,Voiture,Urgent (transport médical),Camion,Voiture,En approche,100 mètres,50 km/h
117664,Pluvieux,Jour,Sec,Libre,35 km/h,50 mètres,Voiture,Pas de besoin particulier,Véhicule prioritaire,Aucun,En approche,100 mètres,30 km/h
117674,Pluvieux,Jour,Sec,Libre,35 km/h,50 mètres,Voiture,Pas de besoin particulier,Véhicule prioritaire,Voiture,En approche,100 mètres,30 km/h
117727,Pluvieux,Jour,Sec,Libre,35 km/h,50 mètres,Camion,Urgent (transport médical),Voiture,Aucun,En approche,50 mètres,30 km/h
117734,Pluvieux,Jour,Sec,Libre,35 km/h,50 mètres,Camion,Urgent (transport médical),Voiture,Voiture,En approche,100 mètres,30 km/h
117942,Pluvieux,Jour,Sec,Libre,35 km/h,50 mètres,Camion,Pas de besoin particulier,Véhicule prioritaire,Voiture,En approche,100 mètres,80 km/h
118545,Pluvieux,Jour,Sec,Libre,35 km/h,100 mètres,Camion,Urgent (transport médical),Voiture,Voiture,En approche,50 mètres,80 km/h
118665,Pluvieux,Jour,Sec,Libre,35 km/h,100 mètres,Camion,Pressé (travail/vol),Véhicule prioritaire,Voiture,En approche,50 mètres,80 km/h
118810,Pluvieux,Jour,Sec,Libre,35 km/h,100 mètres,Véhicule prioritaire,Urgent (transport médical),Voiture,Aucun,En approche,10 mètres,30 km/h
118815,Pluvieux,Jour,Sec,Libre,35 km/h,100 mètres,Véhicule prioritaire,Urgent (transport médical),Voiture,Voiture,En approche,50 mètres,80 km/h
118863,Pluvieux,Jour,Sec,Libre,35 km/h,100 mètres,Véhicule prioritaire,Urgent (transport médical),Camion,Aucun,En approche,100 mètres,50 km/h
119062,Pluvieux,Jour,Sec,Libre,35 km/h,100 mètres,Véhicule prioritaire,Pas de besoin particulier,Camion,Véhicule prioritaire,En approche,100 mètres,80 km/h
119099,Pluvieux,Jour,Sec,Libre,60 km/h,50 mètres,Voiture,Urgent (transport médical),Voiture,Véhicule prioritaire,En approche,10 mètres,50 km/h
119214,Pluvieux,Jour,Sec,Libre,60 km/h,50 mètres,Voiture,Pressé (travail/vol),Véhicule prioritaire,Véhicule prioritaire,En approche,100 mètres,30 km/h
119254,Pluvieux,Jour,Sec,Libre,60 km/h,50 mètres,Voiture,Pas de besoin particulier,Voiture,Aucun,En approche,100 mètres,30 km/h
119277,Pluvieux,Jour,Sec,Libre,60 km/h,50 mètres,Voiture,Pas de besoin particulier,Voiture,Véhicule prioritaire,En approche,50 mètres,30 km/h
119525,Pluvieux,Jour,Sec,Libre,60 km/h,50 mètres,Camion,Pas de besoin particulier,Voiture,Aucun,En approche,50 mètres,80 km/h
119680,Pluvieux,Jour,Sec,Libre,60 km/h,50 mètres,Véhicule prioritaire,Urgent (transport médical),Camion,Aucun,En approche,10 mètres,30 km/h
119767,Pluvieux,Jour,Sec,Libre,60 km/h,50 mètres,Véhicule prioritaire,Pressé (travail/vol),Camion,Aucun,En approche,50 mètres,30 km/h
119835,Pluvieux,Jour,Sec,Libre,60 km/h,50 mètres,Véhicule prioritaire,Pas de besoin particulier,Véhicule prioritaire,Voiture,En approche,50 mètres,80 km/h
119988,Pluvieux,Jour,Sec,Libre,60 km/h,100 mètres,Voiture,Pressé (travail/vol),Voiture,Voiture,En approche,10 mètres,80 km/h
120148,Pluvieux,Jour,Sec,Libre,60 km/h,100 mètres,Voiture,Pas de besoin particulier,Camion,Véhicule prioritaire,En approche,10 mètres,80 km/h
120159,Pluvieux,Jour,Sec,Libre,60 km/h,100 mètres,Camion,Urgent (transport médical),Voiture,Aucun,En approche,10 mètres,50 km/h
120167,Pluvieux,Jour,Sec,Libre,60 km/h,100 mètres,Camion,Urgent (transport médical),Voiture,Voiture,En approche,50 mètres,30 km/h
120193,Pluvieux,Jour,Sec,Libre,60 km/h,100 mètres,Camion,Urgent (transport médical),Véhicule prioritaire,Voiture,En approche,100 mètres,50 km/h
120253,Pluvieux,Jour,Sec,Libre,60 km/h,100 mètres,Camion,Pressé (travail/vol),Voiture,Voiture,En approche,100 mètres,50 km/h
120832,Pluvieux,Jour,Sec,Libre,60 km/h,150 mètres,Voiture,Pressé (travail/vol),Véhicule prioritaire,Véhicule prioritaire,En approche,100 mètres,80 km/h
121061,Pluvieux,Jour,Sec,Libre,60 km/h,150 mètres,Camion,Pressé (travail/vol),Voiture,Voiture,À l'arrêt,0 mètre,0 km/h
121441,Pluvieux,Jour,Sec,Libre,60 km/h,150 mètres,Véhicule prioritaire,Pas de besoin particulier,Véhicule prioritaire,Aucun,À l'arrêt,0 mètre,0 km/h
121548,Pluvieux,Jour,Sec,Libre,100 km/h,100 mètres,Voiture,Urgent (transport médical),Véhicule prioritaire,Voiture,En approche,10 mètres,80 km/h
121921,Pluvieux,Jour,Sec,Libre,100 km/h,100 mètres,Camion,Pressé (travail/vol),Camion,Aucun,À l'arrêt,0 mètre,0 km/h
122145,Pluvieux,Jour,Sec,Libre,100 km/h,100 mètres,Véhicule prioritaire,Pressé (travail/vol),Voiture,Voiture,En approche,50 mètres,80 km/h
122158,Pluvieux,Jour,Sec,Libre,100 km/h,100 mètres,Véhicule prioritaire,Pressé (travail/vol),Voiture,Véhicule prioritaire,En approche,10 mètres,80 km/h
122359,Pluvieux,Jour,Sec,Libre,100 km/h,150 mètres,Voiture,Urgent (transport médical),Véhicule prioritaire,Voiture,En approche,10 mètres,50 km/h
122559,Pluvieux,Jour,Sec,Libre,100 km/h,150 mètres,Voiture,Pas de besoin particulier,Camion,Aucun,En approche,10 mètres,50 km/h
122800,Pluvieux,Jour,Sec,Libre,100 km/h,150 mètres,Camion,Pas de besoin particulier,Véhicule prioritaire,Aucun,En approche,10 mètres,30 km/h
122827,Pluvieux,Jour,Sec,Libre,100 km/h,150 mètres,Camion,Pas de besoin particulier,Camion,Aucun,En approche,50 mètres,30 km/h
122934,Pluvieux,Jour,Sec,Libre,100 km/h,150 mètres,Véhicule prioritaire,Urgent (transport médical),Camion,Véhicule prioritaire,En approche,100 mètres,30 km/h
123163,Pluvieux,Jour,Sec,Libre,100 km/h,200 mètres,Voiture,Urgent (transport médical),Véhicule prioritaire,Voiture,En approche,100 mètres,50 km/h
123176,Pluvieux,Jour,Sec,Libre,100 km/h,200 mètres,Voiture,Urgent (transport médical),Véhicule prioritaire,Véhicule prioritaire,En approche,50 mètres,50 km/h
123205,Pluvieux,Jour,Sec,Libre,100 km/h,200 mètres,Voiture,Urgent (transport médical),Camion,Véhicule prioritaire,En approche,50 mètres,80 km/h
123330,Pluvieux,Jour,Sec,Libre,100 km/h,200 mètres,Voiture,Pas de besoin particulier,Voiture,Véhicule prioritaire,En approche,10 mètres,30 km/h
123346,Pluvieux,Jour,Sec,Libre,100 km/h,200 mètres,Voiture,Pas de besoin particulier,Véhicule prioritaire,Voiture,En approche,50 mètres,50 km/h
123497,Pluvieux,Jour,Sec,Libre,100 km/h,200 mètres,Camion,Pressé (travail/vol),Voiture,Voiture,En approche,50 mètres,30 km/h
123546,Pluvieux,Jour,Sec,Libre,100 km/h,200 mètres,Camion,Pressé (travail/vol),Camion,Aucun,En approche,50 mètres,50 km/h
123641,Pluvieux,Jour,Sec,Libre,100 km/h,200 mètres,Camion,Pas de besoin particulier,Camion,Voiture,À l'arrêt,0 mètre,0 km/h
123877,Pluvieux,Jour,Sec,Libre,100 km/h,200 mètres,Véhicule prioritaire,Pas de besoin particulier,Véhicule prioritaire,Aucun,En approche,50 mètres,30 km/h
124040,Pluvieux,Jour,Sec,100 mètres,35 km/h,10 mètres,Voiture,Pressé (travail/vol),Voiture,Voiture,En approche,10 mètres,30 km/h
124304,Pluvieux,Jour,Sec,100 mètres,35 km/h,10 mètres,Camion,Pressé (travail/vol),Voiture,Voiture,En approche,100 mètres,30 km/h
124467,Pluvieux,Jour,Sec,100 mètres,35 km/h,10 mètres,Camion,Pas de besoin particulier,Camion,Véhicule prioritaire,En approche,50 mètres,30 km/h
124677,Pluvieux,Jour,Sec,100 mètres,35 km/h,10 mètres,Véhicule prioritaire,Pas de besoin particulier,Voiture,Véhicule prioritaire,En approche,50 mètres,30 km/h
124770,Pluvieux,Jour,Sec,100 mètres,35 km/h,50 mètres,Voiture,Urgent (transport médical),Voiture,Véhicule prioritaire,En approche,10 mètres,30 km/h
124842,Pluvieux,Jour,Sec,100 mètres,35 km/h,50 mètres,Voiture,Pressé (travail/vol),Voiture,Voiture,En approche,100 mètres,80 km/h
124887,Pluvieux,Jour,Sec,100 mètres,35 km/h,50 mètres,Voiture,Pressé (travail/vol),Véhicule prioritaire,Véhicule prioritaire,En approche,50 mètres,30 km/h
124895,Pluvieux,Jour,Sec,100 mètres,35 km/h,50 mètres,Voiture,Pressé (travail/vol),Camion,Aucun,En approche,50 mètres,80 km/h
125284,Pluvieux,Jour,Sec,100 mètres,35 km/h,50 mètres,Véhicule prioritaire,Urgent (transport médical),Voiture,Aucun,En approche,100 mètres,30 km/h
125631,Pluvieux,Jour,Sec,100 mètres,35 km/h,100 mètres,Voiture,Urgent (transport médical),Camion,Véhicule prioritaire,À l'arrêt,0 mètre,0 km/h
125787,Pluvieux,Jour,Sec,100 mètres,35 km/h,100 mètres,Voiture,Pas de besoin particulier,Véhicule prioritaire,Véhicule prioritaire,En approche,50 mètres,30 km/h
126065,Pluvieux,Jour,Sec,100 mètres,35 km/h,100 mètres,Camion,Pas de besoin particulier,Camion,Aucun,En approche,50 mètres,80 km/h
126179,Pluvieux,Jour,Sec,100 mètres,35 km/h,100 mètres,Véhicule prioritaire,Urgent (transport médical),Camion,Véhicule prioritaire,En approche,10 mètres,50 km/h
126331,Pluvieux,Jour,Sec,100 mètres,35 km/h,100 mètres,Véhicule prioritaire,Pas de besoin particulier,Camion,Aucun,À l'arrêt,0 mètre,0 km/h
126716,Pluvieux,Jour,Sec,100 mètres,60 km/h,50 mètres,Camion,Urgent (transport médical),Camion,Véhicule prioritaire,En approche,50 mètres,50 km/h
126963,Pluvieux,Jour,Sec,100 mètres,60 km/h,50 mètres,Véhicule prioritaire,Urgent (transport médical),Camion,Aucun,En approche,100 mètres,50 km/h
127452,Pluvieux,Jour,Sec,100 mètres,60 km/h,100 mètres,Camion,Urgent (transport médical),Voiture,Voiture,En approche,100 mètres,80 km/h
127542,Pluvieux,Jour,Sec,100 mètres,60 km/h,100 mètres,Camion,Pressé (travail/vol),Voiture,Voiture,En approche,100 mètres,80 km/h
127721,Pluvieux,Jour,Sec,100 mètres,60 km/h,100 mètres,Véhicule prioritaire,Urgent (transport médical),Voiture,Voiture,À l'arrêt,0 mètre,0 km/h
127830,Pluvieux,Jour,Sec,100 mètres,60 km/h,100 mètres,Véhicule prioritaire,Pressé (travail/vol),Voiture,Véhicule prioritaire,En approche,10 mètres,30 km/h
127961,Pluvieux,Jour,Sec,100 mètres,60 km/h,100 mètres,Véhicule prioritaire,Pas de besoin particulier,Camion,Voiture,À l'arrêt,0 mètre,0 km/h
127982,Pluvieux,Jour,Sec,100 mètres,60 km/h,150 mètres,Voiture,Urgent (transport médical),Voiture,Aucun,En approche,100 mètres,80 km/h
128435,Pluvieux,Jour,Sec,100 mètres,60 km/h,150 mètres,Camion,Pas de besoin particulier,Voiture,Aucun,En approche,50 mètres,80 km/h
128438,Pluvieux,Jour,Sec,100 mètres,60 km/h,150 mètres,Camion,Pas de besoin particulier,Voiture,Aucun,En approche,10 mètres,80 km/h
128983,Pluvieux,Jour,Sec,100 mètres,100 km/h,100 mètres,Voiture,Pas de besoin particulier,Voiture,Voiture,En approche,100 mètres,50 km/h
129126,Pluvieux,Jour,Sec,100 mètres,100 km/h,100 mètres,Camion,Urgent (transport médical),Camion,Aucun,En approche,50 mètres,50 km/h
129353,Pluvieux,Jour,Sec,100 mètres,100 km/h,100 mètres,Véhicule prioritaire,Urgent (transport médical),Voiture,Véhicule prioritaire,En approche,100 mètres,50 km/h
129374,Pluvieux,Jour,Sec,100 mètres,100 km/h,100 mètres,Véhicule prioritaire,Urgent (transport médical),Véhicule prioritaire,Voiture,En approche,100 mètres,30 km/h
129560,Pluvieux,Jour,Sec,100 mètres,100 km/h,100 mètres,Véhicule prioritaire,Pas de besoin particulier,Véhicule prioritaire,Voiture,En approche,10 mètres,30 km/h
129756,Pluvieux,Jour,Sec,100 mètres,100 km/h,150 mètres,Voiture,Pressé (travail/vol),Camion,Aucun,En approche,50 mètres,50 km/h
129931,Pluvieux,Jour,Sec,100 mètres,100 km/h,150 mètres,Camion,Urgent (transport médical),Camion,Aucun,À l'arrêt,0 mètre,0 km/h
130366,Pluvieux,Jour,Sec,100 mètres,100 km/h,150 mètres,Véhicule prioritaire,Pas de besoin particulier,Véhicule prioritaire,Voiture,En approche,50 mètres,50 km/h
130370,Pluvieux,Jour,Sec,100 mètres,100 km/h,150 mètres,Véhicule prioritaire,Pas de besoin particulier,Véhicule prioritaire,Voiture,En approche,10 mètres,30 km/h
130451,Pluvieux,Jour,Sec,100 mètres,100 km/h,200 mètres,Voiture,Urgent (transport médical),Véhicule prioritaire,Voiture,À l'arrêt,0 mètre,0 km/h
130533,Pluvieux,Jour,Sec,100 mètres,100 km/h,200 mètres,Voiture,Pressé (travail/vol),Véhicule prioritaire,Aucun,En approche,100 mètres,50 km/h
130608,Pluvieux,Jour,Sec,100 mètres,100 km/h,200 mètres,Voiture,Pas de besoin particulier,Voiture,Voiture,En approche,10 mètres,80 km/h
130617,Pluvieux,Jour,Sec,100 mètres,100 km/h,200 mètres,Voiture,Pas de besoin particulier,Voiture,Véhicule prioritaire,En approche,50 mètres,30 km/h
130623,Pluvieux,Jour,Sec,100 mètres,100 km/h,200 mètres,Voiture,Pas de besoin particulier,Véhicule prioritaire,Aucun,En approche,100 mètres,50 km/h
130632,Pluvieux,Jour,Sec,100 mètres,100 km/h,200 mètres,Voiture,Pas de besoin particulier,Véhicule prioritaire,Voiture,En approche,100 mètres,80 km/h
130940,Pluvieux,Jour,Sec,100 mètres,100 km/h,200 mètres,Camion,Pas de besoin particulier,Camion,Voiture,En approche,10 mètres,30 km/h
131167,Pluvieux,Jour,Sec,100 mètres,100 km/h,200 mètres,Véhicule prioritaire,Pas de besoin particulier,Véhicule prioritaire,Aucun,En approche,50 mètres,30 km/h
131257,Pluvieux,Jour,Sec,50 mètres,35 km/h,10 mètres,Voiture,Urgent (transport médical),Véhicule prioritaire,Aucun,En approche,50 mètres,30 km/h
131260,Pluvieux,Jour,Sec,50 mètres,35 km/h,10 mètres,Voiture,Urgent (transport médical),Véhicule prioritaire,Aucun,En approche,10 mètres,30 km/h
131396,Pluvieux,Jour,Sec,50 mètres,35 km/h,10 mètres,Voiture,Pressé (travail/vol),Camion,Véhicule prioritaire,En approche,50 mètres,50 km/h
131450,Pluvieux,Jour,Sec,50 mètres,35 km/h,10 mètres,Voiture,Pas de besoin particulier,Véhicule prioritaire,Voiture,En approche,10 mètres,30 km/h
131589,Pluvieux,Jour,Sec,50 mètres,35 km/h,10 mètres,Camion,Pressé (travail/vol),Voiture,Aucun,En approche,10 mètres,50 km/h
131592,Pluvieux,Jour,Sec,50 mètres,35 km/h,10 mètres,Camion,Pressé (travail/vol),Voiture,Voiture,En approche,100 mètres,80 km/h
131715,Pluvieux,Jour,Sec,50 mètres,35 km/h,10 mètres,Camion,Pas de besoin particulier,Véhicule prioritaire,Voiture,En approche,50 mètres,80 km/h
131763,Pluvieux,Jour,Sec,50 mètres,35 km/h,10 mètres,Véhicule prioritaire,Urgent (transport médical),Voiture,Aucun,En approche,100 mètres,50 km/h
131781,Pluvieux,Jour,Sec,50 mètres,35 km/h,10 mètres,Véhicule prioritaire,Urgent (transport médical),Voiture,Véhicule prioritaire,À l'arrêt,0 mètre,0 km/h
132051,Pluvieux,Jour,Sec,50 mètres,35 km/h,50 mètres,Voiture,Urgent (transport médical),Voiture,Véhicule prioritaire,À l'arrêt,0 mètre,0 km/h
132577,Pluvieux,Jour,Sec,50 mètres,35 km/h,50 mètres,Véhicule prioritaire,Urgent (transport médical),Voiture,Aucun,En approche,50 mètres,30 km/h
132936,Pluvieux,Jour,Sec,50 mètres,35 km/h,100 mètres,Voiture,Pressé (travail/vol),Voiture,Aucun,En approche,50 mètres,50 km/h
133039,Pluvieux,Jour,Sec,50 mètres,35 km/h,100 mètres,Voiture,Pas de besoin particulier,Voiture,Voiture,En approche,10 mètres,50 km/h
133074,Pluvieux,Jour,Sec,50 mètres,35 km/h,100 mètres,Voiture,Pas de besoin particulier,Véhicule prioritaire,Véhicule prioritaire,En approche,100 mètres,30 km/h
133145,Pluvieux,Jour,Sec,50 mètres,35 km/h,100 mètres,Camion,Urgent (transport médical),Véhicule prioritaire,Aucun,En approche,50 mètres,80 km/h
133329,Pluvieux,Jour,Sec,50 mètres,35 km/h,100 mètres,Camion,Pas de besoin particulier,Véhicule prioritaire,Aucun,En approche,10 mètres,50 km/h
133334,Pluvieux,Jour,Sec,50 mètres,35 km/h,100 mètres,Camion,Pas de besoin particulier,Véhicule prioritaire,Voiture,En approche,100 mètres,30 km/h
133409,Pluvieux,Jour,Sec,50 mètres,35 km/h,100 mètres,Véhicule prioritaire,Urgent (transport médical),Voiture,Véhicule prioritaire,En approche,10 mètres,50 km/h
133505,Pluvieux,Jour,Sec,50 mètres,35 km/h,100 mètres,Véhicule prioritaire,Pressé (travail/vol),Véhicule prioritaire,Aucun,En approche,50 mètres,80 km/h
133547,Pluvieux,Jour,Sec,50 mètres,35 km/h,100 mètres,Véhicule prioritaire,Pressé (travail/vol),Camion,Voiture,En approche,50 mètres,30 km/h
133745,Pluvieux,Jour,Sec,50 mètres,60 km/h,50 mètres,Voiture,Pressé (travail/vol),Voiture,Aucun,En approche,50 mètres,80 km/h
133807,Pluvieux,Jour,Sec,50 mètres,60 km/h,50 mètres,Voiture,Pressé (travail/vol),Camion,Aucun,En approche,50 mètres,30 km/h
134014,Pluvieux,Jour,Sec,50 mètres,60 km/h,50 mètres,Camion,Pressé (travail/vol),Voiture,Aucun,En approche,100 mètres,30 km/h
134326,Pluvieux,Jour,Sec,50 mètres,60 km/h,50 mètres,Véhicule prioritaire,Pressé (travail/vol),Véhicule prioritaire,Voiture,En approche,50 mètres,50 km/h
134541,Pluvieux,Jour,Sec,50 mètres,60 km/h,100 mètres,Voiture,Urgent (transport médical),Camion,Véhicule prioritaire,À l'arrêt,0 mètre,0 km/h
134853,Pluvieux,Jour,Sec,50 mètres,60 km/h,100 mètres,Camion,Pressé (travail/vol),Véhicule prioritaire,Aucun,En approche,100 mètres,50 km/h
135105,Pluvieux,Jour,Sec,50 mètres,60 km/h,100 mètres,Véhicule prioritaire,Pressé (travail/vol),Voiture,Voiture,En approche,50 mètres,80 km/h
135496,Pluvieux,Jour,Sec,50 mètres,60 km/h,150 mètres,Voiture,Pas de besoin particulier,Véhicule prioritaire,Voiture,En approche,50 mètres,50 km/h
135944,Pluvieux,Jour,Sec,50 mètres,60 km/h,150 mètres,Véhicule prioritaire,Pressé (travail/vol),Véhicule prioritaire,Voiture,En approche,100 mètres,30 km/h
136091,Pluvieux,Jour,Sec,50 mètres,100 km/h,100 mètres,Voiture,Urgent (transport médical),Voiture,Voiture,À l'arrêt,0 mètre,0 km/h
136606,Pluvieux,Jour,Sec,50 mètres,100 km/h,100 mètres,Camion,Pas de besoin particulier,Camion,Voiture,En approche,50 mètres,50 km/h
136624,Pluvieux,Jour,Sec,50 mètres,100 km/h,100 mètres,Véhicule prioritaire,Urgent (transport médical),Voiture,Aucun,En approche,100 mètres,30 km/h
136670,Pluvieux,Jour,Sec,50 mètres,100 km/h,100 mètres,Véhicule prioritaire,Urgent (transport médical),Véhicule prioritaire,Voiture,En approche,10 mètres,30 km/h
136730,Pluvieux,Jour,Sec,50 mètres,100 km/h,100 mètres,Véhicule prioritaire,Pressé (travail/vol),Voiture,Voiture,En approche,10 mètres,30 km/h
136848,Pluvieux,Jour,Sec,50 mètres,100 km/h,100 mètres,Véhicule prioritaire,Pas de besoin particulier,Véhicule prioritaire,Voiture,En approche,10 mètres,80 km/h
136973,Pluvieux,Jour,Sec,50 mètres,100 km/h,150 mètres,Voiture,Urgent (transport médical),Camion,Véhicule prioritaire,En approche,100 mètres,50 km/h
137152,Pluvieux,Jour,Sec,50 mètres,100 km/h,150 mètres,Voiture,Pas de besoin particulier,Camion,Véhicule prioritaire,En approche,100 mètres,80 km/h
137155,Pluvieux,Jour,Sec,50 mètres,100 km/h,150 mètres,Voiture,Pas de besoin particulier,Camion,Véhicule prioritaire,En approche,50 mètres,80 km/h
137186,Pluvieux,Jour,Sec,50 mètres,100 km/h,150 mètres,Camion,Urgent (transport médical),Voiture,Véhicule prioritaire,En approche,50 mètres,50 km/h
137619,Pluvieux,Jour,Sec,50 mètres,100 km/h,150 mètres,Véhicule prioritaire,Pas de besoin particulier,Voiture,Aucun,En approche,10 mètres,50 km/h
137723,Pluvieux,Jour,Sec,50 mètres,100 km/h,200 mètres,Voiture,Urgent (transport médical),Voiture,Véhicule prioritaire,En approche,100 mètres,50 km/h
137764,Pluvieux,Jour,Sec,50 mètres,100 km/h,200 mètres,Voiture,Urgent (transport médical),Camion,Aucun,En approche,100 mètres,30 km/h
137964,Pluvieux,Jour,Sec,50 mètres,100 km/h,200 mètres,Voiture,Pas de besoin particulier,Camion,Véhicule prioritaire,En approche,100 mètres,30 km/h
138011,Pluvieux,Jour,Sec,50 mètres,100 km/h,200 mètres,Camion,Urgent (transport médical),Véhicule prioritaire,Voiture,À l'arrêt,0 mètre,0 km/h
138034,Pluvieux,Jour,Sec,50 mètres,100 km/h,200 mètres,Camion,Urgent (transport médical),Camion,Aucun,En approche,100 mètres,30 km/h
138053,Pluvieux,Jour,Sec,50 mètres,100 km/h,200 mètres,Camion,Urgent (transport médical),Camion,Véhicule prioritaire,En approche,100 mètres,50 km/h
138135,Pluvieux,Jour,Sec,50 mètres,100 km/h,200 mètres,Camion,Pressé (travail/vol),Camion,Voiture,En approche,50 mètres,80 km/h
138222,Pluvieux,Jour,Sec,50 mètres,100 km/h,200 mètres,Camion,Pas de besoin particulier,Camion,Voiture,En approche,100 mètres,80 km/h
138390,Pluvieux,Jour,Sec,50 mètres,100 km/h,200 mètres,Véhicule prioritaire,Pressé (travail/vol),Véhicule prioritaire,Véhicule prioritaire,En approche,10 mètres,30 km/h
138418,Pluvieux,Jour,Sec,50 mètres,100 km/h,200 mètres,Véhicule prioritaire,Pressé (travail/vol),Camion,Véhicule prioritaire,En approche,10 mètres,80 km/h
138617,Pluvieux,Jour,Sec,20 mètres,35 km/h,10 mètres,Voiture,Pressé (travail/vol),Voiture,Voiture,En approche,50 mètres,30 km/h
138662,Pluvieux,Jour,Sec,20 mètres,35 km/h,10 mètres,Voiture,Pressé (travail/vol),Camion,Aucun,En approche,100 mètres,80 km/h
138681,Pluvieux,Jour,Sec,20 mètres,35 km/h,10 mètres,Voiture,Pressé (travail/vol),Camion,Véhicule prioritaire,À l'arrêt,0 mètre,0 km/h
138788,Pluvieux,Jour,Sec,20 mètres,35 km/h,10 mètres,Camion,Urgent (transport médical),Voiture,Aucun,En approche,10 mètres,80 km/h
138937,Pluvieux,Jour,Sec,20 mètres,35 km/h,10 mètres,Camion,Pressé (travail/vol),Camion,Aucun,En approche,50 mètres,30 km/h
138957,Pluvieux,Jour,Sec,20 mètres,35 km/h,10 mètres,Camion,Pressé (travail/vol),Camion,Véhicule prioritaire,En approche,50 mètres,30 km/h
139027,Pluvieux,Jour,Sec,20 mètres,35 km/h,10 mètres,Camion,Pas de besoin particulier,Camion,Aucun,En approche,50 mètres,30 km/h
139177,Pluvieux,Jour,Sec,20 mètres,35 km/h,10 mètres,Véhicule prioritaire,Pressé (travail/vol),Véhicule prioritaire,Aucun,En approche,50 mètres,30 km/h
139254,Pluvieux,Jour,Sec,20 mètres,35 km/h,10 mètres,Véhicule prioritaire,Pas de besoin particulier,Voiture,Véhicule prioritaire,En approche,100 mètres,30 km/h
139307,Pluvieux,Jour,Sec,20 mètres,35 km/h,10 mètres,Véhicule prioritaire,Pas de besoin particulier,Camion,Voiture,En approche,50 mètres,30 km/h
139315,Pluvieux,Jour,Sec,20 mètres,35 km/h,10 mètres,Véhicule prioritaire,Pas de besoin particulier,Camion,Véhicule prioritaire,En approche,50 mètres,80 km/h
139354,Pluvieux,Jour,Sec,20 mètres,35 km/h,50 mètres,Voiture,Urgent (transport médical),Véhicule prioritaire,Aucun,En approche,100 mètres,30 km/h
139390,Pluvieux,Jour,Sec,20 mètres,35 km/h,50 mètres,Voiture,Urgent (transport médical),Camion,Aucun,En approche,10 mètres,30 km/h
139585,Pluvieux,Jour,Sec,20 mètres,35 km/h,50 mètres,Voiture,Pas de besoin particulier,Camion,Véhicule prioritaire,En approche,50 mètres,80 km/h
139637,Pluvieux,Jour,Sec,20 mètres,35 km/h,50 mètres,Camion,Urgent (transport médical),Véhicule prioritaire,Voiture,En approche,50 mètres,30 km/h
139665,Pluvieux,Jour,Sec,20 mètres,35 km/h,50 mètres,Camion,Urgent (transport médical),Camion,Voiture,En approche,50 mètres,80 km/h
140056,Pluvieux,Jour,Sec,20 mètres,35 km/h,50 mètres,Véhicule prioritaire,Pas de besoin particulier,Voiture,Voiture,En approche,50 mètres,50 km/h
140069,Pluvieux,Jour,Sec,20 mètres,35 km/h,50 mètres,Véhicule prioritaire,Pas de besoin particulier,Voiture,Véhicule prioritaire,En approche,10 mètres,50 km/h
140484,Pluvieux,Jour,Sec,20 mètres,35 km/h,100 mètres,Camion,Urgent (transport médical),Camion,Véhicule prioritaire,En approche,100 mètres,30 km/h
140659,Pluvieux,Jour,Sec,20 mètres,35 km/h,100 mètres,Camion,Pas de besoin particulier,Camion,Voiture,En approche,10 mètres,50 km/h
140696,Pluvieux,Jour,Sec,20 mètres,35 km/h,100 mètres,Véhicule prioritaire,Urgent (transport médical),Voiture,Véhicule prioritaire,En approche,50 mètres,50 km/h
140739,Pluvieux,Jour,Sec,20 mètres,35 km/h,100 mètres,Véhicule prioritaire,Urgent (transport médical),Camion,Aucun,En approche,10 mètres,50 km/h
140757,Pluvieux,Jour,Sec,20 mètres,35 km/h,100 mètres,Véhicule prioritaire,Urgent (transport médical),Camion,Véhicule prioritaire,En approche,50 mètres,30 km/h
140759,Pluvieux,Jour,Sec,20 mètres,35 km/h,100 mètres,Véhicule prioritaire,Urgent (transport médical),Camion,Véhicule prioritaire,En approche,10 mètres,50 km/h
140812,Pluvieux,Jour,Sec,20 mètres,35 km/h,100 mètres,Véhicule prioritaire,Pressé (travail/vol),Véhicule prioritaire,Véhicule prioritaire,En approche,100 mètres,80 km/h
140931,Pluvieux,Jour,Sec,20 mètres,35 km/h,100 mètres,Véhicule prioritaire,Pas de besoin particulier,Camion,Véhicule prioritaire,À l'arrêt,0 mètre,0 km/h
141018,Pluvieux,Jour,Sec,20 mètres,60 km/h,50 mètres,Voiture,Urgent (transport médical),Camion,Voiture,En approche,10 mètres,80 km/h
141151,Pluvieux,Jour,Sec,20 mètres,60 km/h,50 mètres,Voiture,Pas de besoin particulier,Véhicule prioritaire,Aucun,À l'arrêt,0 mètre,0 km/h
141506,Pluvieux,Jour,Sec,20 mètres,60 km/h,50 mètres,Véhicule prioritaire,Urgent (transport médical),Voiture,Véhicule prioritaire,En approche,50 mètres,50 km/h
141552,Pluvieux,Jour,Sec,20 mètres,60 km/h,50 mètres,Véhicule prioritaire,Urgent (transport médical),Camion,Voiture,En approche,100 mètres,80 km/h
141576,Pluvieux,Jour,Sec,20 mètres,60 km/h,50 mètres,Véhicule prioritaire,Pressé (travail/vol),Voiture,Aucun,En approche,50 mètres,50 km/h
141940,Pluvieux,Jour,Sec,20 mètres,60 km/h,100 mètres,Voiture,Pas de besoin particulier,Voiture,Aucun,En approche,10 mètres,30 km/h
141943,Pluvieux,Jour,Sec,20 mètres,60 km/h,100 mètres,Voiture,Pas de besoin particulier,Voiture,Voiture,En approche,100 mètres,50 km/h
141970,Pluvieux,Jour,Sec,20 mètres,60 km/h,100 mètres,Voiture,Pas de besoin particulier,Véhicule prioritaire,Aucun,En approche,10 mètres,30 km/h
142089,Pluvieux,Jour,Sec,20 mètres,60 km/h,100 mètres,Camion,Urgent (transport médical),Camion,Aucun,En approche,10 mètres,50 km/h
142135,Pluvieux,Jour,Sec,20 mètres,60 km/h,100 mètres,Camion,Pressé (travail/vol),Voiture,Véhicule prioritaire,En approche,50 mètres,80 km/h
142538,Pluvieux,Jour,Sec,20 mètres,60 km/h,100 mètres,Véhicule prioritaire,Pas de besoin particulier,Camion,Aucun,En approche,10 mètres,80 km/h
142975,Pluvieux,Jour,Sec,20 mètres,60 km/h,150 mètres,Camion,Pressé (travail/vol),Véhicule prioritaire,Véhicule prioritaire,En approche,50 mètres,80 km/h
143113,Pluvieux,Jour,Sec,20 mètres,60 km/h,150 mètres,Véhicule prioritaire,Urgent (transport médical),Voiture,Voiture,En approche,100 mètres,50 km/h
143179,Pluvieux,Jour,Sec,20 mètres,60 km/h,150 mètres,Véhicule prioritaire,Urgent (transport médical),Camion,Voiture,En approche,10 mètres,50 km/h
143445,Pluvieux,Jour,Sec,20 mètres,100 km/h,100 mètres,Voiture,Urgent (transport médical),Camion,Voiture,En approche,50 mètres,80 km/h
143551,Pluvieux,Jour,Sec,20 mètres,100 km/h,100 mètres,Voiture,Pas de besoin particulier,Voiture,Aucun,À l'arrêt,0 mètre,0 km/h
143559,Pluvieux,Jour,Sec,20 mètres,100 km/h,100 mètres,Voiture,Pas de besoin particulier,Voiture,Aucun,En approche,10 mètres,50 km/h
143667,Pluvieux,Jour,Sec,20 mètres,100 km/h,100 mètres,Camion,Urgent (transport médical),Voiture,Véhicule prioritaire,En approche,50 mètres,30 km/h
143754,Pluvieux,Jour,Sec,20 mètres,100 km/h,100 mètres,Camion,Pressé (travail/vol),Voiture,Véhicule prioritaire,En approche,100 mètres,30 km/h
144146,Pluvieux,Jour,Sec,20 mètres,100 km/h,100 mètres,Véhicule prioritaire,Pas de besoin particulier,Véhicule prioritaire,Véhicule prioritaire,En approche,50 mètres,50 km/h
144363,Pluvieux,Jour,Sec,20 mètres,100 km/h,150 mètres,Voiture,Pas de besoin particulier,Voiture,Aucun,En approche,100 mètres,50 km/h
144808,Pluvieux,Jour,Sec,20 mètres,100 km/h,150 mètres,Véhicule prioritaire,Urgent (transport médical),Camion,Véhicule prioritaire,En approche,10 mètres,80 km/h
144898,Pluvieux,Jour,Sec,20 mètres,100 km/h,150 mètres,Véhicule prioritaire,Pressé (travail/vol),Camion,Véhicule prioritaire,En approche,10 mètres,80 km/h
145224,Pluvieux,Jour,Sec,20 mètres,100 km/h,200 mètres,Voiture,Pas de besoin particulier,Véhicule prioritaire,Véhicule prioritaire,En approche,100 mètres,30 km/h
145326,Pluvieux,Jour,Sec,20 mètres,100 km/h,200 mètres,Camion,Urgent (transport médical),Camion,Aucun,En approche,50 mètres,50 km/h
145346,Pluvieux,Jour,Sec,20 mètres,100 km/h,200 mètres,Camion,Urgent (transport médical),Camion,Véhicule prioritaire,En approche,50 mètres,50 km/h
145354,Pluvieux,Jour,Sec,20 mètres,100 km/h,200 mètres,Camion,Pressé (travail/vol),Voiture,Aucun,En approche,100 mètres,30 km/h
146467,Pluvieux,Jour,Mouillé,Libre,35 km/h,10 mètres,Véhicule prioritaire,Pressé (travail/vol),Véhicule prioritaire,Aucun,En approche,50 mètres,30 km/h
146600,Pluvieux,Jour,Mouillé,Libre,35 km/h,10 mètres,Véhicule prioritaire,Pas de besoin particulier,Camion,Voiture,En approche,10 mètres,30 km/h
146882,Pluvieux,Jour,Mouillé,Libre,35 km/h,50 mètres,Camion,Urgent (transport médical),Voiture,Aucun,En approche,100 mètres,80 km/h
146967,Pluvieux,Jour,Mouillé,Libre,35 km/h,50 mètres,Camion,Urgent (transport médical),Camion,Véhicule prioritaire,En approche,50 mètres,30 km/h
147063,Pluvieux,Jour,Mouillé,Libre,35 km/h,50 mètres,Camion,Pas de besoin particulier,Voiture,Aucun,En approche,100 mètres,50 km/h
147241,Pluvieux,Jour,Mouillé,Libre,35 km/h,50 mètres,Véhicule prioritaire,Pressé (travail/vol),Voiture,Aucun,À l'arrêt,0 mètre,0 km/h
147315,Pluvieux,Jour,Mouillé,Libre,35 km/h,50 mètres,Véhicule prioritaire,Pressé (travail/vol),Camion,Voiture,En approche,50 mètres,80 km/h
147828,Pluvieux,Jour,Mouillé,Libre,35 km/h,100 mètres,Camion,Pressé (travail/vol),Véhicule prioritaire,Voiture,En approche,10 mètres,80 km/h
147859,Pluvieux,Jour,Mouillé,Libre,35 km/h,100 mètres,Camion,Pressé (travail/vol),Camion,Voiture,En approche,10 mètres,50 km/h
147996,Pluvieux,Jour,Mouillé,Libre,35 km/h,100 mètres,Véhicule prioritaire,Urgent (transport médical),Véhicule prioritaire,Aucun,En approche,50 mètres,50 km/h
148243,Pluvieux,Jour,Mouillé,Libre,60 km/h,50 mètres,Voiture,Urgent (transport médical),Voiture,Voiture,En approche,100 mètres,50 km/h
148366,Pluvieux,Jour,Mouillé,Libre,60 km/h,50 mètres,Voiture,Pressé (travail/vol),Véhicule prioritaire,Voiture,En approche,50 mètres,50 km/h
148403,Pluvieux,Jour,Mouillé,Libre,60 km/h,50 mètres,Voiture,Pressé (travail/vol),Camion,Véhicule prioritaire,En approche,100 mètres,50 km/h
148492,Pluvieux,Jour,Mouillé,Libre,60 km/h,50 mètres,Voiture,Pas de besoin particulier,Camion,Véhicule prioritaire,En approche,100 mètres,80 km/h
148719,Pluvieux,Jour,Mouillé,Libre,60 km/h,50 mètres,Camion,Pas de besoin particulier,Véhicule prioritaire,Aucun,En approche,10 mètres,50 km/h
148808,Pluvieux,Jour,Mouillé,Libre,60 km/h,50 mètres,Véhicule prioritaire,Urgent (transport médical),Véhicule prioritaire,Aucun,En approche,10 mètres,80 km/h
148860,Pluvieux,Jour,Mouillé,Libre,60 km/h,50 mètres,Véhicule prioritaire,Urgent (transport médical),Camion,Véhicule prioritaire,En approche,10 mètres,30 km/h
149184,Pluvieux,Jour,Mouillé,Libre,60 km/h,100 mètres,Voiture,Pressé (travail/vol),Véhicule prioritaire,Véhicule prioritaire,En approche,100 mètres,30 km/h
149196,Pluvieux,Jour,Mouillé,Libre,60 km/h,100 mètres,Voiture,Pressé (travail/vol),Camion,Aucun,En approche,50 mètres,50 km/h
149335,Pluvieux,Jour,Mouillé,Libre,60 km/h,100 mètres,Camion,Urgent (transport médical),Voiture,Véhicule prioritaire,En approche,50 mètres,80 km/h
149537,Pluvieux,Jour,Mouillé,Libre,60 km/h,100 mètres,Camion,Pas de besoin particulier,Véhicule prioritaire,Voiture,En approche,50 mètres,30 km/h
149556,Pluvieux,Jour,Mouillé,Libre,60 km/h,100 mètres,Camion,Pas de besoin particulier,Camion,Aucun,En approche,50 mètres,50 km/h
149685,Pluvieux,Jour,Mouillé,Libre,60 km/h,100 mètres,Véhicule prioritaire,Pressé (travail/vol),Voiture,Voiture,En approche,50 mètres,80 km/h
149832,Pluvieux,Jour,Mouillé,Libre,60 km/h,100 mètres,Véhicule prioritaire,Pas de besoin particulier,Camion,Voiture,En approche,100 mètres,80 km/h
149974,Pluvieux,Jour,Mouillé,Libre,60 km/h,150 mètres,Voiture,Pressé (travail/vol),Véhicule prioritaire,Aucun,En approche,100 mètres,30 km/h
150097,Pluvieux,Jour,Mouillé,Libre,60 km/h,150 mètres,Voiture,Pas de besoin particulier,Camion,Aucun,En approche,50 mètres,30 km/h
150447,Pluvieux,Jour,Mouillé,Libre,60 km/h,150 mètres,Véhicule prioritaire,Urgent (transport médical),Véhicule prioritaire,Véhicule prioritaire,En approche,50 mètres,30 km/h
150479,Pluvieux,Jour,Mouillé,Libre,60 km/h,150 mètres,Véhicule prioritaire,Urgent (transport médical),Camion,Véhicule prioritaire,En approche,10 mètres,50 km/h
150487,Pluvieux,Jour,Mouillé,Libre,60 km/h,150 mètres,Véhicule prioritaire,Pressé (travail/vol),Voiture,Aucun,En approche,50 mètres,30 km/h
150706,Pluvieux,Jour,Mouillé,Libre,100 km/h,100 mètres,Voiture,Urgent (transport médical),Véhicule prioritaire,Voiture,En approche,50 mètres,50 km/h
150731,Pluvieux,Jour,Mouillé,Libre,100 km/h,100 mètres,Voiture,Urgent (transport médical),Camion,Voiture,À l'arrêt,0 mètre,0 km/h
151112,Pluvieux,Jour,Mouillé,Libre,100 km/h,100 mètres,Camion,Pas de besoin particulier,Voiture,Aucun,En approche,100 mètres,80 km/h
151222,Pluvieux,Jour,Mouillé,Libre,100 km/h,100 mètres,Véhicule prioritaire,Urgent (transport médical),Voiture,Véhicule prioritaire,En approche,100 mètres,80 km/h
151464,Pluvieux,Jour,Mouillé,Libre,100 km/h,100 mètres,Véhicule prioritaire,Pas de besoin particulier,Camion,Véhicule prioritaire,En approche,100 mètres,30 km/h
151488,Pluvieux,Jour,Mouillé,Libre,100 km/h,150 mètres,Voiture,Urgent (transport médical),Voiture,Voiture,En approche,10 mètres,80 km/h
151655,Pluvieux,Jour,Mouillé,Libre,100 km/h,150 mètres,Voiture,Pas de besoin particulier,Voiture,Aucun,En approche,50 mètres,80 km/h
151812,Pluvieux,Jour,Mouillé,Libre,100 km/h,150 mètres,Camion,Urgent (transport médical),Camion,Voiture,En approche,100 mètres,80 km/h
151962,Pluvieux,Jour,Mouillé,Libre,100 km/h,150 mètres,Camion,Pas de besoin particulier,Véhicule prioritaire,Voiture,En approche,100 mètres,80 km/h
152026,Pluvieux,Jour,Mouillé,Libre,100 km/h,150 mètres,Véhicule prioritaire,Urgent (transport médical),Voiture,Voiture,En approche,50 mètres,50 km/h
152968,Pluvieux,Jour,Mouillé,Libre,100 km/h,200 mètres,Véhicule prioritaire,Pressé (travail/vol),Véhicule prioritaire,Véhicule prioritaire,En approche,10 mètres,80 km/h
153736,Pluvieux,Jour,Mouillé,100 mètres,35 km/h,10 mètres,Véhicule prioritaire,Pressé (travail/vol),Voiture,Voiture,En approche,50 mètres,50 km/h
153740,Pluvieux,Jour,Mouillé,100 mètres,35 km/h,10 mètres,Véhicule prioritaire,Pressé (travail/vol),Voiture,Voiture,En approche,10 mètres,30 km/h
153760,Pluvieux,Jour,Mouillé,100 mètres,35 km/h,10 mètres,Véhicule prioritaire,Pressé (travail/vol),Véhicule prioritaire,Aucun,En approche,10 mètres,30 km/h
153843,Pluvieux,Jour,Mouillé,100 mètres,35 km/h,10 mètres,Véhicule prioritaire,Pas de besoin particulier,Véhicule prioritaire,Aucun,En approche,100 mètres,50 km/h
154074,Pluvieux,Jour,Mouillé,100 mètres,35 km/h,50 mètres,Voiture,Pressé (travail/vol),Camion,Véhicule prioritaire,En approche,100 mètres,30 km/h
154310,Pluvieux,Jour,Mouillé,100 mètres,35 km/h,50 mètres,Camion,Pressé (travail/vol),Véhicule prioritaire,Voiture,En approche,10 mètres,30 km/h
154318,Pluvieux,Jour,Mouillé,100 mètres,35 km/h,50 mètres,Camion,Pressé (travail/vol),Véhicule prioritaire,Véhicule prioritaire,En approche,10 mètres,80 km/h
154414,Pluvieux,Jour,Mouillé,100 mètres,35 km/h,50 mètres,Camion,Pas de besoin particulier,Camion,Aucun,En approche,100 mètres,30 km/h
154834,Pluvieux,Jour,Mouillé,100 mètres,35 km/h,100 mètres,Voiture,Pressé (travail/vol),Véhicule prioritaire,Aucun,En approche,100 mètres,30 km/h
155084,Pluvieux,Jour,Mouillé,100 mètres,35 km/h,100 mètres,Camion,Pressé (travail/vol),Voiture,Voiture,En approche,100 mètres,30 km/h
155142,Pluvieux,Jour,Mouillé,100 mètres,35 km/h,100 mètres,Camion,Pressé (travail/vol),Camion,Voiture,En approche,100 mètres,80 km/h
155459,Pluvieux,Jour,Mouillé,100 mètres,35 km/h,100 mètres,Véhicule prioritaire,Pas de besoin particulier,Voiture,Véhicule prioritaire,En approche,10 mètres,50 km/h
155470,Pluvieux,Jour,Mouillé,100 mètres,35 km/h,100 mètres,Véhicule prioritaire,Pas de besoin particulier,Véhicule prioritaire,Aucun,En approche,10 mètres,30 km/h
155689,Pluvieux,Jour,Mouillé,100 mètres,60 km/h,50 mètres,Voiture,Pressé (travail/vol),Camion,Voiture,En approche,10 mètres,50 km/h
155732,Pluvieux,Jour,Mouillé,100 mètres,60 km/h,50 mètres,Voiture,Pas de besoin particulier,Véhicule prioritaire,Aucun,En approche,100 mètres,80 km/h
155742,Pluvieux,Jour,Mouillé,100 mètres,60 km/h,50 mètres,Voiture,Pas de besoin particulier,Véhicule prioritaire,Voiture,En approche,100 mètres,80 km/h
155774,Pluvieux,Jour,Mouillé,100 mètres,60 km/h,50 mètres,Voiture,Pas de besoin particulier,Camion,Voiture,En approche,100 mètres,30 km/h
155811,Pluvieux,Jour,Mouillé,100 mètres,60 km/h,50 mètres,Camion,Urgent (transport médical),Voiture,Véhicule prioritaire,À l'arrêt,0 mètre,0 km/h
155976,Pluvieux,Jour,Mouillé,100 mètres,60 km/h,50 mètres,Camion,Pas de besoin particulier,Voiture,Aucun,En approche,50 mètres,50 km/h
156059,Pluvieux,Jour,Mouillé,100 mètres,60 km/h,50 mètres,Camion,Pas de besoin particulier,Camion,Véhicule prioritaire,En approche,10 mètres,50 km/h
156358,Pluvieux,Jour,Mouillé,100 mètres,60 km/h,100 mètres,Voiture,Urgent (transport médical),Voiture,Véhicule prioritaire,En approche,10 mètres,80 km/h
156740,Pluvieux,Jour,Mouillé,100 mètres,60 km/h,100 mètres,Camion,Pressé (travail/vol),Véhicule prioritaire,Voiture,En approche,10 mètres,30 km/h
156862,Pluvieux,Jour,Mouillé,100 mètres,60 km/h,100 mètres,Camion,Pas de besoin particulier,Camion,Véhicule prioritaire,En approche,100 mètres,80 km/h
157016,Pluvieux,Jour,Mouillé,100 mètres,60 km/h,100 mètres,Véhicule prioritaire,Pressé (travail/vol),Véhicule prioritaire,Véhicule prioritaire,En approche,50 mètres,50 km/h
157211,Pluvieux,Jour,Mouillé,100 mètres,60 km/h,150 mètres,Voiture,Urgent (transport médical),Camion,Voiture,À l'arrêt,0 mètre,0 km/h
157702,Pluvieux,Jour,Mouillé,100 mètres,60 km/h,150 mètres,Véhicule prioritaire,Urgent (transport médical),Voiture,Véhicule prioritaire,En approche,100 mètres,80 km/h
157902,Pluvieux,Jour,Mouillé,100 mètres,60 km/h,150 mètres,Véhicule prioritaire,Pas de besoin particulier,Véhicule prioritaire,Voiture,En approche,100 mètres,80 km/h
157931,Pluvieux,Jour,Mouillé,100 mètres,60 km/h,150 mètres,Véhicule prioritaire,Pas de besoin particulier,Camion,Voiture,À l'arrêt,0 mètre,0 km/h
158023,Pluvieux,Jour,Mouillé,100 mètres,100 km/h,100 mètres,Voiture,Urgent (transport médical),Camion,Voiture,En approche,100 mètres,50 km/h
158093,Pluvieux,Jour,Mouillé,100 mètres,100 km/h,100 mètres,Voiture,Pressé (travail/vol),Véhicule prioritaire,Véhicule prioritaire,En approche,100 mètres,50 km/h
158445,Pluvieux,Jour,Mouillé,100 mètres,100 km/h,100 mètres,Camion,Pas de besoin particulier,Véhicule prioritaire,Voiture,En approche,50 mètres,80 km/h
158494,Pluvieux,Jour,Mouillé,100 mètres,100 km/h,100 mètres,Véhicule prioritaire,Urgent (transport médical),Voiture,Aucun,En approche,100 mètres,30 km/h
158585,Pluvieux,Jour,Mouillé,100 mètres,100 km/h,100 mètres,Véhicule prioritaire,Pressé (travail/vol),Voiture,Aucun,En approche,50 mètres,80 km/h
159138,Pluvieux,Jour,Mouillé,100 mètres,100 km/h,150 mètres,Camion,Pressé (travail/vol),Voiture,Voiture,En approche,10 mètres,80 km/h
159151,Pluvieux,Jour,Mouillé,100 mètres,100 km/h,150 mètres,Camion,Pressé (travail/vol),Véhicule prioritaire,Aucun,À l'arrêt,0 mètre,0 km/h
159158,Pluvieux,Jour,Mouillé,100 mètres,100 km/h,150 mètres,Camion,Pressé (travail/vol),Véhicule prioritaire,Aucun,En approche,10 mètres,80 km/h
159670,Pluvieux,Jour,Mouillé,100 mètres,100 km/h,200 mètres,Voiture,Pressé (travail/vol),Voiture,Aucun,En approche,10 mètres,30 km/h
159689,Pluvieux,Jour,Mouillé,100 mètres,100 km/h,200 mètres,Voiture,Pressé (travail/vol),Voiture,Véhicule prioritaire,En approche,10 mètres,50 km/h
159768,Pluvieux,Jour,Mouillé,100 mètres,100 km/h,200 mètres,Voiture,Pas de besoin particulier,Voiture,Voiture,En approche,10 mètres,80 km/h
159854,Pluvieux,Jour,Mouillé,100 mètres,100 km/h,200 mètres,Camion,Urgent (transport médical),Voiture,Voiture,En approche,100 mètres,30 km/h
160547,Pluvieux,Jour,Mouillé,50 mètres,35 km/h,10 mètres,Voiture,Pressé (travail/vol),Camion,Voiture,En approche,50 mètres,30 km/h
160797,Pluvieux,Jour,Mouillé,50 mètres,35 km/h,10 mètres,Camion,Pressé (travail/vol),Véhicule prioritaire,Véhicule prioritaire,En approche,50 mètres,30 km/h
161503,Pluvieux,Jour,Mouillé,50 mètres,35 km/h,50 mètres,Camion,Urgent (transport médical),Véhicule prioritaire,Voiture,En approche,100 mètres,50 km/h
161715,Pluvieux,Jour,Mouillé,50 mètres,35 km/h,50 mètres,Camion,Pas de besoin particulier,Camion,Voiture,En approche,50 mètres,80 km/h
162313,Pluvieux,Jour,Mouillé,50 mètres,35 km/h,100 mètres,Camion,Urgent (transport médical),Véhicule prioritaire,Voiture,En approche,100 mètres,50 km/h
162470,Pluvieux,Jour,Mouillé,50 mètres,35 km/h,100 mètres,Camion,Pas de besoin particulier,Voiture,Voiture,En approche,10 mètres,30 km/h
162511,Pluvieux,Jour,Mouillé,50 mètres,35 km/h,100 mètres,Camion,Pas de besoin particulier,Camion,Aucun,À l'arrêt,0 mètre,0 km/h
162562,Pluvieux,Jour,Mouillé,50 mètres,35 km/h,100 mètres,Véhicule prioritaire,Urgent (transport médical),Voiture,Véhicule prioritaire,En approche,100 mètres,80 km/h
162566,Pluvieux,Jour,Mouillé,50 mètres,35 km/h,100 mètres,Véhicule prioritaire,Urgent (transport médical),Voiture,Véhicule prioritaire,En approche,50 mètres,50 km/h
162704,Pluvieux,Jour,Mouillé,50 mètres,35 km/h,100 mètres,Véhicule prioritaire,Pressé (travail/vol),Camion,Voiture,En approche,100 mètres,30 km/h
162732,Pluvieux,Jour,Mouillé,50 mètres,35 km/h,100 mètres,Véhicule prioritaire,Pas de besoin particulier,Voiture,Voiture,En approche,100 mètres,80 km/h
162759,Pluvieux,Jour,Mouillé,50 mètres,35 km/h,100 mètres,Véhicule prioritaire,Pas de besoin particulier,Véhicule prioritaire,Aucun,En approche,10 mètres,50 km/h
162856,Pluvieux,Jour,Mouillé,50 mètres,60 km/h,50 mètres,Voiture,Urgent (transport médical),Véhicule prioritaire,Voiture,En approche,50 mètres,50 km/h
162907,Pluvieux,Jour,Mouillé,50 mètres,60 km/h,50 mètres,Voiture,Pressé (travail/vol),Voiture,Aucun,En approche,50 mètres,30 km/h
163160,Pluvieux,Jour,Mouillé,50 mètres,60 km/h,50 mètres,Camion,Urgent (transport médical),Camion,Voiture,En approche,10 mètres,30 km/h
163242,Pluvieux,Jour,Mouillé,50 mètres,60 km/h,50 mètres,Camion,Pressé (travail/vol),Camion,Voiture,En approche,100 mètres,80 km/h
163415,Pluvieux,Jour,Mouillé,50 mètres,60 km/h,50 mètres,Véhicule prioritaire,Urgent (transport médical),Camion,Aucun,En approche,50 mètres,80 km/h
163448,Pluvieux,Jour,Mouillé,50 mètres,60 km/h,50 mètres,Véhicule prioritaire,Pressé (travail/vol),Voiture,Aucun,En approche,10 mètres,80 km/h
163455,Pluvieux,Jour,Mouillé,50 mètres,60 km/h,50 mètres,Véhicule prioritaire,Pressé (travail/vol),Voiture,Voiture,En approche,50 mètres,80 km/h
163723,Pluvieux,Jour,Mouillé,50 mètres,60 km/h,100 mètres,Voiture,Pressé (travail/vol),Voiture,Voiture,En approche,100 mètres,50 km/h
163842,Pluvieux,Jour,Mouillé,50 mètres,60 km/h,100 mètres,Voiture,Pas de besoin particulier,Véhicule prioritaire,Voiture,En approche,100 mètres,80 km/h
163869,Pluvieux,Jour,Mouillé,50 mètres,60 km/h,100 mètres,Voiture,Pas de besoin particulier,Camion,Aucun,En approche,10 mètres,50 km/h
164163,Pluvieux,Jour,Mouillé,50 mètres,60 km/h,100 mètres,Véhicule prioritaire,Urgent (transport médical),Voiture,Aucun,En approche,100 mètres,50 km/h
164182,Pluvieux,Jour,Mouillé,50 mètres,60 km/h,100 mètres,Véhicule prioritaire,Urgent (transport médical),Voiture,Véhicule prioritaire,En approche,100 mètres,80 km/h
164344,Pluvieux,Jour,Mouillé,50 mètres,60 km/h,100 mètres,Véhicule prioritaire,Pas de besoin particulier,Voiture,Aucun,En approche,100 mètres,30 km/h
164449,Pluvieux,Jour,Mouillé,50 mètres,60 km/h,150 mètres,Voiture,Urgent (transport médical),Voiture,Voiture,En approche,10 mètres,50 km/h
164470,Pluvieux,Jour,Mouillé,50 mètres,60 km/h,150 mètres,Voiture,Urgent (transport médical),Véhicule prioritaire,Aucun,En approche,10 mètres,30 km/h
164820,Pluvieux,Jour,Mouillé,50 mètres,60 km/h,150 mètres,Camion,Pressé (travail/vol),Voiture,Véhicule prioritaire,En approche,10 mètres,30 km/h
165410,Pluvieux,Jour,Mouillé,50 mètres,100 km/h,100 mètres,Voiture,Pressé (travail/vol),Camion,Voiture,En approche,10 mètres,30 km/h
165496,Pluvieux,Jour,Mouillé,50 mètres,100 km/h,100 mètres,Voiture,Pas de besoin particulier,Camion,Voiture,En approche,50 mètres,50 km/h
165500,Pluvieux,Jour,Mouillé,50 mètres,100 km/h,100 mètres,Voiture,Pas de besoin particulier,Camion,Voiture,En approche,10 mètres,30 km/h
165511,Pluvieux,Jour,Mouillé,50 mètres,100 km/h,100 mètres,Camion,Urgent (transport médical),Voiture,Aucun,À l'arrêt,0 mètre,0 km/h
165853,Pluvieux,Jour,Mouillé,50 mètres,100 km/h,100 mètres,Véhicule prioritaire,Urgent (transport médical),Camion,Voiture,En approche,100 mètres,50 km/h
165955,Pluvieux,Jour,Mouillé,50 mètres,100 km/h,100 mètres,Véhicule prioritaire,Pressé (travail/vol),Camion,Véhicule prioritaire,En approche,50 mètres,80 km/h
165990,Pluvieux,Jour,Mouillé,50 mètres,100 km/h,100 mètres,Véhicule prioritaire,Pas de besoin particulier,Voiture,Véhicule prioritaire,En approche,10 mètres,30 km/h
166279,Pluvieux,Jour,Mouillé,50 mètres,100 km/h,150 mètres,Voiture,Pas de besoin particulier,Véhicule prioritaire,Voiture,En approche,10 mètres,50 km/h
166634,Pluvieux,Jour,Mouillé,50 mètres,100 km/h,150 mètres,Véhicule prioritaire,Urgent (transport médical),Véhicule prioritaire,Voiture,En approche,100 mètres,30 km/h
166705,Pluvieux,Jour,Mouillé,50 mètres,100 km/h,150 mètres,Véhicule prioritaire,Pressé (travail/vol),Voiture,Véhicule prioritaire,En approche,50 mètres,80 km/h
167025,Pluvieux,Jour,Mouillé,50 mètres,100 km/h,200 mètres,Voiture,Pressé (travail/vol),Camion,Voiture,En approche,50 mètres,80 km/h
167380,Pluvieux,Jour,Mouillé,50 mètres,100 km/h,200 mètres,Camion,Pas de besoin particulier,Camion,Aucun,En approche,10 mètres,30 km/h
167412,Pluvieux,Jour,Mouillé,50 mètres,100 km/h,200 mètres,Véhicule prioritaire,Urgent (transport médical),Voiture,Voiture,En approche,100 mètres,80 km/h
167536,Pluvieux,Jour,Mouillé,50 mètres,100 km/h,200 mètres,Véhicule prioritaire,Pressé (travail/vol),Véhicule prioritaire,Voiture,En approche,50 mètres,50 km/h
167546,Pluvieux,Jour,Mouillé,50 mètres,100 km/h,200 mètres,Véhicule prioritaire,Pressé (travail/vol),Véhicule prioritaire,Véhicule prioritaire,En approche,50 mètres,50 km/h
167828,Pluvieux,Jour,Mouillé,20 mètres,35 km/h,10 mètres,Voiture,Pressé (travail/vol),Camion,Aucun,En approche,10 mètres,80 km/h
168019,Pluvieux,Jour,Mouillé,20 mètres,35 km/h,10 mètres,Camion,Urgent (transport médical),Camion,Voiture,En approche,10 mètres,50 km/h
168100,Pluvieux,Jour,Mouillé,20 mètres,35 km/h,10 mètres,Camion,Pressé (travail/vol),Camion,Aucun,En approche,10 mètres,30 km/h
168417,Pluvieux,Jour,Mouillé,20 mètres,35 km/h,10 mètres,Véhicule prioritaire,Pas de besoin particulier,Voiture,Véhicule prioritaire,En approche,50 mètres,30 km/h
168525,Pluvieux,Jour,Mouillé,20 mètres,35 km/h,50 mètres,Voiture,Urgent (transport médical),Véhicule prioritaire,Voiture,En approche,50 mètres,80 km/h
168612,Pluvieux,Jour,Mouillé,20 mètres,35 km/h,50 mètres,Voiture,Pressé (travail/vol),Véhicule prioritaire,Voiture,En approche,100 mètres,80 km/h
168828,Pluvieux,Jour,Mouillé,20 mètres,35 km/h,50 mètres,Camion,Urgent (transport médical),Camion,Voiture,En approche,10 mètres,80 km/h
169033,Pluvieux,Jour,Mouillé,20 mètres,35 km/h,50 mètres,Véhicule prioritaire,Urgent (transport médical),Voiture,Voiture,En approche,100 mètres,50 km/h
169080,Pluvieux,Jour,Mouillé,20 mètres,35 km/h,50 mètres,Véhicule prioritaire,Urgent (transport médical),Véhicule prioritaire,Véhicule prioritaire,En approche,10 mètres,30 km/h
169309,Pluvieux,Jour,Mouillé,20 mètres,35 km/h,100 mètres,Voiture,Urgent (transport médical),Voiture,Voiture,En approche,10 mètres,50 km/h
169352,Pluvieux,Jour,Mouillé,20 mètres,35 km/h,100 mètres,Voiture,Urgent (transport médical),Camion,Aucun,En approche,100 mètres,80 km/h
169368,Pluvieux,Jour,Mouillé,20 mètres,35 km/h,100 mètres,Voiture,Urgent (transport médical),Camion,Voiture,En approche,10 mètres,80 km/h
169608,Pluvieux,Jour,Mouillé,20 mètres,35 km/h,100 mètres,Camion,Urgent (transport médical),Véhicule prioritaire,Voiture,En approche,10 mètres,80 km/h
169972,Pluvieux,Jour,Mouillé,20 mètres,35 km/h,100 mètres,Véhicule prioritaire,Pressé (travail/vol),Véhicule prioritaire,Véhicule prioritaire,En approche,100 mètres,80 km/h
170268,Pluvieux,Jour,Mouillé,20 mètres,60 km/h,50 mètres,Voiture,Pressé (travail/vol),Camion,Voiture,En approche,10 mètres,80 km/h
170426,Pluvieux,Jour,Mouillé,20 mètres,60 km/h,50 mètres,Camion,Urgent (transport médical),Véhicule prioritaire,Véhicule prioritaire,En approche,50 mètres,50 km/h
170642,Pluvieux,Jour,Mouillé,20 mètres,60 km/h,50 mètres,Véhicule prioritaire,Urgent (transport médical),Voiture,Aucun,En approche,100 mètres,80 km/h
170699,Pluvieux,Jour,Mouillé,20 mètres,60 km/h,50 mètres,Véhicule prioritaire,Urgent (transport médical),Véhicule prioritaire,Véhicule prioritaire,En approche,10 mètres,50 km/h
170742,Pluvieux,Jour,Mouillé,20 mètres,60 km/h,50 mètres,Véhicule prioritaire,Pressé (travail/vol),Voiture,Voiture,En approche,100 mètres,80 km/h
171538,Pluvieux,Jour,Mouillé,20 mètres,60 km/h,100 mètres,Véhicule prioritaire,Urgent (transport médical),Camion,Véhicule prioritaire,En approche,10 mètres,80 km/h
171732,Pluvieux,Jour,Mouillé,20 mètres,60 km/h,150 mètres,Voiture,Urgent (transport médical),Voiture,Voiture,En approche,100 mètres,80 km/h
171789,Pluvieux,Jour,Mouillé,20 mètres,60 km/h,150 mètres,Voiture,Urgent (transport médical),Camion,Aucun,En approche,10 mètres,50 km/h
171913,Pluvieux,Jour,Mouillé,20 mètres,60 km/h,150 mètres,Voiture,Pas de besoin particulier,Voiture,Voiture,En approche,100 mètres,50 km/h
171914,Pluvieux,Jour,Mouillé,20 mètres,60 km/h,150 mètres,Voiture,Pas de besoin particulier,Voiture,Voiture,En approche,100 mètres,30 km/h
172356,Pluvieux,Jour,Mouillé,20 mètres,60 km/h,150 mètres,Véhicule prioritaire,Pressé (travail/vol),Voiture,Aucun,En approche,50 mètres,50 km/h
172369,Pluvieux,Jour,Mouillé,20 mètres,60 km/h,150 mètres,Véhicule prioritaire,Pressé (travail/vol),Voiture,Voiture,En approche,10 mètres,50 km/h
172449,Pluvieux,Jour,Mouillé,20 mètres,60 km/h,150 mètres,Véhicule prioritaire,Pas de besoin particulier,Voiture,Aucun,En approche,10 mètres,50 km/h
172514,Pluvieux,Jour,Mouillé,20 mètres,60 km/h,150 mètres,Véhicule prioritaire,Pas de besoin particulier,Camion,Voiture,En approche,100 mètres,30 km/h
172755,Pluvieux,Jour,Mouillé,20 mètres,100 km/h,100 mètres,Voiture,Pas de besoin particulier,Véhicule prioritaire,Voiture,En approche,50 mètres,80 km/h
172839,Pluvieux,Jour,Mouillé,20 mètres,100 km/h,100 mètres,Camion,Urgent (transport médical),Véhicule prioritaire,Aucun,En approche,10 mètres,50 km/h
172845,Pluvieux,Jour,Mouillé,20 mètres,100 km/h,100 mètres,Camion,Urgent (transport médical),Véhicule prioritaire,Voiture,En approche,50 mètres,80 km/h
173192,Pluvieux,Jour,Mouillé,20 mètres,100 km/h,100 mètres,Véhicule prioritaire,Pressé (travail/vol),Véhicule prioritaire,Aucun,En approche,100 mètres,80 km/h
173483,Pluvieux,Jour,Mouillé,20 mètres,100 km/h,150 mètres,Voiture,Pressé (travail/vol),Véhicule prioritaire,Véhicule prioritaire,En approche,100 mètres,50 km/h
173813,Pluvieux,Jour,Mouillé,20 mètres,100 km/h,150 mètres,Camion,Pas de besoin particulier,Voiture,Véhicule prioritaire,En approche,100 mètres,50 km/h
173852,Pluvieux,Jour,Mouillé,20 mètres,100 km/h,150 mètres,Camion,Pas de besoin particulier,Camion,Aucun,En approche,100 mètres,80 km/h
173883,Pluvieux,Jour,Mouillé,20 mètres,100 km/h,150 mètres,Véhicule prioritaire,Urgent (transport médical),Voiture,Aucun,En approche,100 mètres,50 km/h
174081,Pluvieux,Jour,Mouillé,20 mètres,100 km/h,150 mètres,Véhicule prioritaire,Pas de besoin particulier,Voiture,Véhicule prioritaire,À l'arrêt,0 mètre,0 km/h
174438,Pluvieux,Jour,Mouillé,20 mètres,100 km/h,200 mètres,Camion,Urgent (transport médical),Voiture,Voiture,En approche,10 mètres,80 km/h
175453,Pluvieux,Nuit,Sec,Libre,35 km/h,10 mètres,Camion,Pas de besoin particulier,Véhicule prioritaire,Voiture,En approche,100 mètres,50 km/h
175524,Pluvieux,Nuit,Sec,Libre,35 km/h,10 mètres,Véhicule prioritaire,Urgent (transport médical),Voiture,Véhicule prioritaire,En approche,100 mètres,30 km/h
175660,Pluvieux,Nuit,Sec,Libre,35 km/h,10 mètres,Véhicule prioritaire,Pressé (travail/vol),Camion,Aucun,En approche,10 mètres,30 km/h
176157,Pluvieux,Nuit,Sec,Libre,35 km/h,50 mètres,Camion,Pressé (travail/vol),Voiture,Véhicule prioritaire,En approche,50 mètres,30 km/h
176209,Pluvieux,Nuit,Sec,Libre,35 km/h,50 mètres,Camion,Pressé (travail/vol),Camion,Voiture,En approche,10 mètres,50 km/h
176238,Pluvieux,Nuit,Sec,Libre,35 km/h,50 mètres,Camion,Pas de besoin particulier,Voiture,Voiture,En approche,10 mètres,80 km/h
176303,Pluvieux,Nuit,Sec,Libre,35 km/h,50 mètres,Camion,Pas de besoin particulier,Camion,Véhicule prioritaire,En approche,100 mètres,50 km/h
176499,Pluvieux,Nuit,Sec,Libre,35 km/h,50 mètres,Véhicule prioritaire,Pas de besoin particulier,Voiture,Aucun,En approche,10 mètres,50 km/h
176714,Pluvieux,Nuit,Sec,Libre,35 km/h,100 mètres,Voiture,Pressé (travail/vol),Véhicule prioritaire,Voiture,En approche,100 mètres,30 km/h
176897,Pluvieux,Nuit,Sec,Libre,35 km/h,100 mètres,Camion,Urgent (transport médical),Véhicule prioritaire,Voiture,En approche,50 mètres,30 km/h
176939,Pluvieux,Nuit,Sec,Libre,35 km/h,100 mètres,Camion,Urgent (transport médical),Camion,Véhicule prioritaire,En approche,10 mètres,50 km/h
176959,Pluvieux,Nuit,Sec,Libre,35 km/h,100 mètres,Camion,Pressé (travail/vol),Voiture,Voiture,En approche,10 mètres,50 km/h
177016,Pluvieux,Nuit,Sec,Libre,35 km/h,100 mètres,Camion,Pressé (travail/vol),Camion,Voiture,En approche,50 mètres,50 km/h
177335,Pluvieux,Nuit,Sec,Libre,35 km/h,100 mètres,Véhicule prioritaire,Pas de besoin particulier,Véhicule prioritaire,Aucun,En approche,50 mètres,80 km/h
177575,Pluvieux,Nuit,Sec,Libre,60 km/h,50 mètres,Voiture,Pas de besoin particulier,Voiture,Aucun,En approche,50 mètres,80 km/h
177820,Pluvieux,Nuit,Sec,Libre,60 km/h,50 mètres,Camion,Pressé (travail/vol),Camion,Aucun,En approche,10 mètres,30 km/h
177920,Pluvieux,Nuit,Sec,Libre,60 km/h,50 mètres,Camion,Pas de besoin particulier,Camion,Voiture,En approche,10 mètres,30 km/h
178034,Pluvieux,Nuit,Sec,Libre,60 km/h,50 mètres,Véhicule prioritaire,Pressé (travail/vol),Voiture,Voiture,En approche,100 mètres,30 km/h
178089,Pluvieux,Nuit,Sec,Libre,60 km/h,50 mètres,Véhicule prioritaire,Pressé (travail/vol),Camion,Aucun,En approche,10 mètres,50 km/h
178445,Pluvieux,Nuit,Sec,Libre,60 km/h,100 mètres,Voiture,Pas de besoin particulier,Camion,Aucun,En approche,50 mètres,80 km/h
178456,Pluvieux,Nuit,Sec,Libre,60 km/h,100 mètres,Voiture,Pas de besoin particulier,Camion,Voiture,En approche,50 mètres,50 km/h
178471,Pluvieux,Nuit,Sec,Libre,60 km/h,100 mètres,Camion,Urgent (transport médical),Voiture,Aucun,À l'arrêt,0 mètre,0 km/h
178489,Pluvieux,Nuit,Sec,Libre,60 km/h,100 mètres,Camion,Urgent (transport médical),Voiture,Voiture,En approche,10 mètres,50 km/h
178627,Pluvieux,Nuit,Sec,Libre,60 km/h,100 mètres,Camion,Pressé (travail/vol),Camion,Aucun,En approche,50 mètres,30 km/h
179141,Pluvieux,Nuit,Sec,Libre,60 km/h,150 mètres,Voiture,Pressé (travail/vol),Véhicule prioritaire,Voiture,À l'arrêt,0 mètre,0 km/h
179319,Pluvieux,Nuit,Sec,Libre,60 km/h,150 mètres,Camion,Urgent (transport médical),Véhicule prioritaire,Aucun,En approche,10 mètres,50 km/h
179381,Pluvieux,Nuit,Sec,Libre,60 km/h,150 mètres,Camion,Pressé (travail/vol),Voiture,Voiture,À l'arrêt,0 mètre,0 km/h
179390,Pluvieux,Nuit,Sec,Libre,60 km/h,150 mètres,Camion,Pressé (travail/vol),Voiture,Voiture,En approche,10 mètres,30 km/h
180000,Pluvieux,Nuit,Sec,Libre,100 km/h,100 mètres,Voiture,Pressé (travail/vol),Camion,Véhicule prioritaire,En approche,10 mètres,30 km/h
180087,Pluvieux,Nuit,Sec,Libre,100 km/h,100 mètres,Voiture,Pas de besoin particulier,Camion,Véhicule prioritaire,En approche,50 mètres,30 km/h
180381,Pluvieux,Nuit,Sec,Libre,100 km/h,100 mètres,Véhicule prioritaire,Urgent (transport médical),Voiture,Véhicule prioritaire,À l'arrêt,0 mètre,0 km/h
180467,Pluvieux,Nuit,Sec,Libre,100 km/h,100 mètres,Véhicule prioritaire,Pressé (travail/vol),Voiture,Voiture,En approche,50 mètres,30 km/h
180612,Pluvieux,Nuit,Sec,Libre,100 km/h,100 mètres,Véhicule prioritaire,Pas de besoin particulier,Camion,Voiture,En approche,100 mètres,80 km/h
180895,Pluvieux,Nuit,Sec,Libre,100 km/h,150 mètres,Voiture,Pas de besoin particulier,Camion,Véhicule prioritaire,En approche,50 mètres,80 km/h
180917,Pluvieux,Nuit,Sec,Libre,100 km/h,150 mètres,Camion,Urgent (transport médical),Voiture,Voiture,En approche,50 mètres,30 km/h
180954,Pluvieux,Nuit,Sec,Libre,100 km/h,150 mètres,Camion,Urgent (transport médical),Véhicule prioritaire,Véhicule prioritaire,En approche,100 mètres,30 km/h
181020,Pluvieux,Nuit,Sec,Libre,100 km/h,150 mètres,Camion,Pressé (travail/vol),Voiture,Véhicule prioritaire,En approche,10 mètres,30 km/h
181141,Pluvieux,Nuit,Sec,Libre,100 km/h,150 mètres,Camion,Pas de besoin particulier,Camion,Aucun,À l'arrêt,0 mètre,0 km/h
181147,Pluvieux,Nuit,Sec,Libre,100 km/h,150 mètres,Camion,Pas de besoin particulier,Camion,Aucun,En approche,50 mètres,30 km/h
181286,Pluvieux,Nuit,Sec,Libre,100 km/h,150 mètres,Véhicule prioritaire,Pressé (travail/vol),Voiture,Véhicule prioritaire,En approche,50 mètres,50 km/h
181413,Pluvieux,Nuit,Sec,Libre,100 km/h,150 mètres,Véhicule prioritaire,Pas de besoin particulier,Camion,Aucun,En approche,100 mètres,50 km/h
181479,Pluvieux,Nuit,Sec,Libre,100 km/h,200 mètres,Voiture,Urgent (transport médical),Véhicule prioritaire,Aucun,En approche,10 mètres,50 km/h
181746,Pluvieux,Nuit,Sec,Libre,100 km/h,200 mètres,Camion,Urgent (transport médical),Véhicule prioritaire,Aucun,En approche,50 mètres,50 km/h
182038,Pluvieux,Nuit,Sec,Libre,100 km/h,200 mètres,Véhicule prioritaire,Urgent (transport médical),Véhicule prioritaire,Véhicule prioritaire,En approche,10 mètres,80 km/h
182281,Pluvieux,Nuit,Sec,100 mètres,35 km/h,10 mètres,Voiture,Urgent (transport médical),Véhicule prioritaire,Aucun,À l'arrêt,0 mètre,0 km/h
182557,Pluvieux,Nuit,Sec,100 mètres,35 km/h,10 mètres,Camion,Urgent (transport médical),Véhicule prioritaire,Aucun,En approche,50 mètres,30 km/h
182618,Pluvieux,Nuit,Sec,100 mètres,35 km/h,10 mètres,Camion,Pressé (travail/vol),Voiture,Aucun,En approche,10 mètres,80 km/h
182725,Pluvieux,Nuit,Sec,100 mètres,35 km/h,10 mètres,Camion,Pas de besoin particulier,Voiture,Véhicule prioritaire,En approche,50 mètres,80 km/h
182866,Pluvieux,Nuit,Sec,100 mètres,35 km/h,10 mètres,Véhicule prioritaire,Urgent (transport médical),Camion,Voiture,En approche,50 mètres,50 km/h
182996,Pluvieux,Nuit,Sec,100 mètres,35 km/h,10 mètres,Véhicule prioritaire,Pas de besoin particulier,Voiture,Véhicule prioritaire,En approche,50 mètres,50 km/h
183141,Pluvieux,Nuit,Sec,100 mètres,35 km/h,50 mètres,Voiture,Urgent (transport médical),Camion,Véhicule prioritaire,À l'arrêt,0 mètre,0 km/h
183278,Pluvieux,Nuit,Sec,100 mètres,35 km/h,50 mètres,Voiture,Pas de besoin particulier,Véhicule prioritaire,Aucun,En approche,10 mètres,80 km/h
183279,Pluvieux,Nuit,Sec,100 mètres,35 km/h,50 mètres,Voiture,Pas de besoin particulier,Véhicule prioritaire,Aucun,En approche,10 mètres,50 km/h
183445,Pluvieux,Nuit,Sec,100 mètres,35 km/h,50 mètres,Camion,Pressé (travail/vol),Voiture,Véhicule prioritaire,En approche,50 mètres,80 km/h
183504,Pluvieux,Nuit,Sec,100 mètres,35 km/h,50 mètres,Camion,Pressé (travail/vol),Camion,Véhicule prioritaire,En approche,100 mètres,30 km/h
184138,Pluvieux,Nuit,Sec,100 mètres,35 km/h,100 mètres,Voiture,Pas de besoin particulier,Camion,Véhicule prioritaire,En approche,10 mètres,80 km/h
184224,Pluvieux,Nuit,Sec,100 mètres,35 km/h,100 mètres,Camion,Urgent (transport médical),Camion,Véhicule prioritaire,En approche,100 mètres,30 km/h
184857,Pluvieux,Nuit,Sec,100 mètres,60 km/h,50 mètres,Voiture,Pressé (travail/vol),Camion,Véhicule prioritaire,En approche,50 mètres,30 km/h
185276,Pluvieux,Nuit,Sec,100 mètres,60 km/h,50 mètres,Véhicule prioritaire,Urgent (transport médical),Véhicule prioritaire,Véhicule prioritaire,En approche,50 mètres,50 km/h
185416,Pluvieux,Nuit,Sec,100 mètres,60 km/h,50 mètres,Véhicule prioritaire,Pas de besoin particulier,Voiture,Voiture,En approche,50 mètres,50 km/h
185439,Pluvieux,Nuit,Sec,100 mètres,60 km/h,50 mètres,Véhicule prioritaire,Pas de besoin particulier,Véhicule prioritaire,Aucun,En approche,10 mètres,50 km/h
185676,Pluvieux,Nuit,Sec,100 mètres,60 km/h,100 mètres,Voiture,Pas de besoin particulier,Voiture,Aucun,En approche,50 mètres,50 km/h
185966,Pluvieux,Nuit,Sec,100 mètres,60 km/h,100 mètres,Camion,Pas de besoin particulier,Voiture,Véhicule prioritaire,En approche,50 mètres,50 km/h
186174,Pluvieux,Nuit,Sec,100 mètres,60 km/h,100 mètres,Véhicule prioritaire,Pressé (travail/vol),Véhicule prioritaire,Véhicule prioritaire,En approche,100 mètres,30 km/h
186246,Pluvieux,Nuit,Sec,100 mètres,60 km/h,100 mètres,Véhicule prioritaire,Pas de besoin particulier,Véhicule prioritaire,Aucun,En approche,50 mètres,50 km/h
186267,Pluvieux,Nuit,Sec,100 mètres,60 km/h,100 mètres,Véhicule prioritaire,Pas de besoin particulier,Véhicule prioritaire,Véhicule prioritaire,En approche,50 mètres,30 km/h
186450,Pluvieux,Nuit,Sec,100 mètres,60 km/h,150 mètres,Voiture,Pressé (travail/vol),Véhicule prioritaire,Véhicule prioritaire,En approche,10 mètres,30 km/h
186516,Pluvieux,Nuit,Sec,100 mètres,60 km/h,150 mètres,Voiture,Pas de besoin particulier,Véhicule prioritaire,Aucun,En approche,50 mètres,50 km/h
186711,Pluvieux,Nuit,Sec,100 mètres,60 km/h,150 mètres,Camion,Pressé (travail/vol),Véhicule prioritaire,Véhicule prioritaire,À l'arrêt,0 mètre,0 km/h
186773,Pluvieux,Nuit,Sec,100 mètres,60 km/h,150 mètres,Camion,Pas de besoin particulier,Voiture,Véhicule prioritaire,En approche,100 mètres,50 km/h
186853,Pluvieux,Nuit,Sec,100 mètres,60 km/h,150 mètres,Véhicule prioritaire,Urgent (transport médical),Voiture,Voiture,En approche,100 mètres,50 km/h
187150,Pluvieux,Nuit,Sec,100 mètres,100 km/h,100 mètres,Voiture,Urgent (transport médical),Véhicule prioritaire,Aucun,En approche,10 mètres,30 km/h
187183,Pluvieux,Nuit,Sec,100 mètres,100 km/h,100 mètres,Voiture,Urgent (transport médical),Camion,Voiture,En approche,100 mètres,50 km/h
187407,Pluvieux,Nuit,Sec,100 mètres,100 km/h,100 mètres,Camion,Urgent (transport médical),Voiture,Véhicule prioritaire,En approche,50 mètres,30 km/h
187500,Pluvieux,Nuit,Sec,100 mètres,100 km/h,100 mètres,Camion,Pressé (travail/vol),Voiture,Véhicule prioritaire,En approche,10 mètres,30 km/h
187672,Pluvieux,Nuit,Sec,100 mètres,100 km/h,100 mètres,Véhicule prioritaire,Urgent (transport médical),Voiture,Véhicule prioritaire,En approche,100 mètres,80 km/h
187678,Pluvieux,Nuit,Sec,100 mètres,100 km/h,100 mètres,Véhicule prioritaire,Urgent (transport médical),Voiture,Véhicule prioritaire,En approche,10 mètres,80 km/h
187945,Pluvieux,Nuit,Sec,100 mètres,100 km/h,150 mètres,Voiture,Urgent (transport médical),Voiture,Véhicule prioritaire,En approche,50 mètres,80 km/h
187989,Pluvieux,Nuit,Sec,100 mètres,100 km/h,150 mètres,Voiture,Urgent (transport médical),Camion,Aucun,En approche,10 mètres,50 km/h
188157,Pluvieux,Nuit,Sec,100 mètres,100 km/h,150 mètres,Voiture,Pas de besoin particulier,Véhicule prioritaire,Véhicule prioritaire,En approche,50 mètres,30 km/h
188197,Pluvieux,Nuit,Sec,100 mètres,100 km/h,150 mètres,Camion,Urgent (transport médical),Voiture,Aucun,En approche,50 mètres,30 km/h
188436,Pluvieux,Nuit,Sec,100 mètres,100 km/h,150 mètres,Camion,Pas de besoin particulier,Camion,Aucun,En approche,50 mètres,50 km/h
188534,Pluvieux,Nuit,Sec,100 mètres,100 km/h,150 mètres,Véhicule prioritaire,Urgent (transport médical),Camion,Voiture,En approche,100 mètres,30 km/h
188861,Pluvieux,Nuit,Sec,100 mètres,100 km/h,200 mètres,Voiture,Pressé (travail/vol),Véhicule prioritaire,Voiture,À l'arrêt,0 mètre,0 km/h
188906,Pluvieux,Nuit,Sec,100 mètres,100 km/h,200 mètres,Voiture,Pressé (travail/vol),Camion,Véhicule prioritaire,En approche,50 mètres,50 km/h
188951,Pluvieux,Nuit,Sec,100 mètres,100 km/h,200 mètres,Voiture,Pas de besoin particulier,Véhicule prioritaire,Voiture,À l'arrêt,0 mètre,0 km/h
189044,Pluvieux,Nuit,Sec,100 mètres,100 km/h,200 mètres,Camion,Urgent (transport médical),Véhicule prioritaire,Voiture,En approche,100 mètres,30 km/h
189240,Pluvieux,Nuit,Sec,100 mètres,100 km/h,200 mètres,Camion,Pas de besoin particulier,Véhicule prioritaire,Véhicule prioritaire,En approche,10 mètres,30 km/h
189420,Pluvieux,Nuit,Sec,100 mètres,100 km/h,200 mètres,Véhicule prioritaire,Pressé (travail/vol),Véhicule prioritaire,Véhicule prioritaire,En approche,10 mètres,30 km/h
189706,Pluvieux,Nuit,Sec,50 mètres,35 km/h,10 mètres,Voiture,Pressé (travail/vol),Camion,Voiture,En approche,50 mètres,50 km/h
189716,Pluvieux,Nuit,Sec,50 mètres,35 km/h,10 mètres,Voiture,Pressé (travail/vol),Camion,Véhicule prioritaire,En approche,50 mètres,50 km/h
189741,Pluvieux,Nuit,Sec,50 mètres,35 km/h,10 mètres,Voiture,Pas de besoin particulier,Voiture,Véhicule prioritaire,À l'arrêt,0 mètre,0 km/h
190432,Pluvieux,Nuit,Sec,50 mètres,35 km/h,50 mètres,Voiture,Urgent (transport médical),Camion,Véhicule prioritaire,En approche,100 mètres,80 km/h
190468,Pluvieux,Nuit,Sec,50 mètres,35 km/h,50 mètres,Voiture,Pressé (travail/vol),Voiture,Véhicule prioritaire,En approche,10 mètres,80 km/h
190500,Pluvieux,Nuit,Sec,50 mètres,35 km/h,50 mètres,Voiture,Pressé (travail/vol),Véhicule prioritaire,Véhicule prioritaire,En approche,10 mètres,30 km/h
190596,Pluvieux,Nuit,Sec,50 mètres,35 km/h,50 mètres,Voiture,Pas de besoin particulier,Camion,Aucun,En approche,50 mètres,50 km/h
190910,Pluvieux,Nuit,Sec,50 mètres,35 km/h,50 mètres,Véhicule prioritaire,Urgent (transport médical),Voiture,Voiture,En approche,10 mètres,30 km/h
191205,Pluvieux,Nuit,Sec,50 mètres,35 km/h,100 mètres,Voiture,Urgent (transport médical),Véhicule prioritaire,Voiture,En approche,50 mètres,80 km/h
191423,Pluvieux,Nuit,Sec,50 mètres,35 km/h,100 mètres,Voiture,Pas de besoin particulier,Camion,Véhicule prioritaire,En approche,100 mètres,50 km/h
191547,Pluvieux,Nuit,Sec,50 mètres,35 km/h,100 mètres,Camion,Pressé (travail/vol),Voiture,Véhicule prioritaire,En approche,50 mètres,30 km/h
191662,Pluvieux,Nuit,Sec,50 mètres,35 km/h,100 mètres,Camion,Pas de besoin particulier,Véhicule prioritaire,Véhicule prioritaire,En approche,100 mètres,80 km/h
191675,Pluvieux,Nuit,Sec,50 mètres,35 km/h,100 mètres,Camion,Pas de besoin particulier,Camion,Aucun,En approche,50 mètres,80 km/h
192080,Pluvieux,Nuit,Sec,50 mètres,60 km/h,50 mètres,Voiture,Pressé (travail/vol),Voiture,Voiture,En approche,10 mètres,30 km/h
192363,Pluvieux,Nuit,Sec,50 mètres,60 km/h,50 mètres,Camion,Pressé (travail/vol),Véhicule prioritaire,Aucun,En approche,100 mètres,50 km/h
192493,Pluvieux,Nuit,Sec,50 mètres,60 km/h,50 mètres,Camion,Pas de besoin particulier,Camion,Voiture,En approche,100 mètres,50 km/h
192505,Pluvieux,Nuit,Sec,50 mètres,60 km/h,50 mètres,Camion,Pas de besoin particulier,Camion,Véhicule prioritaire,En approche,50 mètres,80 km/h
192809,Pluvieux,Nuit,Sec,50 mètres,60 km/h,100 mètres,Voiture,Urgent (transport médical),Voiture,Véhicule prioritaire,En approche,10 mètres,50 km/h
192819,Pluvieux,Nuit,Sec,50 mètres,60 km/h,100 mètres,Voiture,Urgent (transport médical),Véhicule prioritaire,Aucun,En approche,10 mètres,50 km/h
192837,Pluvieux,Nuit,Sec,50 mètres,60 km/h,100 mètres,Voiture,Urgent (transport médical),Véhicule prioritaire,Véhicule prioritaire,En approche,50 mètres,30 km/h
193233,Pluvieux,Nuit,Sec,50 mètres,60 km/h,100 mètres,Camion,Pas de besoin particulier,Voiture,Aucun,En approche,100 mètres,50 km/h
193364,Pluvieux,Nuit,Sec,50 mètres,60 km/h,100 mètres,Véhicule prioritaire,Urgent (transport médical),Véhicule prioritaire,Voiture,En approche,100 mètres,30 km/h
193484,Pluvieux,Nuit,Sec,50 mètres,60 km/h,100 mètres,Véhicule prioritaire,Pressé (travail/vol),Camion,Voiture,En approche,100 mètres,30 km/h
193745,Pluvieux,Nuit,Sec,50 mètres,60 km/h,150 mètres,Voiture,Pressé (travail/vol),Camion,Aucun,En approche,50 mètres,80 km/h
194003,Pluvieux,Nuit,Sec,50 mètres,60 km/h,150 mètres,Camion,Pressé (travail/vol),Véhicule prioritaire,Véhicule prioritaire,En approche,100 mètres,50 km/h
194095,Pluvieux,Nuit,Sec,50 mètres,60 km/h,150 mètres,Camion,Pas de besoin particulier,Véhicule prioritaire,Véhicule prioritaire,En approche,50 mètres,80 km/h
194260,Pluvieux,Nuit,Sec,50 mètres,60 km/h,150 mètres,Véhicule prioritaire,Pressé (travail/vol),Véhicule prioritaire,Aucun,En approche,10 mètres,30 km/h
194376,Pluvieux,Nuit,Sec,50 mètres,60 km/h,150 mètres,Véhicule prioritaire,Pas de besoin particulier,Camion,Aucun,En approche,50 mètres,50 km/h
194706,Pluvieux,Nuit,Sec,50 mètres,100 km/h,100 mètres,Camion,Urgent (transport médical),Véhicule prioritaire,Aucun,En approche,50 mètres,50 km/h
194757,Pluvieux,Nuit,Sec,50 mètres,100 km/h,100 mètres,Camion,Urgent (transport médical),Camion,Véhicule prioritaire,En approche,50 mètres,30 km/h
194929,Pluvieux,Nuit,Sec,50 mètres,100 km/h,100 mètres,Camion,Pas de besoin particulier,Camion,Voiture,En approche,10 mètres,50 km/h
195666,Pluvieux,Nuit,Sec,50 mètres,100 km/h,150 mètres,Camion,Pas de besoin particulier,Voiture,Aucun,En approche,50 mètres,50 km/h
195670,Pluvieux,Nuit,Sec,50 mètres,100 km/h,150 mètres,Camion,Pas de besoin particulier,Voiture,Aucun,En approche,10 mètres,30 km/h
195712,Pluvieux,Nuit,Sec,50 mètres,100 km/h,150 mètres,Camion,Pas de besoin particulier,Véhicule prioritaire,Véhicule prioritaire,En approche,100 mètres,80 km/h
195783,Pluvieux,Nuit,Sec,50 mètres,100 km/h,150 mètres,Véhicule prioritaire,Urgent (transport médical),Véhicule prioritaire,Aucun,En approche,100 mètres,50 km/h
196075,Pluvieux,Nuit,Sec,50 mètres,100 km/h,200 mètres,Voiture,Urgent (transport médical),Véhicule prioritaire,Véhicule prioritaire,En approche,50 mètres,80 km/h
196210,Pluvieux,Nuit,Sec,50 mètres,100 km/h,200 mètres,Voiture,Pas de besoin particulier,Voiture,Aucun,En approche,10 mètres,30 km/h
196294,Pluvieux,Nuit,Sec,50 mètres,100 km/h,200 mètres,Camion,Urgent (transport médical),Voiture,Aucun,En approche,100 mètres,30 km/h
196362,Pluvieux,Nuit,Sec,50 mètres,100 km/h,200 mètres,Camion,Urgent (transport médical),Camion,Voiture,En approche,100 mètres,80 km/h
196418,Pluvieux,Nuit,Sec,50 mètres,100 km/h,200 mètres,Camion,Pressé (travail/vol),Véhicule prioritaire,Aucun,En approche,10 mètres,80 km/h
196436,Pluvieux,Nuit,Sec,50 mètres,100 km/h,200 mètres,Camion,Pressé (travail/vol),Véhicule prioritaire,Véhicule prioritaire,En approche,50 mètres,50 km/h
196495,Pluvieux,Nuit,Sec,50 mètres,100 km/h,200 mètres,Camion,Pas de besoin particulier,Voiture,Véhicule prioritaire,En approche,50 mètres,80 km/h
196684,Pluvieux,Nuit,Sec,50 mètres,100 km/h,200 mètres,Véhicule prioritaire,Pressé (travail/vol),Véhicule prioritaire,Aucun,En approche,100 mètres,30 km/h
196895,Pluvieux,Nuit,Sec,20 mètres,35 km/h,10 mètres,Voiture,Urgent (transport médical),Camion,Aucun,En approche,50 mètres,80 km/h
196916,Pluvieux,Nuit,Sec,20 mètres,35 km/h,10 mètres,Voiture,Urgent (transport médical),Camion,Véhicule prioritaire,En approche,50 mètres,50 km/h
197036,Pluvieux,Nuit,Sec,20 mètres,35 km/h,10 mètres,Voiture,Pas de besoin particulier,Voiture,Véhicule prioritaire,En approche,50 mètres,50 km/h
197389,Pluvieux,Nuit,Sec,20 mètres,35 km/h,10 mètres,Véhicule prioritaire,Urgent (transport médical),Voiture,Voiture,En approche,10 mètres,50 km/h
197461,Pluvieux,Nuit,Sec,20 mètres,35 km/h,10 mètres,Véhicule prioritaire,Pressé (travail/vol),Voiture,Aucun,À l'arrêt,0 mètre,0 km/h
197639,Pluvieux,Nuit,Sec,20 mètres,35 km/h,10 mètres,Véhicule prioritaire,Pas de besoin particulier,Camion,Véhicule prioritaire,En approche,10 mètres,50 km/h
197733,Pluvieux,Nuit,Sec,20 mètres,35 km/h,50 mètres,Voiture,Pressé (travail/vol),Voiture,Aucun,En approche,100 mètres,50 km/h
198056,Pluvieux,Nuit,Sec,20 mètres,35 km/h,50 mètres,Camion,Pressé (travail/vol),Véhicule prioritaire,Véhicule prioritaire,En approche,50 mètres,50 km/h
198247,Pluvieux,Nuit,Sec,20 mètres,35 km/h,50 mètres,Véhicule prioritaire,Urgent (transport médical),Camion,Aucun,En approche,50 mètres,30 km/h
198591,Pluvieux,Nuit,Sec,20 mètres,35 km/h,100 mètres,Voiture,Pressé (travail/vol),Véhicule prioritaire,Véhicule prioritaire,À l'arrêt,0 mètre,0 km/h
198615,Pluvieux,Nuit,Sec,20 mètres,35 km/h,100 mètres,Voiture,Pressé (travail/vol),Camion,Voiture,En approche,50 mètres,80 km/h
198674,Pluvieux,Nuit,Sec,20 mètres,35 km/h,100 mètres,Voiture,Pas de besoin particulier,Véhicule prioritaire,Voiture,En approche,100 mètres,30 km/h
198875,Pluvieux,Nuit,Sec,20 mètres,35 km/h,100 mètres,Camion,Pressé (travail/vol),Camion,Aucun,En approche,50 mètres,80 km/h
198886,Pluvieux,Nuit,Sec,20 mètres,35 km/h,100 mètres,Camion,Pressé (travail/vol),Camion,Voiture,En approche,50 mètres,50 km/h
199027,Pluvieux,Nuit,Sec,20 mètres,35 km/h,100 mètres,Véhicule prioritaire,Urgent (transport médical),Véhicule prioritaire,Aucun,En approche,50 mètres,30 km/h
199028,Pluvieux,Nuit,Sec,20 mètres,35 km/h,100 mètres,Véhicule prioritaire,Urgent (transport médical),Véhicule prioritaire,Aucun,En approche,10 mètres,80 km/h
199037,Pluvieux,Nuit,Sec,20 mètres,35 km/h,100 mètres,Véhicule prioritaire,Urgent (transport médical),Véhicule prioritaire,Voiture,En approche,50 mètres,30 km/h
199314,Pluvieux,Nuit,Sec,20 mètres,60 km/h,50 mètres,Voiture,Urgent (transport médical),Véhicule prioritaire,Véhicule prioritaire,En approche,100 mètres,30 km/h
199616,Pluvieux,Nuit,Sec,20 mètres,60 km/h,50 mètres,Camion,Urgent (transport médical),Camion,Véhicule prioritaire,En approche,50 mètres,50 km/h
199820,Pluvieux,Nuit,Sec,20 mètres,60 km/h,50 mètres,Véhicule prioritaire,Urgent (transport médical),Voiture,Voiture,En approche,10 mètres,30 km/h
199872,Pluvieux,Nuit,Sec,20 mètres,60 km/h,50 mètres,Véhicule prioritaire,Urgent (transport médical),Camion,Voiture,En approche,100 mètres,80 km/h
199882,Pluvieux,Nuit,Sec,20 mètres,60 km/h,50 mètres,Véhicule prioritaire,Urgent (transport médical),Camion,Véhicule prioritaire,En approche,100 mètres,80 km/h
200032,Pluvieux,Nuit,Sec,20 mètres,60 km/h,50 mètres,Véhicule prioritaire,Pas de besoin particulier,Véhicule prioritaire,Véhicule prioritaire,En approche,100 mètres,80 km/h
200100,Pluvieux,Nuit,Sec,20 mètres,60 km/h,100 mètres,Voiture,Urgent (transport médical),Voiture,Véhicule prioritaire,En approche,10 mètres,30 km/h
200127,Pluvieux,Nuit,Sec,20 mètres,60 km/h,100 mètres,Voiture,Urgent (transport médical),Véhicule prioritaire,Véhicule prioritaire,En approche,50 mètres,30 km/h
200395,Pluvieux,Nuit,Sec,20 mètres,60 km/h,100 mètres,Camion,Urgent (transport médical),Véhicule prioritaire,Véhicule prioritaire,En approche,50 mètres,80 km/h
200432,Pluvieux,Nuit,Sec,20 mètres,60 km/h,100 mètres,Camion,Pressé (travail/vol),Voiture,Aucun,En approche,100 mètres,80 km/h
200850,Pluvieux,Nuit,Sec,20 mètres,60 km/h,100 mètres,Véhicule prioritaire,Pas de besoin particulier,Véhicule prioritaire,Véhicule prioritaire,En approche,10 mètres,30 km/h
200937,Pluvieux,Nuit,Sec,20 mètres,60 km/h,150 mètres,Voiture,Urgent (transport médical),Véhicule prioritaire,Véhicule prioritaire,En approche,50 mètres,30 km/h
201131,Pluvieux,Nuit,Sec,20 mètres,60 km/h,150 mètres,Voiture,Pas de besoin particulier,Camion,Voiture,À l'arrêt,0 mètre,0 km/h
201215,Pluvieux,Nuit,Sec,20 mètres,60 km/h,150 mètres,Camion,Urgent (transport médical),Camion,Aucun,En approche,50 mètres,80 km/h
201538,Pluvieux,Nuit,Sec,20 mètres,60 km/h,150 mètres,Véhicule prioritaire,Pressé (travail/vol),Voiture,Véhicule prioritaire,En approche,10 mètres,80 km/h
201563,Pluvieux,Nuit,Sec,20 mètres,60 km/h,150 mètres,Véhicule prioritaire,Pressé (travail/vol),Véhicule prioritaire,Véhicule prioritaire,En approche,100 mètres,50 km/h
201673,Pluvieux,Nuit,Sec,20 mètres,60 km/h,150 mètres,Véhicule prioritaire,Pas de besoin particulier,Camion,Voiture,En approche,100 mètres,50 km/h
201687,Pluvieux,Nuit,Sec,20 mètres,60 km/h,150 mètres,Véhicule prioritaire,Pas de besoin particulier,Camion,Véhicule prioritaire,En approche,50 mètres,30 km/h
201831,Pluvieux,Nuit,Sec,20 mètres,100 km/h,100 mètres,Voiture,Pressé (travail/vol),Véhicule prioritaire,Véhicule prioritaire,À l'arrêt,0 mètre,0 km/h
201932,Pluvieux,Nuit,Sec,20 mètres,100 km/h,100 mètres,Voiture,Pas de besoin particulier,Camion,Aucun,En approche,100 mètres,80 km/h
201983,Pluvieux,Nuit,Sec,20 mètres,100 km/h,100 mètres,Camion,Urgent (transport médical),Voiture,Véhicule prioritaire,En approche,100 mètres,50 km/h
202056,Pluvieux,Nuit,Sec,20 mètres,100 km/h,100 mètres,Camion,Pressé (travail/vol),Voiture,Aucun,En approche,50 mètres,50 km/h
202210,Pluvieux,Nuit,Sec,20 mètres,100 km/h,100 mètres,Camion,Pas de besoin particulier,Camion,Aucun,En approche,10 mètres,30 km/h
202470,Pluvieux,Nuit,Sec,20 mètres,100 km/h,100 mètres,Véhicule prioritaire,Pas de besoin particulier,Véhicule prioritaire,Véhicule prioritaire,En approche,10 mètres,30 km/h
202609,Pluvieux,Nuit,Sec,20 mètres,100 km/h,150 mètres,Voiture,Pressé (travail/vol),Voiture,Voiture,En approche,10 mètres,50 km/h
202746,Pluvieux,Nuit,Sec,20 mètres,100 km/h,150 mètres,Voiture,Pas de besoin particulier,Camion,Aucun,En approche,50 mètres,50 km/h
203179,Pluvieux,Nuit,Sec,20 mètres,100 km/h,150 mètres,Véhicule prioritaire,Pressé (travail/vol),Véhicule prioritaire,Voiture,En approche,10 mètres,50 km/h
203277,Pluvieux,Nuit,Sec,20 mètres,100 km/h,150 mètres,Véhicule prioritaire,Pas de besoin particulier,Véhicule prioritaire,Véhicule prioritaire,En approche,50 mètres,30 km/h
203293,Pluvieux,Nuit,Sec,20 mètres,100 km/h,150 mètres,Véhicule prioritaire,Pas de besoin particulier,Camion,Voiture,En approche,100 mètres,50 km/h
203444,Pluvieux,Nuit,Sec,20 mètres,100 km/h,200 mètres,Voiture,Pressé (travail/vol),Véhicule prioritaire,Voiture,En approche,100 mètres,30 km/h
203658,Pluvieux,Nuit,Sec,20 mètres,100 km/h,200 mètres,Camion,Urgent (transport médical),Camion,Voiture,En approche,10 mètres,80 km/h
203735,Pluvieux,Nuit,Sec,20 mètres,100 km/h,200 mètres,Camion,Pressé (travail/vol),Camion,Aucun,En approche,50 mètres,80 km/h
203866,Pluvieux,Nuit,Sec,20 mètres,100 km/h,200 mètres,Véhicule prioritaire,Urgent (transport médical),Voiture,Voiture,En approche,50 mètres,50 km/h
204066,Pluvieux,Nuit,Sec,20 mètres,100 km/h,200 mètres,Véhicule prioritaire,Pas de besoin particulier,Véhicule prioritaire,Aucun,En approche,50 mètres,50 km/h
204088,Pluvieux,Nuit,Sec,20 mètres,100 km/h,200 mètres,Véhicule prioritaire,Pas de besoin particulier,Véhicule prioritaire,Véhicule prioritaire,En approche,10 mètres,80 km/h
204129,Pluvieux,Nuit,Mouillé,Libre,35 km/h,10 mètres,Voiture,Urgent (transport médical),Voiture,Aucun,En approche,10 mètres,50 km/h
204512,Pluvieux,Nuit,Mouillé,Libre,35 km/h,10 mètres,Camion,Pressé (travail/vol),Véhicule prioritaire,Aucun,En approche,100 mètres,80 km/h
204663,Pluvieux,Nuit,Mouillé,Libre,35 km/h,10 mètres,Véhicule prioritaire,Urgent (transport médical),Voiture,Aucun,En approche,100 mètres,50 km/h
204951,Pluvieux,Nuit,Mouillé,Libre,35 km/h,50 mètres,Voiture,Urgent (transport médical),Voiture,Véhicule prioritaire,À l'arrêt,0 mètre,0 km/h
205198,Pluvieux,Nuit,Mouillé,Libre,35 km/h,50 mètres,Voiture,Pas de besoin particulier,Camion,Véhicule prioritaire,En approche,10 mètres,80 km/h
205284,Pluvieux,Nuit,Mouillé,Libre,35 km/h,50 mètres,Camion,Urgent (transport médical),Camion,Véhicule prioritaire,En approche,100 mètres,30 km/h
205290,Pluvieux,Nuit,Mouillé,Libre,35 km/h,50 mètres,Camion,Urgent (transport médical),Camion,Véhicule prioritaire,En approche,10 mètres,30 km/h
205621,Pluvieux,Nuit,Mouillé,Libre,35 km/h,50 mètres,Véhicule prioritaire,Pressé (travail/vol),Camion,Aucun,À l'arrêt,0 mètre,0 km/h
205658,Pluvieux,Nuit,Mouillé,Libre,35 km/h,50 mètres,Véhicule prioritaire,Pas de besoin particulier,Voiture,Aucun,En approche,10 mètres,80 km/h
205716,Pluvieux,Nuit,Mouillé,Libre,35 km/h,50 mètres,Véhicule prioritaire,Pas de besoin particulier,Camion,Aucun,En approche,50 mètres,50 km/h
206057,Pluvieux,Nuit,Mouillé,Libre,35 km/h,100 mètres,Camion,Urgent (transport médical),Véhicule prioritaire,Voiture,En approche,50 mètres,30 km/h
206172,Pluvieux,Nuit,Mouillé,Libre,35 km/h,100 mètres,Camion,Pressé (travail/vol),Camion,Voiture,En approche,100 mètres,80 km/h
206215,Pluvieux,Nuit,Mouillé,Libre,35 km/h,100 mètres,Camion,Pas de besoin particulier,Voiture,Véhicule prioritaire,En approche,50 mètres,80 km/h
206320,Pluvieux,Nuit,Mouillé,Libre,35 km/h,100 mètres,Véhicule prioritaire,Urgent (transport médical),Véhicule prioritaire,Aucun,En approche,10 mètres,30 km/h
206393,Pluvieux,Nuit,Mouillé,Libre,35 km/h,100 mètres,Véhicule prioritaire,Pressé (travail/vol),Voiture,Véhicule prioritaire,En approche,100 mètres,50 km/h
206545,Pluvieux,Nuit,Mouillé,Libre,35 km/h,100 mètres,Véhicule prioritaire,Pas de besoin particulier,Camion,Véhicule prioritaire,En approche,50 mètres,80 km/h
206744,Pluvieux,Nuit,Mouillé,Libre,60 km/h,50 mètres,Voiture,Pas de besoin particulier,Voiture,Voiture,En approche,100 mètres,30 km/h
207370,Pluvieux,Nuit,Mouillé,Libre,60 km/h,100 mètres,Voiture,Urgent (transport médical),Voiture,Aucun,En approche,10 mètres,30 km/h
207401,Pluvieux,Nuit,Mouillé,Libre,60 km/h,100 mètres,Voiture,Urgent (transport médical),Véhicule prioritaire,Voiture,À l'arrêt,0 mètre,0 km/h
207721,Pluvieux,Nuit,Mouillé,Libre,60 km/h,100 mètres,Camion,Pressé (travail/vol),Voiture,Aucun,À l'arrêt,0 mètre,0 km/h
208123,Pluvieux,Nuit,Mouillé,Libre,60 km/h,100 mètres,Véhicule prioritaire,Pas de besoin particulier,Véhicule prioritaire,Voiture,En approche,100 mètres,50 km/h
208248,Pluvieux,Nuit,Mouillé,Libre,60 km/h,150 mètres,Voiture,Urgent (transport médical),Camion,Voiture,En approche,10 mètres,80 km/h
208382,Pluvieux,Nuit,Mouillé,Libre,60 km/h,150 mètres,Voiture,Pas de besoin particulier,Véhicule prioritaire,Aucun,En approche,100 mètres,80 km/h
208391,Pluvieux,Nuit,Mouillé,Libre,60 km/h,150 mètres,Voiture,Pas de besoin particulier,Véhicule prioritaire,Voiture,À l'arrêt,0 mètre,0 km/h
208603,Pluvieux,Nuit,Mouillé,Libre,60 km/h,150 mètres,Camion,Pressé (travail/vol),Camion,Voiture,En approche,100 mètres,50 km/h
208733,Pluvieux,Nuit,Mouillé,Libre,60 km/h,150 mètres,Véhicule prioritaire,Urgent (transport médical),Voiture,Véhicule prioritaire,En approche,100 mètres,50 km/h
208996,Pluvieux,Nuit,Mouillé,Libre,100 km/h,100 mètres,Voiture,Urgent (transport médical),Voiture,Voiture,En approche,50 mètres,50 km/h
209024,Pluvieux,Nuit,Mouillé,Libre,100 km/h,100 mètres,Voiture,Urgent (transport médical),Véhicule prioritaire,Voiture,En approche,100 mètres,30 km/h
209027,Pluvieux,Nuit,Mouillé,Libre,100 km/h,100 mètres,Voiture,Urgent (transport médical),Véhicule prioritaire,Voiture,En approche,50 mètres,30 km/h
209077,Pluvieux,Nuit,Mouillé,Libre,100 km/h,100 mètres,Voiture,Pressé (travail/vol),Voiture,Aucun,En approche,50 mètres,30 km/h
209141,Pluvieux,Nuit,Mouillé,Libre,100 km/h,100 mètres,Voiture,Pressé (travail/vol),Camion,Voiture,À l'arrêt,0 mètre,0 km/h
209166,Pluvieux,Nuit,Mouillé,Libre,100 km/h,100 mètres,Voiture,Pas de besoin particulier,Voiture,Aucun,En approche,50 mètres,50 km/h
209170,Pluvieux,Nuit,Mouillé,Libre,100 km/h,100 mètres,Voiture,Pas de besoin particulier,Voiture,Aucun,En approche,10 mètres,30 km/h
209171,Pluvieux,Nuit,Mouillé,Libre,100 km/h,100 mètres,Voiture,Pas de besoin particulier,Voiture,Voiture,À l'arrêt,0 mètre,0 km/h
209238,Pluvieux,Nuit,Mouillé,Libre,100 km/h,100 mètres,Voiture,Pas de besoin particulier,Camion,Voiture,En approche,10 mètres,80 km/h
209276,Pluvieux,Nuit,Mouillé,Libre,100 km/h,100 mètres,Camion,Urgent (transport médical),Voiture,Véhicule prioritaire,En approche,50 mètres,50 km/h
209325,Pluvieux,Nuit,Mouillé,Libre,100 km/h,100 mètres,Camion,Urgent (transport médical),Camion,Voiture,En approche,50 mètres,80 km/h
209358,Pluvieux,Nuit,Mouillé,Libre,100 km/h,100 mètres,Camion,Pressé (travail/vol),Voiture,Voiture,En approche,10 mètres,80 km/h
209446,Pluvieux,Nuit,Mouillé,Libre,100 km/h,100 mètres,Camion,Pas de besoin particulier,Voiture,Voiture,En approche,50 mètres,50 km/h
209610,Pluvieux,Nuit,Mouillé,Libre,100 km/h,100 mètres,Véhicule prioritaire,Urgent (transport médical),Camion,Véhicule prioritaire,En approche,10 mètres,30 km/h
209684,Pluvieux,Nuit,Mouillé,Libre,100 km/h,100 mètres,Véhicule prioritaire,Pressé (travail/vol),Camion,Voiture,En approche,100 mètres,30 km/h
209717,Pluvieux,Nuit,Mouillé,Libre,100 km/h,100 mètres,Véhicule prioritaire,Pas de besoin particulier,Voiture,Voiture,En approche,50 mètres,30 km/h
209886,Pluvieux,Nuit,Mouillé,Libre,100 km/h,150 mètres,Voiture,Pressé (travail/vol),Voiture,Aucun,En approche,50 mètres,50 km/h
210404,Pluvieux,Nuit,Mouillé,Libre,100 km/h,150 mètres,Véhicule prioritaire,Urgent (transport médical),Camion,Voiture,En approche,100 mètres,30 km/h
210638,Pluvieux,Nuit,Mouillé,Libre,100 km/h,200 mètres,Voiture,Urgent (transport médical),Véhicule prioritaire,Aucun,En approche,10 mètres,80 km/h
210674,Pluvieux,Nuit,Mouillé,Libre,100 km/h,200 mètres,Voiture,Urgent (transport médical),Camion,Voiture,En approche,100 mètres,30 km/h
210711,Pluvieux,Nuit,Mouillé,Libre,100 km/h,200 mètres,Voiture,Pressé (travail/vol),Voiture,Véhicule prioritaire,À l'arrêt,0 mètre,0 km/h
210793,Pluvieux,Nuit,Mouillé,Libre,100 km/h,200 mètres,Voiture,Pas de besoin particulier,Voiture,Voiture,En approche,100 mètres,50 km/h
211057,Pluvieux,Nuit,Mouillé,Libre,100 km/h,200 mètres,Camion,Pas de besoin particulier,Voiture,Aucun,En approche,50 mètres,30 km/h
211135,Pluvieux,Nuit,Mouillé,Libre,100 km/h,200 mètres,Camion,Pas de besoin particulier,Camion,Véhicule prioritaire,En approche,50 mètres,80 km/h
211286,Pluvieux,Nuit,Mouillé,Libre,100 km/h,200 mètres,Véhicule prioritaire,Pressé (travail/vol),Véhicule prioritaire,Véhicule prioritaire,En approche,50 mètres,50 km/h
211506,Pluvieux,Nuit,Mouillé,100 mètres,35 km/h,10 mètres,Voiture,Pressé (travail/vol),Voiture,Aucun,En approche,50 mètres,50 km/h
212139,Pluvieux,Nuit,Mouillé,100 mètres,35 km/h,10 mètres,Véhicule prioritaire,Pas de besoin particulier,Voiture,Aucun,En approche,10 mètres,50 km/h
212203,Pluvieux,Nuit,Mouillé,100 mètres,35 km/h,10 mètres,Véhicule prioritaire,Pas de besoin particulier,Camion,Voiture,En approche,100 mètres,50 km/h
212283,Pluvieux,Nuit,Mouillé,100 mètres,35 km/h,50 mètres,Voiture,Urgent (transport médical),Camion,Aucun,En approche,100 mètres,50 km/h
212565,Pluvieux,Nuit,Mouillé,100 mètres,35 km/h,50 mètres,Camion,Urgent (transport médical),Camion,Voiture,En approche,50 mètres,80 km/h
212848,Pluvieux,Nuit,Mouillé,100 mètres,35 km/h,50 mètres,Véhicule prioritaire,Urgent (transport médical),Camion,Véhicule prioritaire,En approche,10 mètres,80 km/h
213075,Pluvieux,Nuit,Mouillé,100 mètres,35 km/h,100 mètres,Voiture,Urgent (transport médical),Véhicule prioritaire,Voiture,En approche,50 mètres,80 km/h
213323,Pluvieux,Nuit,Mouillé,100 mètres,35 km/h,100 mètres,Camion,Urgent (transport médical),Voiture,Véhicule prioritaire,En approche,100 mètres,50 km/h
213413,Pluvieux,Nuit,Mouillé,100 mètres,35 km/h,100 mètres,Camion,Pressé (travail/vol),Voiture,Véhicule prioritaire,En approche,100 mètres,50 km/h
213485,Pluvieux,Nuit,Mouillé,100 mètres,35 km/h,100 mètres,Camion,Pas de besoin particulier,Voiture,Aucun,En approche,50 mètres,80 km/h
213534,Pluvieux,Nuit,Mouillé,100 mètres,35 km/h,100 mètres,Camion,Pas de besoin particulier,Véhicule prioritaire,Véhicule prioritaire,En approche,100 mètres,30 km/h
213594,Pluvieux,Nuit,Mouillé,100 mètres,35 km/h,100 mètres,Véhicule prioritaire,Urgent (transport médical),Voiture,Véhicule prioritaire,En approche,100 mètres,30 km/h
213680,Pluvieux,Nuit,Mouillé,100 mètres,35 km/h,100 mètres,Véhicule prioritaire,Pressé (travail/vol),Voiture,Voiture,En approche,10 mètres,30 km/h
213817,Pluvieux,Nuit,Mouillé,100 mètres,35 km/h,100 mètres,Véhicule prioritaire,Pas de besoin particulier,Camion,Aucun,En approche,50 mètres,30 km/h
214061,Pluvieux,Nuit,Mouillé,100 mètres,60 km/h,50 mètres,Voiture,Pas de besoin particulier,Véhicule prioritaire,Voiture,À l'arrêt,0 mètre,0 km/h
214095,Pluvieux,Nuit,Mouillé,100 mètres,60 km/h,50 mètres,Voiture,Pas de besoin particulier,Camion,Voiture,En approche,50 mètres,80 km/h
214165,Pluvieux,Nuit,Mouillé,100 mètres,60 km/h,50 mètres,Camion,Urgent (transport médical),Véhicule prioritaire,Véhicule prioritaire,En approche,50 mètres,80 km/h
214258,Pluvieux,Nuit,Mouillé,100 mètres,60 km/h,50 mètres,Camion,Pressé (travail/vol),Véhicule prioritaire,Véhicule prioritaire,En approche,10 mètres,80 km/h
214295,Pluvieux,Nuit,Mouillé,100 mètres,60 km/h,50 mètres,Camion,Pas de besoin particulier,Voiture,Aucun,En approche,50 mètres,80 km/h
214392,Pluvieux,Nuit,Mouillé,100 mètres,60 km/h,50 mètres,Véhicule prioritaire,Urgent (transport médical),Voiture,Voiture,En approche,100 mètres,80 km/h
214401,Pluvieux,Nuit,Mouillé,100 mètres,60 km/h,50 mètres,Véhicule prioritaire,Urgent (transport médical),Voiture,Véhicule prioritaire,À l'arrêt,0 mètre,0 km/h
214814,Pluvieux,Nuit,Mouillé,100 mètres,60 km/h,100 mètres,Voiture,Pressé (travail/vol),Camion,Voiture,En approche,100 mètres,30 km/h
214817,Pluvieux,Nuit,Mouillé,100 mètres,60 km/h,100 mètres,Voiture,Pressé (travail/vol),Camion,Voiture,En approche,50 mètres,30 km/h
215028,Pluvieux,Nuit,Mouillé,100 mètres,60 km/h,100 mètres,Camion,Pressé (travail/vol),Voiture,Voiture,En approche,10 mètres,80 km/h
215201,Pluvieux,Nuit,Mouillé,100 mètres,60 km/h,100 mètres,Véhicule prioritaire,Urgent (transport médical),Voiture,Voiture,À l'arrêt,0 mètre,0 km/h
215242,Pluvieux,Nuit,Mouillé,100 mètres,60 km/h,100 mètres,Véhicule prioritaire,Urgent (transport médical),Véhicule prioritaire,Véhicule prioritaire,En approche,100 mètres,80 km/h
215343,Pluvieux,Nuit,Mouillé,100 mètres,60 km/h,100 mètres,Véhicule prioritaire,Pressé (travail/vol),Camion,Aucun,En approche,100 mètres,50 km/h
215522,Pluvieux,Nuit,Mouillé,100 mètres,60 km/h,150 mètres,Voiture,Urgent (transport médical),Camion,Aucun,En approche,100 mètres,80 km/h
215698,Pluvieux,Nuit,Mouillé,100 mètres,60 km/h,150 mètres,Voiture,Pas de besoin particulier,Véhicule prioritaire,Véhicule prioritaire,En approche,10 mètres,80 km/h
215760,Pluvieux,Nuit,Mouillé,100 mètres,60 km/h,150 mètres,Camion,Urgent (transport médical),Voiture,Véhicule prioritaire,En approche,10 mètres,30 km/h
216187,Pluvieux,Nuit,Mouillé,100 mètres,60 km/h,150 mètres,Véhicule prioritaire,Pas de besoin particulier,Voiture,Aucun,En approche,50 mètres,30 km/h
216400,Pluvieux,Nuit,Mouillé,100 mètres,100 km/h,100 mètres,Voiture,Pressé (travail/vol),Véhicule prioritaire,Aucun,En approche,10 mètres,30 km/h
216471,Pluvieux,Nuit,Mouillé,100 mètres,100 km/h,100 mètres,Voiture,Pas de besoin particulier,Voiture,Véhicule prioritaire,À l'arrêt,0 mètre,0 km/h
216774,Pluvieux,Nuit,Mouillé,100 mètres,100 km/h,100 mètres,Camion,Pas de besoin particulier,Véhicule prioritaire,Véhicule prioritaire,En approche,100 mètres,30 km/h
216918,Pluvieux,Nuit,Mouillé,100 mètres,100 km/h,100 mètres,Véhicule prioritaire,Pressé (travail/vol),Voiture,Voiture,En approche,10 mètres,80 km/h
216943,Pluvieux,Nuit,Mouillé,100 mètres,100 km/h,100 mètres,Véhicule prioritaire,Pressé (travail/vol),Véhicule prioritaire,Voiture,En approche,100 mètres,50 km/h
216953,Pluvieux,Nuit,Mouillé,100 mètres,100 km/h,100 mètres,Véhicule prioritaire,Pressé (travail/vol),Véhicule prioritaire,Véhicule prioritaire,En approche,100 mètres,50 km/h
217043,Pluvieux,Nuit,Mouillé,100 mètres,100 km/h,100 mètres,Véhicule prioritaire,Pas de besoin particulier,Véhicule prioritaire,Véhicule prioritaire,En approche,100 mètres,50 km/h
217063,Pluvieux,Nuit,Mouillé,100 mètres,100 km/h,100 mètres,Véhicule prioritaire,Pas de besoin particulier,Camion,Voiture,En approche,100 mètres,50 km/h
217242,Pluvieux,Nuit,Mouillé,100 mètres,100 km/h,150 mètres,Voiture,Pressé (travail/vol),Camion,Voiture,En approche,100 mètres,80 km/h
217409,Pluvieux,Nuit,Mouillé,100 mètres,100 km/h,150 mètres,Camion,Urgent (transport médical),Véhicule prioritaire,Véhicule prioritaire,En approche,10 mètres,50 km/h
217634,Pluvieux,Nuit,Mouillé,100 mètres,100 km/h,150 mètres,Véhicule prioritaire,Urgent (transport médical),Voiture,Voiture,En approche,100 mètres,30 km/h
217673,Pluvieux,Nuit,Mouillé,100 mètres,100 km/h,150 mètres,Véhicule prioritaire,Urgent (transport médical),Véhicule prioritaire,Véhicule prioritaire,En approche,100 mètres,50 km/h
217694,Pluvieux,Nuit,Mouillé,100 mètres,100 km/h,150 mètres,Véhicule prioritaire,Urgent (transport médical),Camion,Voiture,En approche,100 mètres,30 km/h
217864,Pluvieux,Nuit,Mouillé,100 mètres,100 km/h,150 mètres,Véhicule prioritaire,Pas de besoin particulier,Camion,Aucun,En approche,100 mètres,30 km/h
218664,Pluvieux,Nuit,Mouillé,100 mètres,100 km/h,200 mètres,Véhicule prioritaire,Pas de besoin particulier,Véhicule prioritaire,Véhicule prioritaire,En approche,100 mètres,30 km/h
218864,Pluvieux,Nuit,Mouillé,50 mètres,35 km/h,10 mètres,Voiture,Pressé (travail/vol),Camion,Voiture,En approche,100 mètres,30 km/h
219307,Pluvieux,Nuit,Mouillé,50 mètres,35 km/h,10 mètres,Véhicule prioritaire,Urgent (transport médical),Camion,Aucun,En approche,50 mètres,30 km/h
219313,Pluvieux,Nuit,Mouillé,50 mètres,35 km/h,10 mètres,Véhicule prioritaire,Urgent (transport médical),Camion,Voiture,En approche,100 mètres,50 km/h
219319,Pluvieux,Nuit,Mouillé,50 mètres,35 km/h,10 mètres,Véhicule prioritaire,Urgent (transport médical),Camion,Voiture,En approche,10 mètres,50 km/h
219948,Pluvieux,Nuit,Mouillé,50 mètres,35 km/h,50 mètres,Camion,Pressé (travail/vol),Camion,Voiture,En approche,10 mètres,80 km/h
219971,Pluvieux,Nuit,Mouillé,50 mètres,35 km/h,50 mètres,Camion,Pas de besoin particulier,Voiture,Voiture,À l'arrêt,0 mètre,0 km/h
220148,Pluvieux,Nuit,Mouillé,50 mètres,35 km/h,50 mètres,Véhicule prioritaire,Pressé (travail/vol),Voiture,Aucun,En approche,10 mètres,80 km/h
220160,Pluvieux,Nuit,Mouillé,50 mètres,35 km/h,50 mètres,Véhicule prioritaire,Pressé (travail/vol),Voiture,Voiture,En approche,10 mètres,30 km/h
220279,Pluvieux,Nuit,Mouillé,50 mètres,35 km/h,50 mètres,Véhicule prioritaire,Pas de besoin particulier,Véhicule prioritaire,Voiture,En approche,10 mètres,50 km/h
220320,Pluvieux,Nuit,Mouillé,50 mètres,35 km/h,50 mètres,Véhicule prioritaire,Pas de besoin particulier,Camion,Véhicule prioritaire,En approche,10 mètres,30 km/h
220551,Pluvieux,Nuit,Mouillé,50 mètres,35 km/h,100 mètres,Voiture,Pas de besoin particulier,Véhicule prioritaire,Véhicule prioritaire,À l'arrêt,0 mètre,0 km/h
220638,Pluvieux,Nuit,Mouillé,50 mètres,35 km/h,100 mètres,Camion,Urgent (transport médical),Véhicule prioritaire,Voiture,En approche,10 mètres,80 km/h
220676,Pluvieux,Nuit,Mouillé,50 mètres,35 km/h,100 mètres,Camion,Urgent (transport médical),Camion,Véhicule prioritaire,En approche,50 mètres,50 km/h
220780,Pluvieux,Nuit,Mouillé,50 mètres,35 km/h,100 mètres,Camion,Pas de besoin particulier,Voiture,Aucun,En approche,10 mètres,30 km/h
220790,Pluvieux,Nuit,Mouillé,50 mètres,35 km/h,100 mètres,Camion,Pas de besoin particulier,Voiture,Voiture,En approche,10 mètres,30 km/h
221144,Pluvieux,Nuit,Mouillé,50 mètres,60 km/h,50 mètres,Voiture,Urgent (transport médical),Voiture,Voiture,En approche,100 mètres,30 km/h
221453,Pluvieux,Nuit,Mouillé,50 mètres,60 km/h,50 mètres,Camion,Urgent (transport médical),Véhicule prioritaire,Véhicule prioritaire,En approche,100 mètres,50 km/h
221550,Pluvieux,Nuit,Mouillé,50 mètres,60 km/h,50 mètres,Camion,Pressé (travail/vol),Véhicule prioritaire,Véhicule prioritaire,En approche,10 mètres,30 km/h
221751,Pluvieux,Nuit,Mouillé,50 mètres,60 km/h,50 mètres,Véhicule prioritaire,Urgent (transport médical),Camion,Véhicule prioritaire,À l'arrêt,0 mètre,0 km/h
222226,Pluvieux,Nuit,Mouillé,50 mètres,60 km/h,100 mètres,Camion,Urgent (transport médical),Voiture,Voiture,En approche,50 mètres,50 km/h
222229,Pluvieux,Nuit,Mouillé,50 mètres,60 km/h,100 mètres,Camion,Urgent (transport médical),Voiture,Voiture,En approche,10 mètres,50 km/h
222415,Pluvieux,Nuit,Mouillé,50 mètres,60 km/h,100 mètres,Camion,Pas de besoin particulier,Voiture,Véhicule prioritaire,En approche,50 mètres,80 km/h
222496,Pluvieux,Nuit,Mouillé,50 mètres,60 km/h,100 mètres,Véhicule prioritaire,Urgent (transport médical),Voiture,Voiture,En approche,50 mètres,50 km/h
222557,Pluvieux,Nuit,Mouillé,50 mètres,60 km/h,100 mètres,Véhicule prioritaire,Urgent (transport médical),Camion,Voiture,En approche,50 mètres,30 km/h
222575,Pluvieux,Nuit,Mouillé,50 mètres,60 km/h,100 mètres,Véhicule prioritaire,Pressé (travail/vol),Voiture,Aucun,En approche,50 mètres,80 km/h
222723,Pluvieux,Nuit,Mouillé,50 mètres,60 km/h,100 mètres,Véhicule prioritaire,Pas de besoin particulier,Camion,Aucun,En approche,100 mètres,50 km/h
222730,Pluvieux,Nuit,Mouillé,50 mètres,60 km/h,100 mètres,Véhicule prioritaire,Pas de besoin particulier,Camion,Aucun,En approche,10 mètres,30 km/h
222759,Pluvieux,Nuit,Mouillé,50 mètres,60 km/h,150 mètres,Voiture,Urgent (transport médical),Voiture,Aucun,En approche,10 mètres,50 km/h
223015,Pluvieux,Nuit,Mouillé,50 mètres,60 km/h,150 mètres,Voiture,Pas de besoin particulier,Camion,Véhicule prioritaire,En approche,50 mètres,80 km/h
223051,Pluvieux,Nuit,Mouillé,50 mètres,60 km/h,150 mètres,Camion,Urgent (transport médical),Véhicule prioritaire,Aucun,À l'arrêt,0 mètre,0 km/h
223384,Pluvieux,Nuit,Mouillé,50 mètres,60 km/h,150 mètres,Véhicule prioritaire,Pressé (travail/vol),Voiture,Aucun,En approche,100 mètres,30 km/h
223386,Pluvieux,Nuit,Mouillé,50 mètres,60 km/h,150 mètres,Véhicule prioritaire,Pressé (travail/vol),Voiture,Aucun,En approche,50 mètres,50 km/h
223562,Pluvieux,Nuit,Mouillé,50 mètres,100 km/h,100 mètres,Voiture,Urgent (transport médical),Voiture,Aucun,En approche,100 mètres,80 km/h
223825,Pluvieux,Nuit,Mouillé,50 mètres,100 km/h,100 mètres,Voiture,Pas de besoin particulier,Camion,Véhicule prioritaire,En approche,50 mètres,80 km/h
224826,Pluvieux,Nuit,Mouillé,50 mètres,100 km/h,150 mètres,Camion,Pas de besoin particulier,Voiture,Aucun,En approche,50 mètres,50 km/h
225059,Pluvieux,Nuit,Mouillé,50 mètres,100 km/h,150 mètres,Véhicule prioritaire,Pressé (travail/vol),Véhicule prioritaire,Véhicule prioritaire,En approche,10 mètres,50 km/h
225569,Pluvieux,Nuit,Mouillé,50 mètres,100 km/h,200 mètres,Camion,Pressé (travail/vol),Voiture,Véhicule prioritaire,En approche,10 mètres,50 km/h
225682,Pluvieux,Nuit,Mouillé,50 mètres,100 km/h,200 mètres,Camion,Pas de besoin particulier,Véhicule prioritaire,Véhicule prioritaire,En approche,100 mètres,80 km/h
225690,Pluvieux,Nuit,Mouillé,50 mètres,100 km/h,200 mètres,Camion,Pas de besoin particulier,Véhicule prioritaire,Véhicule prioritaire,En approche,10 mètres,30 km/h
226139,Pluvieux,Nuit,Mouillé,20 mètres,35 km/h,10 mètres,Voiture,Pressé (travail/vol),Véhicule prioritaire,Véhicule prioritaire,En approche,10 mètres,50 km/h
226162,Pluvieux,Nuit,Mouillé,20 mètres,35 km/h,10 mètres,Voiture,Pressé (travail/vol),Camion,Véhicule prioritaire,En approche,100 mètres,80 km/h
226304,Pluvieux,Nuit,Mouillé,20 mètres,35 km/h,10 mètres,Camion,Urgent (transport médical),Véhicule prioritaire,Voiture,En approche,100 mètres,30 km/h
226328,Pluvieux,Nuit,Mouillé,20 mètres,35 km/h,10 mètres,Camion,Urgent (transport médical),Camion,Aucun,En approche,10 mètres,80 km/h
226373,Pluvieux,Nuit,Mouillé,20 mètres,35 km/h,10 mètres,Camion,Pressé (travail/vol),Voiture,Véhicule prioritaire,En approche,100 mètres,50 km/h
226460,Pluvieux,Nuit,Mouillé,20 mètres,35 km/h,10 mètres,Camion,Pas de besoin particulier,Voiture,Voiture,En approche,10 mètres,30 km/h
226503,Pluvieux,Nuit,Mouillé,20 mètres,35 km/h,10 mètres,Camion,Pas de besoin particulier,Camion,Aucun,En approche,100 mètres,50 km/h
226846,Pluvieux,Nuit,Mouillé,20 mètres,35 km/h,50 mètres,Voiture,Urgent (transport médical),Véhicule prioritaire,Voiture,En approche,50 mètres,50 km/h
226882,Pluvieux,Nuit,Mouillé,20 mètres,35 km/h,50 mètres,Voiture,Urgent (transport médical),Camion,Véhicule prioritaire,En approche,100 mètres,80 km/h
226947,Pluvieux,Nuit,Mouillé,20 mètres,35 km/h,50 mètres,Voiture,Pressé (travail/vol),Véhicule prioritaire,Véhicule prioritaire,En approche,50 mètres,30 km/h
226982,Pluvieux,Nuit,Mouillé,20 mètres,35 km/h,50 mètres,Voiture,Pas de besoin particulier,Voiture,Aucun,En approche,100 mètres,80 km/h
227141,Pluvieux,Nuit,Mouillé,20 mètres,35 km/h,50 mètres,Camion,Urgent (transport médical),Camion,Voiture,À l'arrêt,0 mètre,0 km/h
227261,Pluvieux,Nuit,Mouillé,20 mètres,35 km/h,50 mètres,Camion,Pas de besoin particulier,Voiture,Voiture,À l'arrêt,0 mètre,0 km/h
227544,Pluvieux,Nuit,Mouillé,20 mètres,35 km/h,50 mètres,Véhicule prioritaire,Pas de besoin particulier,Voiture,Véhicule prioritaire,En approche,100 mètres,30 km/h
227603,Pluvieux,Nuit,Mouillé,20 mètres,35 km/h,50 mètres,Véhicule prioritaire,Pas de besoin particulier,Camion,Véhicule prioritaire,En approche,100 mètres,50 km/h
227615,Pluvieux,Nuit,Mouillé,20 mètres,35 km/h,100 mètres,Voiture,Urgent (transport médical),Voiture,Aucun,En approche,50 mètres,80 km/h
227887,Pluvieux,Nuit,Mouillé,20 mètres,35 km/h,100 mètres,Camion,Urgent (transport médical),Voiture,Aucun,En approche,50 mètres,30 km/h
227949,Pluvieux,Nuit,Mouillé,20 mètres,35 km/h,100 mètres,Camion,Urgent (transport médical),Camion,Aucun,En approche,10 mètres,50 km/h
227979,Pluvieux,Nuit,Mouillé,20 mètres,35 km/h,100 mètres,Camion,Pressé (travail/vol),Voiture,Aucun,En approche,10 mètres,50 km/h
228122,Pluvieux,Nuit,Mouillé,20 mètres,35 km/h,100 mètres,Camion,Pas de besoin particulier,Camion,Aucun,En approche,100 mètres,80 km/h
228256,Pluvieux,Nuit,Mouillé,20 mètres,35 km/h,100 mètres,Véhicule prioritaire,Pressé (travail/vol),Voiture,Voiture,En approche,50 mètres,50 km/h
228283,Pluvieux,Nuit,Mouillé,20 mètres,35 km/h,100 mètres,Véhicule prioritaire,Pressé (travail/vol),Véhicule prioritaire,Voiture,En approche,100 mètres,50 km/h
228309,Pluvieux,Nuit,Mouillé,20 mètres,35 km/h,100 mètres,Véhicule prioritaire,Pressé (travail/vol),Camion,Aucun,En approche,10 mètres,50 km/h
228622,Pluvieux,Nuit,Mouillé,20 mètres,60 km/h,50 mètres,Voiture,Pas de besoin particulier,Voiture,Véhicule prioritaire,En approche,100 mètres,80 km/h
228755,Pluvieux,Nuit,Mouillé,20 mètres,60 km/h,50 mètres,Camion,Urgent (transport médical),Camion,Aucun,En approche,50 mètres,80 km/h
228811,Pluvieux,Nuit,Mouillé,20 mètres,60 km/h,50 mètres,Camion,Pressé (travail/vol),Véhicule prioritaire,Aucun,À l'arrêt,0 mètre,0 km/h
229137,Pluvieux,Nuit,Mouillé,20 mètres,60 km/h,50 mètres,Véhicule prioritaire,Pressé (travail/vol),Camion,Véhicule prioritaire,En approche,50 mètres,30 km/h
229686,Pluvieux,Nuit,Mouillé,20 mètres,60 km/h,100 mètres,Camion,Pas de besoin particulier,Voiture,Aucun,En approche,50 mètres,50 km/h
230139,Pluvieux,Nuit,Mouillé,20 mètres,60 km/h,150 mètres,Voiture,Pressé (travail/vol),Voiture,Aucun,En approche,10 mètres,50 km/h
230251,Pluvieux,Nuit,Mouillé,20 mètres,60 km/h,150 mètres,Voiture,Pas de besoin particulier,Véhicule prioritaire,Aucun,À l'arrêt,0 mètre,0 km/h
230408,Pluvieux,Nuit,Mouillé,20 mètres,60 km/h,150 mètres,Camion,Pressé (travail/vol),Voiture,Aucun,En approche,10 mètres,80 km/h
230529,Pluvieux,Nuit,Mouillé,20 mètres,60 km/h,150 mètres,Camion,Pas de besoin particulier,Véhicule prioritaire,Aucun,En approche,10 mètres,50 km/h
230616,Pluvieux,Nuit,Mouillé,20 mètres,60 km/h,150 mètres,Véhicule prioritaire,Urgent (transport médical),Véhicule prioritaire,Aucun,En approche,50 mètres,50 km/h
230635,Pluvieux,Nuit,Mouillé,20 mètres,60 km/h,150 mètres,Véhicule prioritaire,Urgent (transport médical),Véhicule prioritaire,Véhicule prioritaire,En approche,50 mètres,80 km/h
230743,Pluvieux,Nuit,Mouillé,20 mètres,60 km/h,150 mètres,Véhicule prioritaire,Pressé (travail/vol),Camion,Voiture,En approche,100 mètres,50 km/h
230825,Pluvieux,Nuit,Mouillé,20 mètres,60 km/h,150 mètres,Véhicule prioritaire,Pas de besoin particulier,Camion,Aucun,En approche,50 mètres,80 km/h
230867,Pluvieux,Nuit,Mouillé,20 mètres,100 km/h,100 mètres,Voiture,Urgent (transport médical),Voiture,Voiture,En approche,50 mètres,30 km/h
230980,Pluvieux,Nuit,Mouillé,20 mètres,100 km/h,100 mètres,Voiture,Pressé (travail/vol),Véhicule prioritaire,Aucun,En approche,10 mètres,30 km/h
231123,Pluvieux,Nuit,Mouillé,20 mètres,100 km/h,100 mètres,Camion,Urgent (transport médical),Voiture,Aucun,En approche,100 mètres,50 km/h
231457,Pluvieux,Nuit,Mouillé,20 mètres,100 km/h,100 mètres,Véhicule prioritaire,Urgent (transport médical),Camion,Aucun,En approche,50 mètres,30 km/h
231503,Pluvieux,Nuit,Mouillé,20 mètres,100 km/h,100 mètres,Véhicule prioritaire,Pressé (travail/vol),Voiture,Véhicule prioritaire,En approche,100 mètres,50 km/h
231648,Pluvieux,Nuit,Mouillé,20 mètres,100 km/h,100 mètres,Véhicule prioritaire,Pas de besoin particulier,Camion,Voiture,En approche,10 mètres,80 km/h
231813,Pluvieux,Nuit,Mouillé,20 mètres,100 km/h,150 mètres,Voiture,Pressé (travail/vol),Camion,Aucun,En approche,100 mètres,50 km/h
232053,Pluvieux,Nuit,Mouillé,20 mètres,100 km/h,150 mètres,Camion,Pressé (travail/vol),Véhicule prioritaire,Aucun,En approche,100 mètres,50 km/h
232531,Pluvieux,Nuit,Mouillé,20 mètres,100 km/h,200 mètres,Voiture,Urgent (transport médical),Camion,Aucun,À l'arrêt,0 mètre,0 km/h
232596,Pluvieux,Nuit,Mouillé,20 mètres,100 km/h,200 mètres,Voiture,Pressé (travail/vol),Véhicule prioritaire,Aucun,En approche,50 mètres,50 km/h
232704,Pluvieux,Nuit,Mouillé,20 mètres,100 km/h,200 mètres,Voiture,Pas de besoin particulier,Véhicule prioritaire,Véhicule prioritaire,En approche,100 mètres,30 km/h
232866,Pluvieux,Nuit,Mouillé,20 mètres,100 km/h,200 mètres,Camion,Pressé (travail/vol),Véhicule prioritaire,Aucun,En approche,50 mètres,50 km/h
233017,Pluvieux,Nuit,Mouillé,20 mètres,100 km/h,200 mètres,Véhicule prioritaire,Urgent (transport médical),Voiture,Aucun,En approche,50 mètres,30 km/h
233047,Pluvieux,Nuit,Mouillé,20 mètres,100 km/h,200 mètres,Véhicule prioritaire,Urgent (transport médical),Véhicule prioritaire,Aucun,En approche,50 mètres,30 km/h
233051,Pluvieux,Nuit,Mouillé,20 mètres,100 km/h,200 mètres,Véhicule prioritaire,Urgent (transport médical),Véhicule prioritaire,Voiture,À l'arrêt,0 mètre,0 km/h
233279,Pluvieux,Nuit,Mouillé,20 mètres,100 km/h,200 mètres,Véhicule prioritaire,Pas de besoin particulier,Camion,Véhicule prioritaire,En approche,10 mètres,50 km/h
