id,天气,时间,路况,主车道前方空隙,主车道车速,主车道车距,主车道车辆类型,乘客需求,本车角色,后车类型,本车状态,本车距合流点距离,本车速度
239,晴天,白天,干燥,畅通,35公里/小时,10米,普通轿车,无特别需求,应急车辆,应急车辆,接近中,10米,50公里/小时
664,晴天,白天,干燥,畅通,35公里/小时,10米,应急车辆,赶时间（通勤/赶飞机）,应急车辆,无,接近中,100米,30公里/小时
714,晴天,白天,干燥,畅通,35公里/小时,10米,应急车辆,赶时间（通勤/赶飞机）,卡车,应急车辆,接近中,100米,30公里/小时
789,晴天,白天,干燥,畅通,35公里/小时,10米,应急车辆,无特别需求,卡车,无,接近中,10米,50公里/小时
872,晴天,白天,干燥,畅通,35公里/小时,50米,普通轿车,紧急（送医）,卡车,无,接近中,100米,80公里/小时
1157,晴天,白天,干燥,畅通,35公里/小时,50米,卡车,紧急（送医）,卡车,普通轿车,接近中,50米,30公里/小时
1198,晴天,白天,干燥,畅通,35公里/小时,50米,卡车,赶时间（通勤/赶飞机）,普通轿车,应急车辆,接近中,10米,80公里/小时
1394,晴天,白天,干燥,畅通,35公里/小时,50米,应急车辆,紧急（送医）,应急车辆,普通轿车,接近中,100米,30公里/小时
1412,晴天,白天,干燥,畅通,35公里/小时,50米,应急车辆,紧急（送医）,卡车,无,接近中,100米,80公里/小时
1417,晴天,白天,干燥,畅通,35公里/小时,50米,应急车辆,紧急（送医）,卡车,无,接近中,50米,30公里/小时
1520,晴天,白天,干燥,畅通,35公里/小时,50米,应急车辆,赶时间（通勤/赶飞机）,卡车,普通轿车,接近中,10米,30公里/小时
1636,晴天,白天,干燥,畅通,35公里/小时,100米,普通轿车,紧急（送医）,普通轿车,普通轿车,接近中,50米,50公里/小时
1708,晴天,白天,干燥,畅通,35公里/小时,100米,普通轿车,紧急（送医）,卡车,应急车辆,接近中,10米,80公里/小时
2103,晴天,白天,干燥,畅通,35公里/小时,100米,卡车,无特别需求,应急车辆,无,接近中,100米,50公里/小时
2158,晴天,白天,干燥,畅通,35公里/小时,100米,卡车,无特别需求,卡车,应急车辆,接近中,10米,80公里/小时
2505,晴天,白天,干燥,畅通,60公里/小时,50米,普通轿车,紧急（送医）,卡车,普通轿车,接近中,50米,80公里/小时
2807,晴天,白天,干燥,畅通,60公里/小时,50米,卡车,赶时间（通勤/赶飞机）,普通轿车,普通轿车,接近中,50米,30公里/小时
2990,晴天,白天,干燥,畅通,60公里/小时,50米,应急车辆,紧急（送医）,普通轿车,普通轿车,接近中,10米,30公里/小时
3000,晴天,白天,干燥,畅通,60公里/小时,50米,应急车辆,紧急（送医）,普通轿车,应急车辆,接近中,10米,30公里/小时
3011,晴天,白天,干燥,畅通,60公里/小时,50米,应急车辆,紧急（送医）,应急车辆,普通轿车,静止,0米,0公里/小时
3017,晴天,白天,干燥,畅通,60公里/小时,50米,应急车辆,紧急（送医）,应急车辆,普通轿车,接近中,50米,30公里/小时
3064,晴天,白天,干燥,畅通,60公里/小时,50米,应急车辆,赶时间（通勤/赶飞机）,普通轿车,无,接近中,100米,30公里/小时
3712,晴天,白天,干燥,畅通,60公里/小时,100米,卡车,无特别需求,普通轿车,应急车辆,接近中,100米,80公里/小时
3914,晴天,白天,干燥,畅通,60公里/小时,100米,应急车辆,赶时间（通勤/赶飞机）,应急车辆,普通轿车,接近中,100米,30公里/小时
3953,晴天,白天,干燥,畅通,60公里/小时,100米,应急车辆,赶时间（通勤/赶飞机）,卡车,应急车辆,接近中,100米,50公里/小时
3983,晴天,白天,干燥,畅通,60公里/小时,100米,应急车辆,无特别需求,普通轿车,应急车辆,接近中,100米,50公里/小时
4050,晴天,白天,干燥,畅通,60公里/小时,100米,应急车辆,无特别需求,卡车,应急车辆,接近中,10米,30公里/小时
4094,晴天,白天,干燥,畅通,60公里/小时,150米,普通轿车,紧急（送医）,应急车辆,普通轿车,接近中,100米,30公里/小时
4248,晴天,白天,干燥,畅通,60公里/小时,150米,普通轿车,无特别需求,普通轿车,普通轿车,接近中,10米,80公里/小时
4404,晴天,白天,干燥,畅通,60公里/小时,150米,卡车,紧急（送医）,卡车,应急车辆,接近中,100米,30公里/小时
4689,晴天,白天,干燥,畅通,60公里/小时,150米,应急车辆,赶时间（通勤/赶飞机）,普通轿车,无,接近中,10米,50公里/小时
4730,晴天,白天,干燥,畅通,60公里/小时,150米,应急车辆,赶时间（通勤/赶飞机）,应急车辆,普通轿车,接近中,10米,30公里/小时
4856,晴天,白天,干燥,畅通,60公里/小时,150米,应急车辆,无特别需求,卡车,应急车辆,接近中,50米,50公里/小时
4947,晴天,白天,干燥,畅通,100公里/小时,100米,普通轿车,紧急（送医）,卡车,应急车辆,接近中,50米,30公里/小时
5029,晴天,白天,干燥,畅通,100公里/小时,100米,普通轿车,赶时间（通勤/赶飞机）,卡车,普通轿车,接近中,10米,50公里/小时
5299,晴天,白天,干燥,畅通,100公里/小时,100米,卡车,赶时间（通勤/赶飞机）,卡车,普通轿车,接近中,10米,50公里/小时
5325,晴天,白天,干燥,畅通,100公里/小时,100米,卡车,无特别需求,普通轿车,普通轿车,接近中,50米,80公里/小时
5961,晴天,白天,干燥,畅通,100公里/小时,150米,卡车,紧急（送医）,普通轿车,应急车辆,静止,0米,0公里/小时
6514,晴天,白天,干燥,畅通,100公里/小时,200米,普通轿车,紧急（送医）,应急车辆,无,接近中,100米,30公里/小时
6577,晴天,白天,干燥,畅通,100公里/小时,200米,普通轿车,赶时间（通勤/赶飞机）,普通轿车,无,接近中,50米,30公里/小时
6793,晴天,白天,干燥,畅通,100公里/小时,200米,卡车,紧急（送医）,应急车辆,普通轿车,接近中,100米,50公里/小时
6807,晴天,白天,干燥,畅通,100公里/小时,200米,卡车,紧急（送医）,应急车辆,应急车辆,接近中,50米,30公里/小时
7093,晴天,白天,干燥,畅通,100公里/小时,200米,应急车辆,紧急（送医）,卡车,普通轿车,接近中,100米,50公里/小时
7159,晴天,白天,干燥,畅通,100公里/小时,200米,应急车辆,赶时间（通勤/赶飞机）,应急车辆,普通轿车,接近中,10米,50公里/小时
7163,晴天,白天,干燥,畅通,100公里/小时,200米,应急车辆,赶时间（通勤/赶飞机）,应急车辆,应急车辆,接近中,100米,50公里/小时
7691,晴天,白天,干燥,100米,35公里/小时,10米,卡车,赶时间（通勤/赶飞机）,应急车辆,普通轿车,静止,0米,0公里/小时
7719,晴天,白天,干燥,100米,35公里/小时,10米,卡车,赶时间（通勤/赶飞机）,卡车,无,接近中,10米,50公里/小时
7731,晴天,白天,干燥,100米,35公里/小时,10米,卡车,赶时间（通勤/赶飞机）,卡车,应急车辆,静止,0米,0公里/小时
7773,晴天,白天,干燥,100米,35公里/小时,10米,卡车,无特别需求,应急车辆,无,接近中,100米,50公里/小时
7963,晴天,白天,干燥,100米,35公里/小时,10米,应急车辆,赶时间（通勤/赶飞机）,应急车辆,普通轿车,接近中,100米,50公里/小时
8115,晴天,白天,干燥,100米,35公里/小时,50米,普通轿车,紧急（送医）,普通轿车,普通轿车,接近中,50米,80公里/小时
8271,晴天,白天,干燥,100米,35公里/小时,50米,普通轿车,赶时间（通勤/赶飞机）,卡车,应急车辆,静止,0米,0公里/小时
8334,晴天,白天,干燥,100米,35公里/小时,50米,普通轿车,无特别需求,应急车辆,应急车辆,接近中,100米,30公里/小时
8356,晴天,白天,干燥,100米,35公里/小时,50米,普通轿车,无特别需求,卡车,普通轿车,接近中,50米,50公里/小时
8552,晴天,白天,干燥,100米,35公里/小时,50米,卡车,无特别需求,普通轿车,无,接近中,100米,80公里/小时
8640,晴天,白天,干燥,100米,35公里/小时,50米,卡车,无特别需求,卡车,应急车辆,接近中,10米,30公里/小时
8961,晴天,白天,干燥,100米,35公里/小时,100米,普通轿车,紧急（送医）,应急车辆,应急车辆,静止,0米,0公里/小时
9009,晴天,白天,干燥,100米,35公里/小时,100米,普通轿车,赶时间（通勤/赶飞机）,普通轿车,无,接近中,10米,50公里/小时
9101,晴天,白天,干燥,100米,35公里/小时,100米,普通轿车,无特别需求,普通轿车,普通轿车,静止,0米,0公里/小时
9255,晴天,白天,干燥,100米,35公里/小时,100米,卡车,紧急（送医）,卡车,普通轿车,接近中,50米,80公里/小时
9586,晴天,白天,干燥,100米,35公里/小时,100米,应急车辆,赶时间（通勤/赶飞机）,应急车辆,普通轿车,接近中,50米,50公里/小时
9656,晴天,白天,干燥,100米,35公里/小时,100米,应急车辆,无特别需求,普通轿车,应急车辆,接近中,50米,50公里/小时
10059,晴天,白天,干燥,100米,60公里/小时,50米,卡车,紧急（送医）,卡车,无,接近中,10米,50公里/小时
10138,晴天,白天,干燥,100米,60公里/小时,50米,卡车,赶时间（通勤/赶飞机）,应急车辆,应急车辆,接近中,10米,80公里/小时
10164,晴天,白天,干燥,100米,60公里/小时,50米,卡车,赶时间（通勤/赶飞机）,卡车,应急车辆,接近中,100米,30公里/小时
10309,晴天,白天,干燥,100米,60公里/小时,50米,应急车辆,紧急（送医）,应急车辆,普通轿车,接近中,10米,50公里/小时
10482,晴天,白天,干燥,100米,60公里/小时,50米,应急车辆,无特别需求,应急车辆,普通轿车,接近中,100米,80公里/小时
10642,晴天,白天,干燥,100米,60公里/小时,100米,普通轿车,赶时间（通勤/赶飞机）,普通轿车,应急车辆,接近中,100米,80公里/小时
10747,晴天,白天,干燥,100米,60公里/小时,100米,普通轿车,无特别需求,应急车辆,无,接近中,50米,30公里/小时
10753,晴天,白天,干燥,100米,60公里/小时,100米,普通轿车,无特别需求,应急车辆,普通轿车,接近中,100米,50公里/小时
11082,晴天,白天,干燥,100米,60公里/小时,100米,应急车辆,紧急（送医）,普通轿车,普通轿车,接近中,100米,80公里/小时
11380,晴天,白天,干燥,100米,60公里/小时,150米,普通轿车,紧急（送医）,应急车辆,无,接近中,10米,30公里/小时
11687,晴天,白天,干燥,100米,60公里/小时,150米,卡车,紧急（送医）,卡车,普通轿车,接近中,50米,30公里/小时
11689,晴天,白天,干燥,100米,60公里/小时,150米,卡车,紧急（送医）,卡车,普通轿车,接近中,10米,50公里/小时
11747,晴天,白天,干燥,100米,60公里/小时,150米,卡车,赶时间（通勤/赶飞机）,应急车辆,普通轿车,接近中,50米,30公里/小时
11759,晴天,白天,干燥,100米,60公里/小时,150米,卡车,赶时间（通勤/赶飞机）,应急车辆,应急车辆,接近中,10米,50公里/小时
11896,晴天,白天,干燥,100米,60公里/小时,150米,应急车辆,紧急（送医）,普通轿车,普通轿车,接近中,50米,50公里/小时
12119,晴天,白天,干燥,100米,60公里/小时,150米,应急车辆,无特别需求,应急车辆,应急车辆,接近中,10米,50公里/小时
12284,晴天,白天,干燥,100米,100公里/小时,100米,普通轿车,赶时间（通勤/赶飞机）,应急车辆,普通轿车,接近中,100米,30公里/小时
12536,晴天,白天,干燥,100米,100公里/小时,100米,卡车,赶时间（通勤/赶飞机）,普通轿车,应急车辆,接近中,50米,50公里/小时
12557,晴天,白天,干燥,100米,100公里/小时,100米,卡车,赶时间（通勤/赶飞机）,应急车辆,普通轿车,接近中,50米,30公里/小时
12733,晴天,白天,干燥,100米,100公里/小时,100米,应急车辆,紧急（送医）,应急车辆,普通轿车,接近中,100米,50公里/小时
12815,晴天,白天,干燥,100米,100公里/小时,100米,应急车辆,赶时间（通勤/赶飞机）,应急车辆,无,接近中,50米,80公里/小时
12882,晴天,白天,干燥,100米,100公里/小时,100米,应急车辆,无特别需求,普通轿车,普通轿车,接近中,100米,80公里/小时
13003,晴天,白天,干燥,100米,100公里/小时,150米,普通轿车,紧急（送医）,应急车辆,普通轿车,接近中,100米,50公里/小时
13126,晴天,白天,干燥,100米,100公里/小时,150米,普通轿车,赶时间（通勤/赶飞机）,卡车,普通轿车,接近中,50米,50公里/小时
13396,晴天,白天,干燥,100米,100公里/小时,150米,卡车,赶时间（通勤/赶飞机）,卡车,普通轿车,接近中,50米,50公里/小时
13453,晴天,白天,干燥,100米,100公里/小时,150米,卡车,无特别需求,应急车辆,普通轿车,接近中,100米,50公里/小时
13503,晴天,白天,干燥,100米,100公里/小时,150米,应急车辆,紧急（送医）,普通轿车,无,接近中,100米,50公里/小时
13689,晴天,白天,干燥,100米,100公里/小时,150米,应急车辆,无特别需求,普通轿车,无,接近中,10米,50公里/小时
14211,晴天,白天,干燥,100米,100公里/小时,200米,卡车,赶时间（通勤/赶飞机）,卡车,应急车辆,静止,0米,0公里/小时
14520,晴天,白天,干燥,100米,100公里/小时,200米,应急车辆,无特别需求,普通轿车,应急车辆,接近中,10米,30公里/小时
14623,晴天,白天,干燥,50米,35公里/小时,10米,普通轿车,紧急（送医）,应急车辆,普通轿车,接近中,100米,50公里/小时
14746,晴天,白天,干燥,50米,35公里/小时,10米,普通轿车,赶时间（通勤/赶飞机）,卡车,普通轿车,接近中,50米,50公里/小时
15126,晴天,白天,干燥,50米,35公里/小时,10米,应急车辆,紧急（送医）,普通轿车,无,接近中,50米,50公里/小时
15160,晴天,白天,干燥,50米,35公里/小时,10米,应急车辆,紧急（送医）,应急车辆,无,接近中,10米,30公里/小时
15526,晴天,白天,干燥,50米,35公里/小时,50米,普通轿车,赶时间（通勤/赶飞机）,应急车辆,普通轿车,接近中,50米,50公里/小时
15545,晴天,白天,干燥,50米,35公里/小时,50米,普通轿车,赶时间（通勤/赶飞机）,卡车,无,接近中,50米,80公里/小时
15609,晴天,白天,干燥,50米,35公里/小时,50米,普通轿车,无特别需求,应急车辆,无,接近中,10米,50公里/小时
15723,晴天,白天,干燥,50米,35公里/小时,50米,卡车,紧急（送医）,卡车,无,接近中,100米,50公里/小时
16047,晴天,白天,干燥,50米,35公里/小时,50米,应急车辆,赶时间（通勤/赶飞机）,普通轿车,应急车辆,接近中,50米,30公里/小时
17133,晴天,白天,干燥,50米,60公里/小时,50米,普通轿车,赶时间（通勤/赶飞机）,应急车辆,无,接近中,100米,50公里/小时
17142,晴天,白天,干燥,50米,60公里/小时,50米,普通轿车,赶时间（通勤/赶飞机）,应急车辆,普通轿车,接近中,100米,80公里/小时
17243,晴天,白天,干燥,50米,60公里/小时,50米,普通轿车,无特别需求,应急车辆,应急车辆,接近中,100米,50公里/小时
17305,晴天,白天,干燥,50米,60公里/小时,50米,卡车,紧急（送医）,普通轿车,应急车辆,接近中,50米,80公里/小时
17477,晴天,白天,干燥,50米,60公里/小时,50米,卡车,无特别需求,普通轿车,普通轿车,接近中,50米,30公里/小时
17713,晴天,白天,干燥,50米,60公里/小时,50米,应急车辆,赶时间（通勤/赶飞机）,卡车,普通轿车,接近中,100米,50公里/小时
17939,晴天,白天,干燥,50米,60公里/小时,100米,普通轿车,赶时间（通勤/赶飞机）,普通轿车,应急车辆,接近中,10米,50公里/小时
17955,晴天,白天,干燥,50米,60公里/小时,100米,普通轿车,赶时间（通勤/赶飞机）,应急车辆,普通轿车,接近中,50米,80公里/小时
18105,晴天,白天,干燥,50米,60公里/小时,100米,卡车,紧急（送医）,普通轿车,普通轿车,接近中,50米,80公里/小时
18273,晴天,白天,干燥,50米,60公里/小时,100米,卡车,无特别需求,普通轿车,无,接近中,100米,50公里/小时
18476,晴天,白天,干燥,50米,60公里/小时,100米,应急车辆,赶时间（通勤/赶飞机）,普通轿车,应急车辆,接近中,50米,50公里/小时
18759,晴天,白天,干燥,50米,60公里/小时,150米,普通轿车,赶时间（通勤/赶飞机）,应急车辆,无,接近中,10米,50公里/小时
19019,晴天,白天,干燥,50米,60公里/小时,150米,卡车,赶时间（通勤/赶飞机）,普通轿车,应急车辆,接近中,10米,50公里/小时
19103,晴天,白天,干燥,50米,60公里/小时,150米,卡车,无特别需求,普通轿车,应急车辆,接近中,100米,50公里/小时
19218,晴天,白天,干燥,50米,60公里/小时,150米,应急车辆,紧急（送医）,应急车辆,普通轿车,接近中,10米,80公里/小时
19394,晴天,白天,干燥,50米,60公里/小时,150米,应急车辆,无特别需求,应急车辆,普通轿车,接近中,100米,30公里/小时
19687,晴天,白天,干燥,50米,100公里/小时,100米,普通轿车,无特别需求,卡车,无,接近中,50米,30公里/小时
20085,晴天,白天,干燥,50米,100公里/小时,100米,应急车辆,赶时间（通勤/赶飞机）,普通轿车,普通轿车,接近中,50米,80公里/小时
20281,晴天,白天,干燥,50米,100公里/小时,150米,普通轿车,紧急（送医）,应急车辆,无,静止,0米,0公里/小时
20368,晴天,白天,干燥,50米,100公里/小时,150米,普通轿车,赶时间（通勤/赶飞机）,普通轿车,应急车辆,接近中,10米,80公里/小时
20819,晴天,白天,干燥,50米,100公里/小时,150米,应急车辆,紧急（送医）,普通轿车,应急车辆,接近中,10米,50公里/小时
20855,晴天,白天,干燥,50米,100公里/小时,150米,应急车辆,紧急（送医）,卡车,无,接近中,50米,80公里/小时
21089,晴天,白天,干燥,50米,100公里/小时,200米,普通轿车,紧急（送医）,普通轿车,应急车辆,接近中,10米,50公里/小时
21130,晴天,白天,干燥,50米,100公里/小时,200米,普通轿车,紧急（送医）,卡车,无,接近中,10米,30公里/小时
21238,晴天,白天,干燥,50米,100公里/小时,200米,普通轿车,赶时间（通勤/赶飞机）,卡车,应急车辆,接近中,10米,80公里/小时
21449,晴天,白天,干燥,50米,100公里/小时,200米,卡车,赶时间（通勤/赶飞机）,普通轿车,应急车辆,接近中,10米,50公里/小时
21900,晴天,白天,干燥,20米,35公里/小时,10米,普通轿车,紧急（送医）,普通轿车,应急车辆,接近中,10米,30公里/小时
22049,晴天,白天,干燥,20米,35公里/小时,10米,普通轿车,赶时间（通勤/赶飞机）,卡车,应急车辆,接近中,10米,50公里/小时
22136,晴天,白天,干燥,20米,35公里/小时,10米,普通轿车,无特别需求,卡车,应急车辆,接近中,50米,50公里/小时
22729,晴天,白天,干燥,20米,35公里/小时,50米,普通轿车,紧急（送医）,应急车辆,普通轿车,接近中,10米,50公里/小时
22810,晴天,白天,干燥,20米,35公里/小时,50米,普通轿车,赶时间（通勤/赶飞机）,应急车辆,无,接近中,10米,30公里/小时
22859,晴天,白天,干燥,20米,35公里/小时,50米,普通轿车,赶时间（通勤/赶飞机）,卡车,应急车辆,接近中,10米,50公里/小时
22988,晴天,白天,干燥,20米,35公里/小时,50米,卡车,紧急（送医）,应急车辆,无,接近中,10米,80公里/小时
23126,晴天,白天,干燥,20米,35公里/小时,50米,卡车,赶时间（通勤/赶飞机）,卡车,应急车辆,接近中,50米,50公里/小时
23178,晴天,白天,干燥,20米,35公里/小时,50米,卡车,无特别需求,应急车辆,普通轿车,接近中,10米,80公里/小时
23231,晴天,白天,干燥,20米,35公里/小时,50米,应急车辆,紧急（送医）,普通轿车,普通轿车,静止,0米,0公里/小时
23341,晴天,白天,干燥,20米,35公里/小时,50米,应急车辆,赶时间（通勤/赶飞机）,应急车辆,无,静止,0米,0公里/小时
23374,晴天,白天,干燥,20米,35公里/小时,50米,应急车辆,赶时间（通勤/赶飞机）,卡车,无,接近中,100米,30公里/小时
23589,晴天,白天,干燥,20米,35公里/小时,100米,普通轿车,赶时间（通勤/赶飞机）,普通轿车,无,接近中,10米,50公里/小时
23894,晴天,白天,干燥,20米,35公里/小时,100米,卡车,赶时间（通勤/赶飞机）,应急车辆,普通轿车,接近中,100米,30公里/小时
23973,晴天,白天,干燥,20米,35公里/小时,100米,卡车,无特别需求,应急车辆,无,接近中,100米,50公里/小时
24228,晴天,白天,干燥,20米,35公里/小时,100米,应急车辆,无特别需求,普通轿车,普通轿车,接近中,10米,80公里/小时
24290,晴天,白天,干燥,20米,35公里/小时,100米,应急车辆,无特别需求,卡车,普通轿车,接近中,10米,30公里/小时
24342,晴天,白天,干燥,20米,60公里/小时,50米,普通轿车,紧急（送医）,应急车辆,普通轿车,接近中,100米,80公里/小时
25014,晴天,白天,干燥,20米,60公里/小时,50米,应急车辆,赶时间（通勤/赶飞机）,卡车,应急车辆,接近中,100米,30公里/小时
25018,晴天,白天,干燥,20米,60公里/小时,50米,应急车辆,赶时间（通勤/赶飞机）,卡车,应急车辆,接近中,10米,80公里/小时
25110,晴天,白天,干燥,20米,60公里/小时,50米,应急车辆,无特别需求,卡车,应急车辆,接近中,10米,30公里/小时
25360,晴天,白天,干燥,20米,60公里/小时,100米,普通轿车,无特别需求,卡车,无,接近中,10米,30公里/小时
25386,晴天,白天,干燥,20米,60公里/小时,100米,卡车,紧急（送医）,普通轿车,无,接近中,50米,50公里/小时
25661,晴天,白天,干燥,20米,60公里/小时,100米,应急车辆,紧急（送医）,普通轿车,普通轿车,静止,0米,0公里/小时
25877,晴天,白天,干燥,20米,60公里/小时,100米,应急车辆,无特别需求,应急车辆,普通轿车,接近中,50米,30公里/小时
26268,晴天,白天,干燥,20米,60公里/小时,150米,卡车,紧急（送医）,卡车,普通轿车,接近中,10米,80公里/小时
26725,晴天,白天,干燥,20米,60公里/小时,150米,应急车辆,无特别需求,卡车,应急车辆,接近中,50米,80公里/小时
27003,晴天,白天,干燥,20米,100公里/小时,100米,卡车,紧急（送医）,普通轿车,无,接近中,100米,50公里/小时
27186,晴天,白天,干燥,20米,100公里/小时,100米,卡车,无特别需求,普通轿车,无,接近中,50米,50公里/小时
27360,晴天,白天,干燥,20米,100公里/小时,100米,应急车辆,紧急（送医）,卡车,应急车辆,接近中,10米,30公里/小时
27383,晴天,白天,干燥,20米,100公里/小时,100米,应急车辆,赶时间（通勤/赶飞机）,普通轿车,应急车辆,接近中,100米,50公里/小时
27471,晴天,白天,干燥,20米,100公里/小时,100米,应急车辆,无特别需求,普通轿车,应急车辆,静止,0米,0公里/小时
27521,晴天,白天,干燥,20米,100公里/小时,100米,应急车辆,无特别需求,卡车,普通轿车,静止,0米,0公里/小时
27689,晴天,白天,干燥,20米,100公里/小时,150米,普通轿车,赶时间（通勤/赶飞机）,应急车辆,应急车辆,接近中,10米,50公里/小时
27883,晴天,白天,干燥,20米,100公里/小时,150米,卡车,紧急（送医）,卡车,普通轿车,接近中,100米,50公里/小时
27901,晴天,白天,干燥,20米,100公里/小时,150米,卡车,赶时间（通勤/赶飞机）,普通轿车,无,静止,0米,0公里/小时
28141,晴天,白天,干燥,20米,100公里/小时,150米,应急车辆,紧急（送医）,卡车,无,静止,0米,0公里/小时
28268,晴天,白天,干燥,20米,100公里/小时,150米,应急车辆,无特别需求,普通轿车,无,接近中,10米,80公里/小时
28316,晴天,白天,干燥,20米,100公里/小时,150米,应急车辆,无特别需求,应急车辆,应急车辆,接近中,50米,50公里/小时
28347,晴天,白天,干燥,20米,100公里/小时,150米,应急车辆,无特别需求,卡车,应急车辆,接近中,50米,30公里/小时
28622,晴天,白天,干燥,20米,100公里/小时,200米,卡车,紧急（送医）,普通轿车,无,接近中,100米,80公里/小时
28707,晴天,白天,干燥,20米,100公里/小时,200米,卡车,紧急（送医）,卡车,应急车辆,接近中,50米,30公里/小时
28922,晴天,白天,干燥,20米,100公里/小时,200米,应急车辆,紧急（送医）,应急车辆,无,接近中,100米,80公里/小时
28959,晴天,白天,干燥,20米,100公里/小时,200米,应急车辆,紧急（送医）,卡车,无,接近中,10米,50公里/小时
29133,晴天,白天,干燥,20米,100公里/小时,200米,应急车辆,无特别需求,卡车,无,接近中,100米,50公里/小时
29310,晴天,白天,湿滑,畅通,35公里/小时,10米,普通轿车,赶时间（通勤/赶飞机）,应急车辆,应急车辆,接近中,10米,30公里/小时
29355,晴天,白天,湿滑,畅通,35公里/小时,10米,普通轿车,无特别需求,普通轿车,普通轿车,接近中,50米,80公里/小时
29360,晴天,白天,湿滑,畅通,35公里/小时,10米,普通轿车,无特别需求,普通轿车,普通轿车,接近中,10米,30公里/小时
29414,晴天,白天,湿滑,畅通,35公里/小时,10米,普通轿车,无特别需求,卡车,普通轿车,接近中,100米,30公里/小时
29982,晴天,白天,湿滑,畅通,35公里/小时,50米,普通轿车,紧急（送医）,普通轿车,普通轿车,接近中,100米,80公里/小时
30211,晴天,白天,湿滑,畅通,35公里/小时,50米,普通轿车,无特别需求,卡车,无,静止,0米,0公里/小时
30335,晴天,白天,湿滑,畅通,35公里/小时,50米,卡车,赶时间（通勤/赶飞机）,普通轿车,无,接近中,50米,80公里/小时
30387,晴天,白天,湿滑,畅通,35公里/小时,50米,卡车,赶时间（通勤/赶飞机）,应急车辆,应急车辆,接近中,50米,30公里/小时
30606,晴天,白天,湿滑,畅通,35公里/小时,50米,应急车辆,赶时间（通勤/赶飞机）,普通轿车,无,接近中,50米,50公里/小时
30665,晴天,白天,湿滑,畅通,35公里/小时,50米,应急车辆,赶时间（通勤/赶飞机）,卡车,无,接近中,50米,80公里/小时
30671,晴天,白天,湿滑,畅通,35公里/小时,50米,应急车辆,赶时间（通勤/赶飞机）,卡车,普通轿车,静止,0米,0公里/小时
30688,晴天,白天,湿滑,畅通,35公里/小时,50米,应急车辆,赶时间（通勤/赶飞机）,卡车,应急车辆,接近中,10米,80公里/小时
30810,晴天,白天,湿滑,畅通,35公里/小时,100米,普通轿车,紧急（送医）,普通轿车,应急车辆,接近中,10米,30公里/小时
30942,晴天,白天,湿滑,畅通,35公里/小时,100米,普通轿车,赶时间（通勤/赶飞机）,卡车,普通轿车,接近中,100米,80公里/小时
31115,晴天,白天,湿滑,畅通,35公里/小时,100米,卡车,紧急（送医）,卡车,无,接近中,50米,80公里/小时
31185,晴天,白天,湿滑,畅通,35公里/小时,100米,卡车,赶时间（通勤/赶飞机）,应急车辆,普通轿车,接近中,50米,80公里/小时
31904,晴天,白天,湿滑,畅通,60公里/小时,50米,卡车,紧急（送医）,应急车辆,普通轿车,接近中,100米,30公里/小时
32082,晴天,白天,湿滑,畅通,60公里/小时,50米,卡车,无特别需求,应急车辆,普通轿车,接近中,100米,80公里/小时
32250,晴天,白天,湿滑,畅通,60公里/小时,50米,应急车辆,赶时间（通勤/赶飞机）,普通轿车,应急车辆,接近中,10米,30公里/小时
32462,晴天,白天,湿滑,畅通,60公里/小时,100米,普通轿车,紧急（送医）,卡车,无,接近中,100米,80公里/小时
32637,晴天,白天,湿滑,畅通,60公里/小时,100米,普通轿车,无特别需求,应急车辆,应急车辆,接近中,50米,30公里/小时
32765,晴天,白天,湿滑,畅通,60公里/小时,100米,卡车,赶时间（通勤/赶飞机）,普通轿车,无,接近中,50米,80公里/小时
32918,晴天,白天,湿滑,畅通,60公里/小时,100米,卡车,无特别需求,卡车,无,接近中,10米,80公里/小时
32933,晴天,白天,湿滑,畅通,60公里/小时,100米,卡车,无特别需求,卡车,应急车辆,接近中,100米,50公里/小时
32972,晴天,白天,湿滑,畅通,60公里/小时,100米,应急车辆,紧急（送医）,应急车辆,无,接近中,100米,80公里/小时
33093,晴天,白天,湿滑,畅通,60公里/小时,100米,应急车辆,赶时间（通勤/赶飞机）,卡车,无,接近中,100米,50公里/小时
33493,晴天,白天,湿滑,畅通,60公里/小时,150米,卡车,紧急（送医）,普通轿车,普通轿车,接近中,100米,50公里/小时
33563,晴天,白天,湿滑,畅通,60公里/小时,150米,卡车,紧急（送医）,卡车,应急车辆,接近中,100米,50公里/小时
33644,晴天,白天,湿滑,畅通,60公里/小时,150米,卡车,赶时间（通勤/赶飞机）,卡车,普通轿车,接近中,100米,30公里/小时
33812,晴天,白天,湿滑,畅通,60公里/小时,150米,应急车辆,紧急（送医）,卡车,无,接近中,100米,80公里/小时
34066,晴天,白天,湿滑,畅通,100公里/小时,100米,普通轿车,紧急（送医）,应急车辆,普通轿车,接近中,50米,50公里/小时
34103,晴天,白天,湿滑,畅通,100公里/小时,100米,普通轿车,紧急（送医）,卡车,应急车辆,接近中,100米,50公里/小时
34340,晴天,白天,湿滑,畅通,100公里/小时,100米,卡车,紧急（送医）,应急车辆,普通轿车,接近中,10米,30公里/小时
34361,晴天,白天,湿滑,畅通,100公里/小时,100米,卡车,紧急（送医）,卡车,普通轿车,静止,0米,0公里/小时
34393,晴天,白天,湿滑,畅通,100公里/小时,100米,卡车,赶时间（通勤/赶飞机）,普通轿车,普通轿车,接近中,100米,50公里/小时
34477,晴天,白天,湿滑,畅通,100公里/小时,100米,卡车,无特别需求,普通轿车,无,接近中,50米,30公里/小时
34479,晴天,白天,湿滑,畅通,100公里/小时,100米,卡车,无特别需求,普通轿车,无,接近中,10米,50公里/小时
35088,晴天,白天,湿滑,畅通,100公里/小时,150米,普通轿车,无特别需求,卡车,普通轿车,接近中,10米,80公里/小时
35366,晴天,白天,湿滑,畅通,100公里/小时,150米,卡车,无特别需求,卡车,应急车辆,接近中,50米,50公里/小时
35799,晴天,白天,湿滑,畅通,100公里/小时,200米,普通轿车,赶时间（通勤/赶飞机）,卡车,无,接近中,10米,50公里/小时
35956,晴天,白天,湿滑,畅通,100公里/小时,200米,卡车,紧急（送医）,应急车辆,普通轿车,接近中,50米,50公里/小时
36079,晴天,白天,湿滑,畅通,100公里/小时,200米,卡车,赶时间（通勤/赶飞机）,卡车,普通轿车,接近中,10米,50公里/小时
36210,晴天,白天,湿滑,畅通,100公里/小时,200米,应急车辆,紧急（送医）,普通轿车,应急车辆,接近中,10米,30公里/小时
36227,晴天,白天,湿滑,畅通,100公里/小时,200米,应急车辆,紧急（送医）,应急车辆,普通轿车,接近中,50米,30公里/小时
36252,晴天,白天,湿滑,畅通,100公里/小时,200米,应急车辆,紧急（送医）,卡车,普通轿车,接近中,100米,80公里/小时
37227,晴天,白天,湿滑,100米,35公里/小时,10米,应急车辆,无特别需求,应急车辆,应急车辆,接近中,50米,30公里/小时
37284,晴天,白天,湿滑,100米,35公里/小时,50米,普通轿车,紧急（送医）,普通轿车,应急车辆,接近中,100米,30公里/小时
37452,晴天,白天,湿滑,100米,35公里/小时,50米,普通轿车,无特别需求,普通轿车,普通轿车,接近中,100米,80公里/小时
37514,晴天,白天,湿滑,100米,35公里/小时,50米,普通轿车,无特别需求,卡车,普通轿车,接近中,100米,30公里/小时
37539,晴天,白天,湿滑,100米,35公里/小时,50米,卡车,紧急（送医）,普通轿车,无,接近中,10米,50公里/小时
37569,晴天,白天,湿滑,100米,35公里/小时,50米,卡车,紧急（送医）,应急车辆,无,接近中,10米,50公里/小时
37641,晴天,白天,湿滑,100米,35公里/小时,50米,卡车,赶时间（通勤/赶飞机）,普通轿车,应急车辆,静止,0米,0公里/小时
37899,晴天,白天,湿滑,100米,35公里/小时,50米,应急车辆,赶时间（通勤/赶飞机）,普通轿车,无,接近中,10米,50公里/小时
37974,晴天,白天,湿滑,100米,35公里/小时,50米,应急车辆,赶时间（通勤/赶飞机）,卡车,应急车辆,接近中,100米,30公里/小时
37979,晴天,白天,湿滑,100米,35公里/小时,50米,应急车辆,赶时间（通勤/赶飞机）,卡车,应急车辆,接近中,10米,50公里/小时
37981,晴天,白天,湿滑,100米,35公里/小时,50米,应急车辆,无特别需求,普通轿车,无,静止,0米,0公里/小时
38150,晴天,白天,湿滑,100米,35公里/小时,100米,普通轿车,紧急（送医）,卡车,普通轿车,接近中,10米,30公里/小时
38180,晴天,白天,湿滑,100米,35公里/小时,100米,普通轿车,赶时间（通勤/赶飞机）,普通轿车,普通轿车,接近中,10米,30公里/小时
38364,晴天,白天,湿滑,100米,35公里/小时,100米,卡车,紧急（送医）,普通轿车,应急车辆,接近中,100米,30公里/小时
38956,晴天,白天,湿滑,100米,60公里/小时,50米,普通轿车,紧急（送医）,卡车,普通轿车,接近中,50米,50公里/小时
39055,晴天,白天,湿滑,100米,60公里/小时,50米,普通轿车,赶时间（通勤/赶飞机）,卡车,应急车辆,接近中,50米,80公里/小时
39101,晴天,白天,湿滑,100米,60公里/小时,50米,普通轿车,无特别需求,应急车辆,普通轿车,静止,0米,0公里/小时
39580,晴天,白天,湿滑,100米,60公里/小时,50米,应急车辆,赶时间（通勤/赶飞机）,卡车,无,接近中,10米,30公里/小时
39640,晴天,白天,湿滑,100米,60公里/小时,50米,应急车辆,无特别需求,应急车辆,无,接近中,10米,30公里/小时
39823,晴天,白天,湿滑,100米,60公里/小时,100米,普通轿车,赶时间（通勤/赶飞机）,应急车辆,普通轿车,接近中,100米,50公里/小时
39930,晴天,白天,湿滑,100米,60公里/小时,100米,普通轿车,无特别需求,应急车辆,应急车辆,接近中,10米,30公里/小时
39999,晴天,白天,湿滑,100米,60公里/小时,100米,卡车,紧急（送医）,应急车辆,无,接近中,10米,50公里/小时
40091,晴天,白天,湿滑,100米,60公里/小时,100米,卡车,赶时间（通勤/赶飞机）,应急车辆,普通轿车,静止,0米,0公里/小时
40288,晴天,白天,湿滑,100米,60公里/小时,100米,应急车辆,紧急（送医）,应急车辆,应急车辆,接近中,10米,80公里/小时
40363,晴天,白天,湿滑,100米,60公里/小时,100米,应急车辆,赶时间（通勤/赶飞机）,应急车辆,普通轿车,接近中,100米,50公里/小时
40692,晴天,白天,湿滑,100米,60公里/小时,150米,普通轿车,无特别需求,普通轿车,普通轿车,接近中,100米,80公里/小时
40706,晴天,白天,湿滑,100米,60公里/小时,150米,普通轿车,无特别需求,普通轿车,应急车辆,接近中,50米,50公里/小时
40767,晴天,白天,湿滑,100米,60公里/小时,150米,普通轿车,无特别需求,卡车,应急车辆,接近中,50米,30公里/小时
41009,晴天,白天,湿滑,100米,60公里/小时,150米,卡车,无特别需求,应急车辆,应急车辆,接近中,10米,50公里/小时
41057,晴天,白天,湿滑,100米,60公里/小时,150米,应急车辆,紧急（送医）,普通轿车,普通轿车,接近中,50米,30公里/小时
41080,晴天,白天,湿滑,100米,60公里/小时,150米,应急车辆,紧急（送医）,应急车辆,无,接近中,10米,30公里/小时
41110,晴天,白天,湿滑,100米,60公里/小时,150米,应急车辆,紧急（送医）,卡车,无,接近中,10米,30公里/小时
41223,晴天,白天,湿滑,100米,60公里/小时,150米,应急车辆,无特别需求,普通轿车,无,接近中,100米,50公里/小时
41250,晴天,白天,湿滑,100米,60公里/小时,150米,应急车辆,无特别需求,普通轿车,应急车辆,接近中,10米,30公里/小时
41269,晴天,白天,湿滑,100米,60公里/小时,150米,应急车辆,无特别需求,应急车辆,普通轿车,接近中,10米,50公里/小时
41357,晴天,白天,湿滑,100米,100公里/小时,100米,普通轿车,紧急（送医）,应急车辆,普通轿车,接近中,50米,30公里/小时
41596,晴天,白天,湿滑,100米,100公里/小时,100米,卡车,紧急（送医）,普通轿车,普通轿车,接近中,50米,50公里/小时
41661,晴天,白天,湿滑,100米,100公里/小时,100米,卡车,紧急（送医）,卡车,应急车辆,静止,0米,0公里/小时
41795,晴天,白天,湿滑,100米,100公里/小时,100米,卡车,无特别需求,应急车辆,无,接近中,50米,80公里/小时
41824,晴天,白天,湿滑,100米,100公里/小时,100米,卡车,无特别需求,卡车,无,接近中,100米,30公里/小时
41914,晴天,白天,湿滑,100米,100公里/小时,100米,应急车辆,紧急（送医）,卡车,无,接近中,100米,30公里/小时
42173,晴天,白天,湿滑,100米,100公里/小时,150米,普通轿车,紧急（送医）,应急车辆,应急车辆,接近中,100米,50公里/小时
42237,晴天,白天,湿滑,100米,100公里/小时,150米,普通轿车,赶时间（通勤/赶飞机）,普通轿车,应急车辆,接近中,50米,30公里/小时
42350,晴天,白天,湿滑,100米,100公里/小时,150米,普通轿车,无特别需求,应急车辆,普通轿车,接近中,10米,30公里/小时
42527,晴天,白天,湿滑,100米,100公里/小时,150米,卡车,赶时间（通勤/赶飞机）,应急车辆,普通轿车,接近中,50米,30公里/小时
42575,晴天,白天,湿滑,100米,100公里/小时,150米,卡车,无特别需求,普通轿车,无,接近中,50米,80公里/小时
42694,晴天,白天,湿滑,100米,100公里/小时,150米,应急车辆,紧急（送医）,应急车辆,无,接近中,100米,30公里/小时
42898,晴天,白天,湿滑,100米,100公里/小时,150米,应急车辆,无特别需求,应急车辆,应急车辆,接近中,10米,80公里/小时
43269,晴天,白天,湿滑,100米,100公里/小时,200米,卡车,紧急（送医）,卡车,无,接近中,10米,50公里/小时
43276,晴天,白天,湿滑,100米,100公里/小时,200米,卡车,紧急（送医）,卡车,普通轿车,接近中,50米,50公里/小时
43354,晴天,白天,湿滑,100米,100公里/小时,200米,卡车,赶时间（通勤/赶飞机）,卡车,无,接近中,100米,30公里/小时
43637,晴天,白天,湿滑,100米,100公里/小时,200米,应急车辆,赶时间（通勤/赶飞机）,卡车,普通轿车,接近中,50米,30公里/小时
43701,晴天,白天,湿滑,100米,100公里/小时,200米,应急车辆,无特别需求,应急车辆,应急车辆,静止,0米,0公里/小时
43739,晴天,白天,湿滑,100米,100公里/小时,200米,应急车辆,无特别需求,卡车,应急车辆,接近中,10米,50公里/小时
43768,晴天,白天,湿滑,50米,35公里/小时,10米,普通轿车,紧急（送医）,普通轿车,应急车辆,接近中,10米,80公里/小时
43876,晴天,白天,湿滑,50米,35公里/小时,10米,普通轿车,赶时间（通勤/赶飞机）,应急车辆,普通轿车,接近中,50米,50公里/小时
44447,晴天,白天,湿滑,50米,35公里/小时,10米,应急车辆,赶时间（通勤/赶飞机）,卡车,普通轿车,接近中,50米,30公里/小时
44452,晴天,白天,湿滑,50米,35公里/小时,10米,应急车辆,赶时间（通勤/赶飞机）,卡车,应急车辆,接近中,100米,80公里/小时
44529,晴天,白天,湿滑,50米,35公里/小时,10米,应急车辆,无特别需求,卡车,无,接近中,10米,50公里/小时
44647,晴天,白天,湿滑,50米,35公里/小时,50米,普通轿车,赶时间（通勤/赶飞机）,普通轿车,无,接近中,50米,30公里/小时
44898,晴天,白天,湿滑,50米,35公里/小时,50米,卡车,紧急（送医）,卡车,普通轿车,接近中,10米,80公里/小时
44955,晴天,白天,湿滑,50米,35公里/小时,50米,卡车,赶时间（通勤/赶飞机）,应急车辆,普通轿车,接近中,50米,80公里/小时
45628,晴天,白天,湿滑,50米,35公里/小时,100米,普通轿车,无特别需求,卡车,应急车辆,接近中,10米,80公里/小时
45742,晴天,白天,湿滑,50米,35公里/小时,100米,卡车,赶时间（通勤/赶飞机）,普通轿车,应急车辆,接近中,100米,80公里/小时
45746,晴天,白天,湿滑,50米,35公里/小时,100米,卡车,赶时间（通勤/赶飞机）,普通轿车,应急车辆,接近中,50米,50公里/小时
45885,晴天,白天,湿滑,50米,35公里/小时,100米,卡车,无特别需求,卡车,普通轿车,接近中,50米,80公里/小时
46004,晴天,白天,湿滑,50米,35公里/小时,100米,应急车辆,赶时间（通勤/赶飞机）,普通轿车,普通轿车,接近中,100米,30公里/小时
46037,晴天,白天,湿滑,50米,35公里/小时,100米,应急车辆,赶时间（通勤/赶飞机）,应急车辆,普通轿车,接近中,50米,30公里/小时
46270,晴天,白天,湿滑,50米,60公里/小时,50米,普通轿车,赶时间（通勤/赶飞机）,普通轿车,无,接近中,10米,30公里/小时
46406,晴天,白天,湿滑,50米,60公里/小时,50米,普通轿车,无特别需求,应急车辆,应急车辆,接近中,50米,50公里/小时
47335,晴天,白天,湿滑,50米,60公里/小时,100米,卡车,紧急（送医）,卡车,应急车辆,接近中,50米,80公里/小时
47585,晴天,白天,湿滑,50米,60公里/小时,100米,应急车辆,紧急（送医）,卡车,无,接近中,50米,80公里/小时
47708,晴天,白天,湿滑,50米,60公里/小时,100米,应急车辆,无特别需求,普通轿车,无,接近中,10米,80公里/小时
47883,晴天,白天,湿滑,50米,60公里/小时,150米,普通轿车,赶时间（通勤/赶飞机）,普通轿车,无,接近中,100米,50公里/小时
47995,晴天,白天,湿滑,50米,60公里/小时,150米,普通轿车,无特别需求,普通轿车,应急车辆,接近中,50米,80公里/小时
48342,晴天,白天,湿滑,50米,60公里/小时,150米,应急车辆,紧急（送医）,普通轿车,普通轿车,接近中,100米,80公里/小时
48537,晴天,白天,湿滑,50米,60公里/小时,150米,应急车辆,无特别需求,普通轿车,应急车辆,接近中,50米,30公里/小时
48977,晴天,白天,湿滑,50米,100公里/小时,100米,卡车,赶时间（通勤/赶飞机）,普通轿车,普通轿车,接近中,50米,30公里/小时
49474,晴天,白天,湿滑,50米,100公里/小时,150米,普通轿车,紧急（送医）,卡车,无,接近中,100米,30公里/小时
49501,晴天,白天,湿滑,50米,100公里/小时,150米,普通轿车,赶时间（通勤/赶飞机）,普通轿车,无,静止,0米,0公里/小时
49634,晴天,白天,湿滑,50米,100公里/小时,150米,普通轿车,无特别需求,应急车辆,普通轿车,接近中,100米,30公里/小时
49834,晴天,白天,湿滑,50米,100公里/小时,150米,卡车,赶时间（通勤/赶飞机）,卡车,无,接近中,100米,30公里/小时
49920,晴天,白天,湿滑,50米,100公里/小时,150米,卡车,无特别需求,应急车辆,应急车辆,接近中,10米,30公里/小时
49964,晴天,白天,湿滑,50米,100公里/小时,150米,应急车辆,紧急（送医）,普通轿车,普通轿车,接近中,100米,30公里/小时
50029,晴天,白天,湿滑,50米,100公里/小时,150米,应急车辆,紧急（送医）,卡车,普通轿车,接近中,10米,50公里/小时
50341,晴天,白天,湿滑,50米,100公里/小时,200米,普通轿车,赶时间（通勤/赶飞机）,应急车辆,无,静止,0米,0公里/小时
50563,晴天,白天,湿滑,50米,100公里/小时,200米,卡车,紧急（送医）,卡车,普通轿车,接近中,100米,50公里/小时
50644,晴天,白天,湿滑,50米,100公里/小时,200米,卡车,赶时间（通勤/赶飞机）,卡车,无,接近中,100米,30公里/小时
50989,晴天,白天,湿滑,50米,100公里/小时,200米,应急车辆,无特别需求,应急车辆,普通轿车,接近中,10米,50公里/小时
51485,晴天,白天,湿滑,20米,35公里/小时,10米,卡车,无特别需求,普通轿车,无,接近中,50米,80公里/小时
51510,晴天,白天,湿滑,20米,35公里/小时,10米,卡车,无特别需求,普通轿车,应急车辆,接近中,10米,30公里/小时
51513,晴天,白天,湿滑,20米,35公里/小时,10米,卡车,无特别需求,应急车辆,无,接近中,100米,50公里/小时
52014,晴天,白天,湿滑,20米,35公里/小时,50米,普通轿车,赶时间（通勤/赶飞机）,卡车,应急车辆,接近中,100米,30公里/小时
52077,晴天,白天,湿滑,20米,35公里/小时,50米,普通轿车,无特别需求,应急车辆,应急车辆,接近中,50米,30公里/小时
52145,晴天,白天,湿滑,20米,35公里/小时,50米,卡车,紧急（送医）,应急车辆,无,接近中,50米,80公里/小时
52149,晴天,白天,湿滑,20米,35公里/小时,50米,卡车,紧急（送医）,应急车辆,无,接近中,10米,50公里/小时
52251,晴天,白天,湿滑,20米,35公里/小时,50米,卡车,赶时间（通勤/赶飞机）,应急车辆,应急车辆,静止,0米,0公里/小时
52381,晴天,白天,湿滑,20米,35公里/小时,50米,应急车辆,紧急（送医）,普通轿车,无,静止,0米,0公里/小时
52562,晴天,白天,湿滑,20米,35公里/小时,50米,应急车辆,无特别需求,普通轿车,无,接近中,100米,80公里/小时
52783,晴天,白天,湿滑,20米,35公里/小时,100米,普通轿车,赶时间（通勤/赶飞机）,应急车辆,普通轿车,接近中,100米,50公里/小时
52845,晴天,白天,湿滑,20米,35公里/小时,100米,普通轿车,无特别需求,普通轿车,普通轿车,接近中,50米,80公里/小时
53115,晴天,白天,湿滑,20米,35公里/小时,100米,卡车,无特别需求,普通轿车,普通轿车,接近中,50米,80公里/小时
53340,晴天,白天,湿滑,20米,35公里/小时,100米,应急车辆,赶时间（通勤/赶飞机）,应急车辆,应急车辆,接近中,10米,30公里/小时
53355,晴天,白天,湿滑,20米,35公里/小时,100米,应急车辆,赶时间（通勤/赶飞机）,卡车,普通轿车,接近中,50米,80公里/小时
53418,晴天,白天,湿滑,20米,35公里/小时,100米,应急车辆,无特别需求,应急车辆,普通轿车,接近中,10米,80公里/小时
53615,晴天,白天,湿滑,20米,60公里/小时,50米,普通轿车,赶时间（通勤/赶飞机）,卡车,无,接近中,50米,80公里/小时
53638,晴天,白天,湿滑,20米,60公里/小时,50米,普通轿车,赶时间（通勤/赶飞机）,卡车,应急车辆,接近中,10米,80公里/小时
53724,晴天,白天,湿滑,20米,60公里/小时,50米,普通轿车,无特别需求,卡车,应急车辆,接近中,100米,30公里/小时
53942,晴天,白天,湿滑,20米,60公里/小时,50米,卡车,无特别需求,应急车辆,无,接近中,100米,80公里/小时
54194,晴天,白天,湿滑,20米,60公里/小时,50米,应急车辆,无特别需求,普通轿车,普通轿车,接近中,100米,30公里/小时
54218,晴天,白天,湿滑,20米,60公里/小时,50米,应急车辆,无特别需求,应急车辆,无,接近中,10米,80公里/小时
54274,晴天,白天,湿滑,20米,60公里/小时,100米,普通轿车,紧急（送医）,普通轿车,无,接近中,100米,30公里/小时
54309,晴天,白天,湿滑,20米,60公里/小时,100米,普通轿车,紧急（送医）,应急车辆,无,接近中,10米,50公里/小时
54587,晴天,白天,湿滑,20米,60公里/小时,100米,卡车,紧急（送医）,应急车辆,普通轿车,接近中,50米,30公里/小时
54666,晴天,白天,湿滑,20米,60公里/小时,100米,卡车,赶时间（通勤/赶飞机）,应急车辆,无,接近中,50米,50公里/小时
54768,晴天,白天,湿滑,20米,60公里/小时,100米,卡车,无特别需求,应急车辆,普通轿车,接近中,10米,80公里/小时
54784,晴天,白天,湿滑,20米,60公里/小时,100米,卡车,无特别需求,卡车,无,接近中,100米,30公里/小时
55138,晴天,白天,湿滑,20米,60公里/小时,150米,普通轿车,紧急（送医）,应急车辆,应急车辆,接近中,10米,80公里/小时
55320,晴天,白天,湿滑,20米,60公里/小时,150米,普通轿车,无特别需求,应急车辆,应急车辆,接近中,10米,30公里/小时
55453,晴天,白天,湿滑,20米,60公里/小时,150米,卡车,赶时间（通勤/赶飞机）,普通轿车,普通轿车,接近中,100米,50公里/小时
55471,晴天,白天,湿滑,20米,60公里/小时,150米,卡车,赶时间（通勤/赶飞机）,应急车辆,无,静止,0米,0公里/小时
55633,晴天,白天,湿滑,20米,60公里/小时,150米,应急车辆,紧急（送医）,普通轿车,普通轿车,接近中,100米,50公里/小时
56009,晴天,白天,湿滑,20米,100公里/小时,100米,普通轿车,赶时间（通勤/赶飞机）,普通轿车,应急车辆,接近中,10米,50公里/小时
56256,晴天,白天,湿滑,20米,100公里/小时,100米,卡车,赶时间（通勤/赶飞机）,普通轿车,无,接近中,50米,50公里/小时
56549,晴天,白天,湿滑,20米,100公里/小时,100米,应急车辆,赶时间（通勤/赶飞机）,普通轿车,应急车辆,接近中,10米,50公里/小时
56845,晴天,白天,湿滑,20米,100公里/小时,150米,普通轿车,赶时间（通勤/赶飞机）,应急车辆,应急车辆,接近中,50米,80公里/小时
57678,晴天,白天,湿滑,20米,100公里/小时,200米,普通轿车,赶时间（通勤/赶飞机）,卡车,普通轿车,接近中,10米,80公里/小时
57801,晴天,白天,湿滑,20米,100公里/小时,200米,卡车,紧急（送医）,普通轿车,应急车辆,静止,0米,0公里/小时
57856,晴天,白天,湿滑,20米,100公里/小时,200米,卡车,紧急（送医）,卡车,普通轿车,接近中,50米,50公里/小时
57916,晴天,白天,湿滑,20米,100公里/小时,200米,卡车,赶时间（通勤/赶飞机）,应急车辆,普通轿车,接近中,50米,50公里/小时
58180,晴天,白天,湿滑,20米,100公里/小时,200米,应急车辆,赶时间（通勤/赶飞机）,应急车辆,无,接近中,10米,30公里/小时
58269,晴天,白天,湿滑,20米,100公里/小时,200米,应急车辆,无特别需求,应急车辆,无,接近中,10米,50公里/小时
58770,晴天,夜晚,干燥,畅通,35公里/小时,10米,卡车,赶时间（通勤/赶飞机）,卡车,应急车辆,接近中,10米,30公里/小时
58801,晴天,夜晚,干燥,畅通,35公里/小时,10米,卡车,无特别需求,应急车辆,无,静止,0米,0公里/小时
58895,晴天,夜晚,干燥,畅通,35公里/小时,10米,应急车辆,紧急（送医）,应急车辆,无,接近中,50米,80公里/小时
59018,晴天,夜晚,干燥,畅通,35公里/小时,10米,应急车辆,赶时间（通勤/赶飞机）,卡车,无,接近中,10米,80公里/小时
59425,晴天,夜晚,干燥,畅通,35公里/小时,50米,卡车,紧急（送医）,普通轿车,应急车辆,接近中,50米,80公里/小时
59707,晴天,夜晚,干燥,畅通,35公里/小时,50米,应急车辆,紧急（送医）,应急车辆,无,接近中,50米,30公里/小时
59934,晴天,夜晚,干燥,畅通,35公里/小时,50米,应急车辆,无特别需求,卡车,应急车辆,接近中,100米,30公里/小时
59953,晴天,夜晚,干燥,畅通,35公里/小时,100米,普通轿车,紧急（送医）,普通轿车,普通轿车,接近中,100米,50公里/小时
59956,晴天,夜晚,干燥,畅通,35公里/小时,100米,普通轿车,紧急（送医）,普通轿车,普通轿车,接近中,50米,50公里/小时
60122,晴天,夜晚,干燥,畅通,35公里/小时,100米,普通轿车,无特别需求,普通轿车,无,接近中,100米,80公里/小时
60167,晴天,夜晚,干燥,畅通,35公里/小时,100米,普通轿车,无特别需求,应急车辆,普通轿车,接近中,50米,30公里/小时
60251,晴天,夜晚,干燥,畅通,35公里/小时,100米,卡车,紧急（送医）,应急车辆,普通轿车,静止,0米,0公里/小时
60265,晴天,夜晚,干燥,畅通,35公里/小时,100米,卡车,紧急（送医）,应急车辆,应急车辆,接近中,50米,80公里/小时
60374,晴天,夜晚,干燥,畅通,35公里/小时,100米,卡车,赶时间（通勤/赶飞机）,卡车,普通轿车,接近中,100米,30公里/小时
60408,晴天,夜晚,干燥,畅通,35公里/小时,100米,卡车,无特别需求,普通轿车,普通轿车,接近中,10米,80公里/小时
60793,晴天,夜晚,干燥,畅通,60公里/小时,50米,普通轿车,紧急（送医）,应急车辆,普通轿车,接近中,100米,50公里/小时
61462,晴天,夜晚,干燥,畅通,60公里/小时,50米,应急车辆,赶时间（通勤/赶飞机）,卡车,应急车辆,接近中,100米,80公里/小时
61829,晴天,夜晚,干燥,畅通,60公里/小时,100米,普通轿车,无特别需求,卡车,应急车辆,接近中,10米,50公里/小时
61832,晴天,夜晚,干燥,畅通,60公里/小时,100米,卡车,紧急（送医）,普通轿车,无,接近中,100米,80公里/小时
61890,晴天,夜晚,干燥,畅通,60公里/小时,100米,卡车,紧急（送医）,应急车辆,应急车辆,接近中,10米,30公里/小时
61957,晴天,夜晚,干燥,畅通,60公里/小时,100米,卡车,赶时间（通勤/赶飞机）,应急车辆,无,接近中,50米,30公里/小时
62098,晴天,夜晚,干燥,畅通,60公里/小时,100米,卡车,无特别需求,卡车,应急车辆,接近中,10米,80公里/小时
62375,晴天,夜晚,干燥,畅通,60公里/小时,150米,普通轿车,紧急（送医）,普通轿车,无,接近中,50米,80公里/小时
62490,晴天,夜晚,干燥,畅通,60公里/小时,150米,普通轿车,赶时间（通勤/赶飞机）,普通轿车,应急车辆,接近中,10米,30公里/小时
62537,晴天,夜晚,干燥,畅通,60公里/小时,150米,普通轿车,赶时间（通勤/赶飞机）,卡车,普通轿车,接近中,50米,30公里/小时
62580,晴天,夜晚,干燥,畅通,60公里/小时,150米,普通轿车,无特别需求,普通轿车,应急车辆,接近中,10米,30公里/小时
62737,晴天,夜晚,干燥,畅通,60公里/小时,150米,卡车,赶时间（通勤/赶飞机）,普通轿车,无,接近中,50米,30公里/小时
63007,晴天,夜晚,干燥,畅通,60公里/小时,150米,应急车辆,赶时间（通勤/赶飞机）,普通轿车,无,接近中,50米,30公里/小时
63125,晴天,夜晚,干燥,畅通,60公里/小时,150米,应急车辆,无特别需求,应急车辆,无,接近中,50米,80公里/小时
63365,晴天,夜晚,干燥,畅通,100公里/小时,100米,普通轿车,无特别需求,普通轿车,无,接近中,50米,80公里/小时
63502,晴天,夜晚,干燥,畅通,100公里/小时,100米,卡车,紧急（送医）,应急车辆,应急车辆,接近中,100米,80公里/小时
63660,晴天,夜晚,干燥,畅通,100公里/小时,100米,卡车,无特别需求,普通轿车,应急车辆,接近中,10米,30公里/小时
63715,晴天,夜晚,干燥,畅通,100公里/小时,100米,卡车,无特别需求,卡车,应急车辆,接近中,50米,80公里/小时
64002,晴天,夜晚,干燥,畅通,100公里/小时,150米,普通轿车,紧急（送医）,普通轿车,普通轿车,接近中,100米,80公里/小时
64038,晴天,夜晚,干燥,畅通,100公里/小时,150米,普通轿车,紧急（送医）,应急车辆,普通轿车,接近中,10米,80公里/小时
64216,晴天,夜晚,干燥,畅通,100公里/小时,150米,普通轿车,无特别需求,应急车辆,普通轿车,接近中,50米,50公里/小时
64244,晴天,夜晚,干燥,畅通,100公里/小时,150米,普通轿车,无特别需求,卡车,普通轿车,接近中,100米,30公里/小时
64286,晴天,夜晚,干燥,畅通,100公里/小时,150米,卡车,紧急（送医）,普通轿车,应急车辆,接近中,50米,50公里/小时
64295,晴天,夜晚,干燥,畅通,100公里/小时,150米,卡车,紧急（送医）,应急车辆,无,接近中,50米,80公里/小时
64336,晴天,夜晚,干燥,畅通,100公里/小时,150米,卡车,紧急（送医）,卡车,普通轿车,接近中,50米,50公里/小时
64492,晴天,夜晚,干燥,畅通,100公里/小时,150米,卡车,无特别需求,应急车辆,应急车辆,接近中,100米,80公里/小时
64711,晴天,夜晚,干燥,畅通,100公里/小时,150米,应急车辆,无特别需求,普通轿车,无,静止,0米,0公里/小时
65100,晴天,夜晚,干燥,畅通,100公里/小时,200米,卡车,紧急（送医）,普通轿车,应急车辆,接近中,10米,30公里/小时
65195,晴天,夜晚,干燥,畅通,100公里/小时,200米,卡车,赶时间（通勤/赶飞机）,应急车辆,无,接近中,50米,80公里/小时
65248,晴天,夜晚,干燥,畅通,100公里/小时,200米,卡车,赶时间（通勤/赶飞机）,卡车,应急车辆,接近中,10米,80公里/小时
65406,晴天,夜晚,干燥,畅通,100公里/小时,200米,应急车辆,紧急（送医）,卡车,无,接近中,50米,50公里/小时
65560,晴天,夜晚,干燥,畅通,100公里/小时,200米,应急车辆,无特别需求,应急车辆,无,接近中,10米,30公里/小时
65738,晴天,夜晚,干燥,100米,35公里/小时,10米,普通轿车,赶时间（通勤/赶飞机）,应急车辆,无,接近中,10米,80公里/小时
66354,晴天,夜晚,干燥,100米,35公里/小时,10米,应急车辆,无特别需求,普通轿车,应急车辆,接近中,100米,30公里/小时
66712,晴天,夜晚,干燥,100米,35公里/小时,50米,卡车,紧急（送医）,普通轿车,应急车辆,接近中,100米,80公里/小时
66717,晴天,夜晚,干燥,100米,35公里/小时,50米,卡车,紧急（送医）,普通轿车,应急车辆,接近中,50米,30公里/小时
66911,晴天,夜晚,干燥,100米,35公里/小时,50米,卡车,无特别需求,应急车辆,普通轿车,静止,0米,0公里/小时
67381,晴天,夜晚,干燥,100米,35公里/小时,100米,普通轿车,赶时间（通勤/赶飞机）,卡车,无,静止,0米,0公里/小时
67503,晴天,夜晚,干燥,100米,35公里/小时,100米,卡车,紧急（送医）,普通轿车,无,接近中,100米,50公里/小时
67540,晴天,夜晚,干燥,100米,35公里/小时,100米,卡车,紧急（送医）,应急车辆,无,接近中,10米,30公里/小时
67676,晴天,夜晚,干燥,100米,35公里/小时,100米,卡车,赶时间（通勤/赶飞机）,卡车,应急车辆,接近中,50米,50公里/小时
67700,晴天,夜晚,干燥,100米,35公里/小时,100米,卡车,无特别需求,普通轿车,普通轿车,接近中,10米,30公里/小时
67702,晴天,夜晚,干燥,100米,35公里/小时,100米,卡车,无特别需求,普通轿车,应急车辆,接近中,100米,80公里/小时
67728,晴天,夜晚,干燥,100米,35公里/小时,100米,卡车,无特别需求,应急车辆,普通轿车,接近中,10米,80公里/小时
68420,晴天,夜晚,干燥,100米,60公里/小时,50米,卡车,赶时间（通勤/赶飞机）,普通轿车,普通轿车,接近中,10米,30公里/小时
68694,晴天,夜晚,干燥,100米,60公里/小时,50米,应急车辆,赶时间（通勤/赶飞机）,普通轿车,应急车辆,接近中,100米,30公里/小时
68828,晴天,夜晚,干燥,100米,60公里/小时,50米,应急车辆,无特别需求,卡车,无,接近中,10米,80公里/小时
69147,晴天,夜晚,干燥,100米,60公里/小时,100米,卡车,紧急（送医）,普通轿车,应急车辆,接近中,50米,30公里/小时
69630,晴天,夜晚,干燥,100米,60公里/小时,100米,应急车辆,无特别需求,应急车辆,应急车辆,接近中,10米,30公里/小时
69638,晴天,夜晚,干燥,100米,60公里/小时,100米,应急车辆,无特别需求,卡车,无,接近中,10米,80公里/小时
69869,晴天,夜晚,干燥,100米,60公里/小时,150米,普通轿车,无特别需求,普通轿车,应急车辆,接近中,10米,50公里/小时
70027,晴天,夜晚,干燥,100米,60公里/小时,150米,卡车,赶时间（通勤/赶飞机）,普通轿车,无,接近中,50米,30公里/小时
70037,晴天,夜晚,干燥,100米,60公里/小时,150米,卡车,赶时间（通勤/赶飞机）,普通轿车,普通轿车,接近中,50米,30公里/小时
70133,晴天,夜晚,干燥,100米,60公里/小时,150米,卡车,无特别需求,普通轿车,应急车辆,接近中,100米,50公里/小时
70523,晴天,夜晚,干燥,100米,100公里/小时,100米,普通轿车,紧急（送医）,应急车辆,应急车辆,接近中,100米,50公里/小时
70567,晴天,夜晚,干燥,100米,100公里/小时,100米,普通轿车,赶时间（通勤/赶飞机）,普通轿车,无,接近中,50米,30公里/小时
70618,晴天,夜晚,干燥,100米,100公里/小时,100米,普通轿车,赶时间（通勤/赶飞机）,应急车辆,应急车辆,接近中,10米,80公里/小时
70653,晴天,夜晚,干燥,100米,100公里/小时,100米,普通轿车,无特别需求,普通轿车,无,接近中,100米,50公里/小时
70732,晴天,夜晚,干燥,100米,100公里/小时,100米,普通轿车,无特别需求,卡车,应急车辆,接近中,100米,80公里/小时
70928,晴天,夜晚,干燥,100米,100公里/小时,100米,卡车,无特别需求,普通轿车,无,接近中,10米,80公里/小时
71054,晴天,夜晚,干燥,100米,100公里/小时,100米,应急车辆,紧急（送医）,应急车辆,普通轿车,接近中,100米,30公里/小时
71064,晴天,夜晚,干燥,100米,100公里/小时,100米,应急车辆,紧急（送医）,应急车辆,应急车辆,接近中,100米,30公里/小时
71208,晴天,夜晚,干燥,100米,100公里/小时,100米,应急车辆,无特别需求,普通轿车,普通轿车,接近中,10米,80公里/小时
71243,晴天,夜晚,干燥,100米,100公里/小时,100米,应急车辆,无特别需求,应急车辆,应急车辆,接近中,100米,50公里/小时
71293,晴天,夜晚,干燥,100米,100公里/小时,150米,普通轿车,紧急（送医）,普通轿车,普通轿车,接近中,100米,50公里/小时
71295,晴天,夜晚,干燥,100米,100公里/小时,150米,普通轿车,紧急（送医）,普通轿车,普通轿车,接近中,50米,80公里/小时
71410,晴天,夜晚,干燥,100米,100公里/小时,150米,普通轿车,赶时间（通勤/赶飞机）,应急车辆,无,接近中,10米,30公里/小时
71921,晴天,夜晚,干燥,100米,100公里/小时,150米,应急车辆,赶时间（通勤/赶飞机）,普通轿车,普通轿车,静止,0米,0公里/小时
72091,晴天,夜晚,干燥,100米,100公里/小时,200米,普通轿车,紧急（送医）,普通轿车,无,静止,0米,0公里/小时
72140,晴天,夜晚,干燥,100米,100公里/小时,200米,普通轿车,紧急（送医）,应急车辆,普通轿车,接近中,10米,30公里/小时
72209,晴天,夜晚,干燥,100米,100公里/小时,200米,普通轿车,赶时间（通勤/赶飞机）,普通轿车,应急车辆,接近中,10米,50公里/小时
72264,晴天,夜晚,干燥,100米,100公里/小时,200米,普通轿车,赶时间（通勤/赶飞机）,卡车,应急车辆,接近中,100米,30公里/小时
72560,晴天,夜晚,干燥,100米,100公里/小时,200米,卡车,无特别需求,普通轿车,普通轿车,接近中,10米,30公里/小时
72637,晴天,夜晚,干燥,100米,100公里/小时,200米,应急车辆,紧急（送医）,普通轿车,无,接近中,50米,30公里/小时
72639,晴天,夜晚,干燥,100米,100公里/小时,200米,应急车辆,紧急（送医）,普通轿车,无,接近中,10米,50公里/小时
72642,晴天,夜晚,干燥,100米,100公里/小时,200米,应急车辆,紧急（送医）,普通轿车,普通轿车,接近中,100米,80公里/小时
72835,晴天,夜晚,干燥,100米,100公里/小时,200米,应急车辆,无特别需求,普通轿车,应急车辆,接近中,50米,80公里/小时
72957,晴天,夜晚,干燥,50米,35公里/小时,10米,普通轿车,紧急（送医）,应急车辆,应急车辆,接近中,50米,30公里/小时
73187,晴天,夜晚,干燥,50米,35公里/小时,10米,卡车,紧急（送医）,普通轿车,普通轿车,接近中,50米,30公里/小时
73647,晴天,夜晚,干燥,50米,35公里/小时,10米,应急车辆,无特别需求,普通轿车,应急车辆,接近中,50米,30公里/小时
73696,晴天,夜晚,干燥,50米,35公里/小时,10米,应急车辆,无特别需求,卡车,普通轿车,接近中,50米,50公里/小时
73997,晴天,夜晚,干燥,50米,35公里/小时,50米,卡车,紧急（送医）,普通轿车,普通轿车,接近中,50米,30公里/小时
74128,晴天,夜晚,干燥,50米,35公里/小时,50米,卡车,赶时间（通勤/赶飞机）,应急车辆,应急车辆,接近中,10米,80公里/小时
74172,晴天,夜晚,干燥,50米,35公里/小时,50米,卡车,无特别需求,普通轿车,普通轿车,接近中,100米,80公里/小时
74382,晴天,夜晚,干燥,50米,35公里/小时,50米,应急车辆,赶时间（通勤/赶飞机）,应急车辆,普通轿车,接近中,100米,80公里/小时
74428,晴天,夜晚,干燥,50米,35公里/小时,50米,应急车辆,赶时间（通勤/赶飞机）,卡车,应急车辆,接近中,10米,80公里/小时
74670,晴天,夜晚,干燥,50米,35公里/小时,100米,普通轿车,赶时间（通勤/赶飞机）,应急车辆,应急车辆,接近中,10米,30公里/小时
74706,晴天,夜晚,干燥,50米,35公里/小时,100米,普通轿车,无特别需求,普通轿车,无,接近中,50米,50公里/小时
74916,晴天,夜晚,干燥,50米,35公里/小时,100米,卡车,赶时间（通勤/赶飞机）,应急车辆,无,接近中,50米,50公里/小时
75310,晴天,夜晚,干燥,50米,35公里/小时,100米,应急车辆,无特别需求,卡车,无,接近中,10米,30公里/小时
75436,晴天,夜晚,干燥,50米,60公里/小时,50米,普通轿车,赶时间（通勤/赶飞机）,普通轿车,普通轿车,接近中,50米,50公里/小时
75736,晴天,夜晚,干燥,50米,60公里/小时,50米,卡车,赶时间（通勤/赶飞机）,应急车辆,普通轿车,接近中,50米,50公里/小时
75821,晴天,夜晚,干燥,50米,60公里/小时,50米,卡车,无特别需求,应急车辆,普通轿车,静止,0米,0公里/小时
76167,晴天,夜晚,干燥,50米,60公里/小时,100米,普通轿车,紧急（送医）,普通轿车,应急车辆,接近中,50米,30公里/小时
76227,晴天,夜晚,干燥,50米,60公里/小时,100米,普通轿车,紧急（送医）,卡车,应急车辆,接近中,50米,30公里/小时
76282,晴天,夜晚,干燥,50米,60公里/小时,100米,普通轿车,赶时间（通勤/赶飞机）,应急车辆,应急车辆,接近中,100米,80公里/小时
76303,晴天,夜晚,干燥,50米,60公里/小时,100米,普通轿车,赶时间（通勤/赶飞机）,卡车,普通轿车,接近中,100米,50公里/小时
76445,晴天,夜晚,干燥,50米,60公里/小时,100米,卡车,紧急（送医）,应急车辆,无,接近中,50米,80公里/小时
76476,晴天,夜晚,干燥,50米,60公里/小时,100米,卡车,紧急（送医）,卡车,无,接近中,50米,50公里/小时
76591,晴天,夜晚,干燥,50米,60公里/小时,100米,卡车,无特别需求,普通轿车,无,静止,0米,0公里/小时
76957,晴天,夜晚,干燥,50米,60公里/小时,150米,普通轿车,紧急（送医）,普通轿车,无,接近中,50米,30公里/小时
77121,晴天,夜晚,干燥,50米,60公里/小时,150米,普通轿车,赶时间（通勤/赶飞机）,卡车,应急车辆,静止,0米,0公里/小时
77345,晴天,夜晚,干燥,50米,60公里/小时,150米,卡车,赶时间（通勤/赶飞机）,应急车辆,无,接近中,50米,80公里/小时
77405,晴天,夜晚,干燥,50米,60公里/小时,150米,卡车,无特别需求,普通轿车,无,接近中,50米,80公里/小时
78027,晴天,夜晚,干燥,50米,100公里/小时,100米,普通轿车,无特别需求,卡车,应急车辆,接近中,50米,30公里/小时
78059,晴天,夜晚,干燥,50米,100公里/小时,100米,卡车,紧急（送医）,普通轿车,应急车辆,接近中,10米,50公里/小时
78146,晴天,夜晚,干燥,50米,100公里/小时,100米,卡车,赶时间（通勤/赶飞机）,普通轿车,应急车辆,接近中,50米,50公里/小时
78304,晴天,夜晚,干燥,50米,100公里/小时,100米,应急车辆,紧急（送医）,普通轿车,无,接近中,100米,30公里/小时
78442,晴天,夜晚,干燥,50米,100公里/小时,100米,应急车辆,赶时间（通勤/赶飞机）,应急车辆,应急车辆,接近中,100米,80公里/小时
78705,晴天,夜晚,干燥,50米,100公里/小时,150米,普通轿车,赶时间（通勤/赶飞机）,应急车辆,普通轿车,接近中,50米,80公里/小时
78718,晴天,夜晚,干燥,50米,100公里/小时,150米,普通轿车,赶时间（通勤/赶飞机）,应急车辆,应急车辆,接近中,10米,80公里/小时
78792,晴天,夜晚,干燥,50米,100公里/小时,150米,普通轿车,无特别需求,应急车辆,普通轿车,接近中,100米,80公里/小时
78935,晴天,夜晚,干燥,50米,100公里/小时,150米,卡车,赶时间（通勤/赶飞机）,普通轿车,无,接近中,50米,80公里/小时
78941,晴天,夜晚,干燥,50米,100公里/小时,150米,卡车,赶时间（通勤/赶飞机）,普通轿车,普通轿车,静止,0米,0公里/小时
79009,晴天,夜晚,干燥,50米,100公里/小时,150米,卡车,赶时间（通勤/赶飞机）,卡车,普通轿车,接近中,10米,50公里/小时
79167,晴天,夜晚,干燥,50米,100公里/小时,150米,应急车辆,紧急（送医）,应急车辆,应急车辆,接近中,50米,30公里/小时
79183,晴天,夜晚,干燥,50米,100公里/小时,150米,应急车辆,紧急（送医）,卡车,普通轿车,接近中,100米,50公里/小时
79538,晴天,夜晚,干燥,50米,100公里/小时,200米,普通轿车,赶时间（通勤/赶飞机）,卡车,无,接近中,10米,80公里/小时
79552,晴天,夜晚,干燥,50米,100公里/小时,200米,普通轿车,赶时间（通勤/赶飞机）,卡车,应急车辆,接近中,100米,80公里/小时
79592,晴天,夜晚,干燥,50米,100公里/小时,200米,普通轿车,无特别需求,应急车辆,无,接近中,100米,80公里/小时
79849,晴天,夜晚,干燥,50米,100公里/小时,200米,卡车,无特别需求,普通轿车,普通轿车,接近中,10米,50公里/小时
80187,晴天,夜晚,干燥,50米,100公里/小时,200米,应急车辆,无特别需求,卡车,应急车辆,接近中,50米,30公里/小时
80387,晴天,夜晚,干燥,20米,35公里/小时,10米,普通轿车,无特别需求,普通轿车,普通轿车,接近中,50米,30公里/小时
80493,晴天,夜晚,干燥,20米,35公里/小时,10米,卡车,紧急（送医）,应急车辆,无,接近中,100米,50公里/小时
80594,晴天,夜晚,干燥,20米,35公里/小时,10米,卡车,赶时间（通勤/赶飞机）,应急车辆,普通轿车,接近中,100米,30公里/小时
80638,晴天,夜晚,干燥,20米,35公里/小时,10米,卡车,赶时间（通勤/赶飞机）,卡车,应急车辆,接近中,10米,80公里/小时
80974,晴天,夜晚,干燥,20米,35公里/小时,10米,应急车辆,无特别需求,卡车,无,接近中,100米,30公里/小时
81259,晴天,夜晚,干燥,20米,35公里/小时,50米,普通轿车,无特别需求,卡车,普通轿车,接近中,10米,50公里/小时
81334,晴天,夜晚,干燥,20米,35公里/小时,50米,卡车,紧急（送医）,卡车,无,接近中,100米,30公里/小时
81361,晴天,夜晚,干燥,20米,35公里/小时,50米,卡车,赶时间（通勤/赶飞机）,普通轿车,无,静止,0米,0公里/小时
81513,晴天,夜晚,干燥,20米,35公里/小时,50米,卡车,无特别需求,卡车,无,接近中,100米,50公里/小时
81529,晴天,夜晚,干燥,20米,35公里/小时,50米,卡车,无特别需求,卡车,普通轿车,接近中,10米,50公里/小时
81608,晴天,夜晚,干燥,20米,35公里/小时,50米,应急车辆,紧急（送医）,卡车,无,接近中,10米,80公里/小时
81678,晴天,夜晚,干燥,20米,35公里/小时,50米,应急车辆,赶时间（通勤/赶飞机）,应急车辆,普通轿车,接近中,10米,80公里/小时
81751,晴天,夜晚,干燥,20米,35公里/小时,50米,应急车辆,无特别需求,应急车辆,无,静止,0米,0公里/小时
81962,晴天,夜晚,干燥,20米,35公里/小时,100米,普通轿车,赶时间（通勤/赶飞机）,卡车,无,接近中,100米,80公里/小时
82113,晴天,夜晚,干燥,20米,35公里/小时,100米,卡车,紧急（送医）,应急车辆,无,接近中,100米,50公里/小时
82492,晴天,夜晚,干燥,20米,35公里/小时,100米,应急车辆,赶时间（通勤/赶飞机）,应急车辆,应急车辆,接近中,100米,80公里/小时
82523,晴天,夜晚,干燥,20米,35公里/小时,100米,应急车辆,赶时间（通勤/赶飞机）,卡车,应急车辆,接近中,100米,50公里/小时
82620,晴天,夜晚,干燥,20米,35公里/小时,100米,应急车辆,无特别需求,卡车,应急车辆,接近中,10米,30公里/小时
82694,晴天,夜晚,干燥,20米,60公里/小时,50米,普通轿车,紧急（送医）,卡车,普通轿车,接近中,100米,30公里/小时
83398,晴天,夜晚,干燥,20米,60公里/小时,50米,应急车辆,无特别需求,应急车辆,应急车辆,接近中,10米,80公里/小时
83859,晴天,夜晚,干燥,20米,60公里/小时,100米,卡车,赶时间（通勤/赶飞机）,卡车,无,接近中,10米,50公里/小时
83925,晴天,夜晚,干燥,20米,60公里/小时,100米,卡车,无特别需求,应急车辆,普通轿车,接近中,50米,80公里/小时
83948,晴天,夜晚,干燥,20米,60公里/小时,100米,卡车,无特别需求,卡车,无,接近中,10米,80公里/小时
84072,晴天,夜晚,干燥,20米,60公里/小时,100米,应急车辆,赶时间（通勤/赶飞机）,普通轿车,普通轿车,接近中,100米,80公里/小时
84266,晴天,夜晚,干燥,20米,60公里/小时,150米,普通轿车,紧急（送医）,普通轿车,应急车辆,接近中,50米,50公里/小时
84405,晴天,夜晚,干燥,20米,60公里/小时,150米,普通轿车,赶时间（通勤/赶飞机）,卡车,普通轿车,接近中,50米,80公里/小时
84418,晴天,夜晚,干燥,20米,60公里/小时,150米,普通轿车,赶时间（通勤/赶飞机）,卡车,应急车辆,接近中,10米,80公里/小时
84435,晴天,夜晚,干燥,20米,60公里/小时,150米,普通轿车,无特别需求,普通轿车,普通轿车,接近中,50米,80公里/小时
84465,晴天,夜晚,干燥,20米,60公里/小时,150米,普通轿车,无特别需求,应急车辆,普通轿车,接近中,50米,80公里/小时
84734,晴天,夜晚,干燥,20米,60公里/小时,150米,卡车,无特别需求,应急车辆,普通轿车,接近中,100米,30公里/小时
84840,晴天,夜晚,干燥,20米,60公里/小时,150米,应急车辆,紧急（送医）,应急车辆,应急车辆,接近中,10米,30公里/小时
84967,晴天,夜晚,干燥,20米,60公里/小时,150米,应急车辆,无特别需求,普通轿车,无,接近中,50米,30公里/小时
85040,晴天,夜晚,干燥,20米,60公里/小时,150米,应急车辆,无特别需求,卡车,普通轿车,接近中,10米,30公里/小时
85576,晴天,夜晚,干燥,20米,100公里/小时,100米,卡车,无特别需求,卡车,普通轿车,接近中,50米,50公里/小时
85672,晴天,夜晚,干燥,20米,100公里/小时,100米,应急车辆,紧急（送医）,卡车,应急车辆,接近中,100米,80公里/小时
85847,晴天,夜晚,干燥,20米,100公里/小时,100米,应急车辆,无特别需求,卡车,普通轿车,接近中,50米,30公里/小时
85934,晴天,夜晚,干燥,20米,100公里/小时,150米,普通轿车,紧急（送医）,卡车,普通轿车,接近中,100米,30公里/小时
85951,晴天,夜晚,干燥,20米,100公里/小时,150米,普通轿车,赶时间（通勤/赶飞机）,普通轿车,无,静止,0米,0公里/小时
86126,晴天,夜晚,干燥,20米,100公里/小时,150米,普通轿车,无特别需求,卡车,应急车辆,接近中,50米,50公里/小时
86214,晴天,夜晚,干燥,20米,100公里/小时,150米,卡车,紧急（送医）,卡车,应急车辆,接近中,100米,30公里/小时
86358,晴天,夜晚,干燥,20米,100公里/小时,150米,卡车,无特别需求,应急车辆,普通轿车,接近中,10米,80公里/小时
86431,晴天,夜晚,干燥,20米,100公里/小时,150米,应急车辆,紧急（送医）,应急车辆,无,静止,0米,0公里/小时
86531,晴天,夜晚,干燥,20米,100公里/小时,150米,应急车辆,赶时间（通勤/赶飞机）,应急车辆,普通轿车,静止,0米,0公里/小时
86580,晴天,夜晚,干燥,20米,100公里/小时,150米,应急车辆,赶时间（通勤/赶飞机）,卡车,应急车辆,接近中,10米,30公里/小时
86637,晴天,夜晚,干燥,20米,100公里/小时,150米,应急车辆,无特别需求,应急车辆,应急车辆,接近中,50米,30公里/小时
86807,晴天,夜晚,干燥,20米,100公里/小时,200米,普通轿车,赶时间（通勤/赶飞机）,应急车辆,普通轿车,接近中,50米,30公里/小时
86838,晴天,夜晚,干燥,20米,100公里/小时,200米,普通轿车,赶时间（通勤/赶飞机）,卡车,普通轿车,接近中,10米,80公里/小时
86933,晴天,夜晚,干燥,20米,100公里/小时,200米,普通轿车,无特别需求,卡车,应急车辆,接近中,100米,50公里/小时
86944,晴天,夜晚,干燥,20米,100公里/小时,200米,卡车,紧急（送医）,普通轿车,无,接近中,100米,30公里/小时
87138,晴天,夜晚,干燥,20米,100公里/小时,200米,卡车,无特别需求,普通轿车,普通轿车,接近中,10米,80公里/小时
87152,晴天,夜晚,干燥,20米,100公里/小时,200米,卡车,无特别需求,应急车辆,无,接近中,100米,80公里/小时
87193,晴天,夜晚,干燥,20米,100公里/小时,200米,卡车,无特别需求,卡车,普通轿车,接近中,100米,50公里/小时
87315,晴天,夜晚,干燥,20米,100公里/小时,200米,应急车辆,赶时间（通勤/赶飞机）,普通轿车,普通轿车,接近中,50米,80公里/小时
87319,晴天,夜晚,干燥,20米,100公里/小时,200米,应急车辆,赶时间（通勤/赶飞机）,普通轿车,普通轿车,接近中,10米,50公里/小时
87339,晴天,夜晚,干燥,20米,100公里/小时,200米,应急车辆,赶时间（通勤/赶飞机）,应急车辆,无,接近中,10米,50公里/小时
87448,晴天,夜晚,干燥,20米,100公里/小时,200米,应急车辆,无特别需求,应急车辆,应急车辆,接近中,10米,80公里/小时
87583,晴天,夜晚,湿滑,畅通,35公里/小时,10米,普通轿车,赶时间（通勤/赶飞机）,普通轿车,普通轿车,接近中,100米,50公里/小时
87691,晴天,夜晚,湿滑,畅通,35公里/小时,10米,普通轿车,无特别需求,应急车辆,无,静止,0米,0公里/小时
87809,晴天,夜晚,湿滑,畅通,35公里/小时,10米,卡车,紧急（送医）,应急车辆,应急车辆,接近中,10米,50公里/小时
87811,晴天,夜晚,湿滑,畅通,35公里/小时,10米,卡车,紧急（送医）,卡车,无,静止,0米,0公里/小时
87816,晴天,夜晚,湿滑,畅通,35公里/小时,10米,卡车,紧急（送医）,卡车,无,接近中,50米,50公里/小时
87901,晴天,夜晚,湿滑,畅通,35公里/小时,10米,卡车,赶时间（通勤/赶飞机）,卡车,无,静止,0米,0公里/小时
88046,晴天,夜晚,湿滑,畅通,35公里/小时,10米,应急车辆,紧急（送医）,普通轿车,应急车辆,接近中,50米,50公里/小时
88134,晴天,夜晚,湿滑,畅通,35公里/小时,10米,应急车辆,赶时间（通勤/赶飞机）,普通轿车,应急车辆,接近中,100米,30公里/小时
88681,晴天,夜晚,湿滑,畅通,35公里/小时,50米,卡车,赶时间（通勤/赶飞机）,应急车辆,无,静止,0米,0公里/小时
88867,晴天,夜晚,湿滑,畅通,35公里/小时,50米,应急车辆,紧急（送医）,应急车辆,无,接近中,50米,30公里/小时
89137,晴天,夜晚,湿滑,畅通,35公里/小时,100米,普通轿车,紧急（送医）,应急车辆,无,接近中,50米,30公里/小时
89414,晴天,夜晚,湿滑,畅通,35公里/小时,100米,卡车,紧急（送医）,应急车辆,普通轿车,接近中,100米,30公里/小时
89435,晴天,夜晚,湿滑,畅通,35公里/小时,100米,卡车,紧急（送医）,卡车,无,接近中,50米,80公里/小时
89495,晴天,夜晚,湿滑,畅通,35公里/小时,100米,卡车,赶时间（通勤/赶飞机）,应急车辆,无,接近中,50米,80公里/小时
89514,晴天,夜晚,湿滑,畅通,35公里/小时,100米,卡车,赶时间（通勤/赶飞机）,应急车辆,应急车辆,接近中,100米,30公里/小时
89519,晴天,夜晚,湿滑,畅通,35公里/小时,100米,卡车,赶时间（通勤/赶飞机）,应急车辆,应急车辆,接近中,10米,50公里/小时
89703,晴天,夜晚,湿滑,畅通,35公里/小时,100米,应急车辆,紧急（送医）,卡车,无,接近中,100米,50公里/小时
89871,晴天,夜晚,湿滑,畅通,35公里/小时,100米,应急车辆,无特别需求,应急车辆,应急车辆,静止,0米,0公里/小时
90067,晴天,夜晚,湿滑,畅通,60公里/小时,50米,普通轿车,赶时间（通勤/赶飞机）,卡车,无,接近中,50米,30公里/小时
90202,晴天,夜晚,湿滑,畅通,60公里/小时,50米,卡车,紧急（送医）,普通轿车,应急车辆,接近中,100米,80公里/小时
90331,晴天,夜晚,湿滑,畅通,60公里/小时,50米,卡车,赶时间（通勤/赶飞机）,卡车,无,静止,0米,0公里/小时
90834,晴天,夜晚,湿滑,畅通,60公里/小时,100米,普通轿车,赶时间（通勤/赶飞机）,普通轿车,应急车辆,接近中,100米,30公里/小时
90992,晴天,夜晚,湿滑,畅通,60公里/小时,100米,卡车,紧急（送医）,普通轿车,无,接近中,100米,80公里/小时
91198,晴天,夜晚,湿滑,畅通,60公里/小时,100米,卡车,无特别需求,普通轿车,应急车辆,接近中,10米,80公里/小时
91286,晴天,夜晚,湿滑,畅通,60公里/小时,100米,应急车辆,紧急（送医）,普通轿车,应急车辆,接近中,50米,50公里/小时
91327,晴天,夜晚,湿滑,畅通,60公里/小时,100米,应急车辆,紧急（送医）,卡车,无,接近中,50米,30公里/小时
91421,晴天,夜晚,湿滑,畅通,60公里/小时,100米,应急车辆,赶时间（通勤/赶飞机）,卡车,普通轿车,静止,0米,0公里/小时
91424,晴天,夜晚,湿滑,畅通,60公里/小时,100米,应急车辆,赶时间（通勤/赶飞机）,卡车,普通轿车,接近中,100米,30公里/小时
91970,晴天,夜晚,湿滑,畅通,60公里/小时,150米,卡车,赶时间（通勤/赶飞机）,卡车,普通轿车,接近中,10米,30公里/小时
92243,晴天,夜晚,湿滑,畅通,60公里/小时,150米,应急车辆,赶时间（通勤/赶飞机）,卡车,应急车辆,接近中,100米,50公里/小时
92344,晴天,夜晚,湿滑,畅通,100公里/小时,100米,普通轿车,紧急（送医）,普通轿车,无,接近中,100米,30公里/小时
92360,晴天,夜晚,湿滑,畅通,100公里/小时,100米,普通轿车,紧急（送医）,普通轿车,普通轿车,接近中,10米,30公里/小时
92469,晴天,夜晚,湿滑,畅通,100公里/小时,100米,普通轿车,赶时间（通勤/赶飞机）,应急车辆,无,接近中,10米,50公里/小时
92739,晴天,夜晚,湿滑,畅通,100公里/小时,100米,卡车,赶时间（通勤/赶飞机）,应急车辆,无,接近中,10米,50公里/小时
92828,晴天,夜晚,湿滑,畅通,100公里/小时,100米,卡车,无特别需求,应急车辆,无,接近中,10米,80公里/小时
92830,晴天,夜晚,湿滑,畅通,100公里/小时,100米,卡车,无特别需求,应急车辆,无,接近中,10米,30公里/小时
93295,晴天,夜晚,湿滑,畅通,100公里/小时,150米,普通轿车,赶时间（通勤/赶飞机）,应急车辆,应急车辆,接近中,50米,80公里/小时
93550,晴天,夜晚,湿滑,畅通,100公里/小时,150米,卡车,赶时间（通勤/赶飞机）,应急车辆,无,接近中,10米,30公里/小时
93560,晴天,夜晚,湿滑,畅通,100公里/小时,150米,卡车,赶时间（通勤/赶飞机）,应急车辆,普通轿车,接近中,10米,30公里/小时
93581,晴天,夜晚,湿滑,畅通,100公里/小时,150米,卡车,赶时间（通勤/赶飞机）,卡车,普通轿车,静止,0米,0公里/小时
93602,晴天,夜晚,湿滑,畅通,100公里/小时,150米,卡车,无特别需求,普通轿车,无,接近中,100米,80公里/小时
93623,晴天,夜晚,湿滑,畅通,100公里/小时,150米,卡车,无特别需求,普通轿车,应急车辆,接近中,100米,50公里/小时
93856,晴天,夜晚,湿滑,畅通,100公里/小时,150米,应急车辆,赶时间（通勤/赶飞机）,卡车,普通轿车,接近中,50米,50公里/小时
93872,晴天,夜晚,湿滑,畅通,100公里/小时,150米,应急车辆,无特别需求,普通轿车,无,接近中,100米,80公里/小时
93956,晴天,夜晚,湿滑,畅通,100公里/小时,150米,应急车辆,无特别需求,卡车,应急车辆,接近中,50米,50公里/小时
94126,晴天,夜晚,湿滑,畅通,100公里/小时,200米,普通轿车,赶时间（通勤/赶飞机）,卡车,普通轿车,接近中,50米,50公里/小时
94182,晴天,夜晚,湿滑,畅通,100公里/小时,200米,普通轿车,无特别需求,应急车辆,普通轿车,接近中,100米,80公里/小时
94572,晴天,夜晚,湿滑,畅通,100公里/小时,200米,应急车辆,紧急（送医）,卡车,普通轿车,接近中,100米,80公里/小时
94661,晴天,夜晚,湿滑,畅通,100公里/小时,200米,应急车辆,赶时间（通勤/赶飞机）,卡车,普通轿车,静止,0米,0公里/小时
94991,晴天,夜晚,湿滑,100米,35公里/小时,10米,普通轿车,无特别需求,应急车辆,普通轿车,静止,0米,0公里/小时
95284,晴天,夜晚,湿滑,100米,35公里/小时,10米,卡车,无特别需求,卡车,无,接近中,100米,30公里/小时
95411,晴天,夜晚,湿滑,100米,35公里/小时,10米,应急车辆,赶时间（通勤/赶飞机）,普通轿车,普通轿车,静止,0米,0公里/小时
95485,晴天,夜晚,湿滑,100米,35公里/小时,10米,应急车辆,赶时间（通勤/赶飞机）,卡车,应急车辆,接近中,50米,80公里/小时
95584,晴天,夜晚,湿滑,100米,35公里/小时,50米,普通轿车,紧急（送医）,普通轿车,无,接近中,100米,30公里/小时
95602,晴天,夜晚,湿滑,100米,35公里/小时,50米,普通轿车,紧急（送医）,普通轿车,应急车辆,接近中,100米,80公里/小时
95858,晴天,夜晚,湿滑,100米,35公里/小时,50米,卡车,紧急（送医）,普通轿车,无,接近中,10米,80公里/小时
95959,晴天,夜晚,湿滑,100米,35公里/小时,50米,卡车,赶时间（通勤/赶飞机）,普通轿车,普通轿车,接近中,10米,50公里/小时
96139,晴天,夜晚,湿滑,100米,35公里/小时,50米,应急车辆,紧急（送医）,普通轿车,普通轿车,接近中,10米,50公里/小时
96193,晴天,夜晚,湿滑,100米,35公里/小时,50米,应急车辆,紧急（送医）,卡车,普通轿车,接近中,100米,50公里/小时
96281,晴天,夜晚,湿滑,100米,35公里/小时,50米,应急车辆,赶时间（通勤/赶飞机）,卡车,普通轿车,静止,0米,0公里/小时
96319,晴天,夜晚,湿滑,100米,35公里/小时,50米,应急车辆,无特别需求,普通轿车,普通轿车,接近中,10米,50公里/小时
96332,晴天,夜晚,湿滑,100米,35公里/小时,50米,应急车辆,无特别需求,应急车辆,无,接近中,100米,80公里/小时
96375,晴天,夜晚,湿滑,100米,35公里/小时,50米,应急车辆,无特别需求,卡车,普通轿车,接近中,50米,80公里/小时
96377,晴天,夜晚,湿滑,100米,35公里/小时,50米,应急车辆,无特别需求,卡车,普通轿车,接近中,50米,30公里/小时
96728,晴天,夜晚,湿滑,100米,35公里/小时,100米,卡车,紧急（送医）,卡车,无,接近中,10米,80公里/小时
96808,晴天,夜晚,湿滑,100米,35公里/小时,100米,卡车,赶时间（通勤/赶飞机）,应急车辆,应急车辆,接近中,10米,80公里/小时
96856,晴天,夜晚,湿滑,100米,35公里/小时,100米,卡车,无特别需求,普通轿车,普通轿车,接近中,50米,50公里/小时
96884,晴天,夜晚,湿滑,100米,35公里/小时,100米,卡车,无特别需求,应急车辆,普通轿车,接近中,100米,30公里/小时
97033,晴天,夜晚,湿滑,100米,35公里/小时,100米,应急车辆,赶时间（通勤/赶飞机）,普通轿车,普通轿车,接近中,100米,50公里/小时
97035,晴天,夜晚,湿滑,100米,35公里/小时,100米,应急车辆,赶时间（通勤/赶飞机）,普通轿车,普通轿车,接近中,50米,80公里/小时
97110,晴天,夜晚,湿滑,100米,35公里/小时,100米,应急车辆,赶时间（通勤/赶飞机）,卡车,应急车辆,接近中,10米,30公里/小时
97145,晴天,夜晚,湿滑,100米,35公里/小时,100米,应急车辆,无特别需求,应急车辆,无,接近中,50米,80公里/小时
97218,晴天,夜晚,湿滑,100米,60公里/小时,50米,普通轿车,紧急（送医）,普通轿车,普通轿车,接近中,10米,80公里/小时
97222,晴天,夜晚,湿滑,100米,60公里/小时,50米,普通轿车,紧急（送医）,普通轿车,应急车辆,接近中,100米,80公里/小时
97311,晴天,夜晚,湿滑,100米,60公里/小时,50米,普通轿车,赶时间（通勤/赶飞机）,普通轿车,应急车辆,静止,0米,0公里/小时
97335,晴天,夜晚,湿滑,100米,60公里/小时,50米,普通轿车,赶时间（通勤/赶飞机）,应急车辆,普通轿车,接近中,50米,80公里/小时
97373,晴天,夜晚,湿滑,100米,60公里/小时,50米,普通轿车,赶时间（通勤/赶飞机）,卡车,应急车辆,接近中,100米,50公里/小时
97458,晴天,夜晚,湿滑,100米,60公里/小时,50米,普通轿车,无特别需求,卡车,普通轿车,接近中,10米,80公里/小时
97481,晴天,夜晚,湿滑,100米,60公里/小时,50米,卡车,紧急（送医）,普通轿车,普通轿车,静止,0米,0公里/小时
97495,晴天,夜晚,湿滑,100米,60公里/小时,50米,卡车,紧急（送医）,普通轿车,应急车辆,接近中,50米,80公里/小时
97530,晴天,夜晚,湿滑,100米,60公里/小时,50米,卡车,紧急（送医）,应急车辆,应急车辆,接近中,10米,30公里/小时
97751,晴天,夜晚,湿滑,100米,60公里/小时,50米,应急车辆,紧急（送医）,普通轿车,普通轿车,静止,0米,0公里/小时
97979,晴天,夜晚,湿滑,100米,60公里/小时,50米,应急车辆,无特别需求,应急车辆,应急车辆,接近中,10米,50公里/小时
98205,晴天,夜晚,湿滑,100米,60公里/小时,100米,普通轿车,无特别需求,普通轿车,普通轿车,接近中,50米,80公里/小时
98290,晴天,夜晚,湿滑,100米,60公里/小时,100米,卡车,紧急（送医）,普通轿车,无,接近中,10米,30公里/小时
98293,晴天,夜晚,湿滑,100米,60公里/小时,100米,卡车,紧急（送医）,普通轿车,普通轿车,接近中,100米,50公里/小时
98434,晴天,夜晚,湿滑,100米,60公里/小时,100米,卡车,赶时间（通勤/赶飞机）,卡车,无,接近中,100米,30公里/小时
98764,晴天,夜晚,湿滑,100米,60公里/小时,100米,应急车辆,无特别需求,应急车辆,无,接近中,100米,30公里/小时
98887,晴天,夜晚,湿滑,100米,60公里/小时,150米,普通轿车,紧急（送医）,卡车,无,接近中,50米,30公里/小时
98913,晴天,夜晚,湿滑,100米,60公里/小时,150米,普通轿车,赶时间（通勤/赶飞机）,普通轿车,无,接近中,100米,50公里/小时
99006,晴天,夜晚,湿滑,100米,60公里/小时,150米,普通轿车,无特别需求,普通轿车,无,接近中,50米,50公里/小时
99141,晴天,夜晚,湿滑,100米,60公里/小时,150米,卡车,紧急（送医）,应急车辆,应急车辆,静止,0米,0公里/小时
99152,晴天,夜晚,湿滑,100米,60公里/小时,150米,卡车,紧急（送医）,卡车,无,接近中,100米,80公里/小时
99280,晴天,夜晚,湿滑,100米,60公里/小时,150米,卡车,无特别需求,普通轿车,无,接近中,10米,30公里/小时
99364,晴天,夜晚,湿滑,100米,60公里/小时,150米,应急车辆,紧急（送医）,普通轿车,无,接近中,100米,30公里/小时
99369,晴天,夜晚,湿滑,100米,60公里/小时,150米,应急车辆,紧急（送医）,普通轿车,无,接近中,10米,50公里/小时
99392,晴天,夜晚,湿滑,100米,60公里/小时,150米,应急车辆,紧急（送医）,应急车辆,无,接近中,100米,80公里/小时
99536,晴天,夜晚,湿滑,100米,60公里/小时,150米,应急车辆,赶时间（通勤/赶飞机）,卡车,应急车辆,接近中,50米,50公里/小时
99544,晴天,夜晚,湿滑,100米,60公里/小时,150米,应急车辆,无特别需求,普通轿车,无,接近中,100米,30公里/小时
99571,晴天,夜晚,湿滑,100米,60公里/小时,150米,应急车辆,无特别需求,应急车辆,无,静止,0米,0公里/小时
99620,晴天,夜晚,湿滑,100米,60公里/小时,150米,应急车辆,无特别需求,卡车,普通轿车,接近中,10米,30公里/小时
99729,晴天,夜晚,湿滑,100米,100公里/小时,100米,普通轿车,赶时间（通勤/赶飞机）,普通轿车,无,接近中,10米,50公里/小时
99999,晴天,夜晚,湿滑,100米,100公里/小时,100米,卡车,赶时间（通勤/赶飞机）,普通轿车,无,接近中,10米,50公里/小时
100035,晴天,夜晚,湿滑,100米,100公里/小时,100米,卡车,赶时间（通勤/赶飞机）,应急车辆,普通轿车,接近中,50米,80公里/小时
100173,晴天,夜晚,湿滑,100米,100公里/小时,100米,应急车辆,紧急（送医）,普通轿车,无,接近中,100米,50公里/小时
100551,晴天,夜晚,湿滑,100米,100公里/小时,150米,普通轿车,赶时间（通勤/赶飞机）,普通轿车,应急车辆,静止,0米,0公里/小时
100603,晴天,夜晚,湿滑,100米,100公里/小时,150米,普通轿车,赶时间（通勤/赶飞机）,卡车,普通轿车,接近中,100米,50公里/小时
100604,晴天,夜晚,湿滑,100米,100公里/小时,150米,普通轿车,赶时间（通勤/赶飞机）,卡车,普通轿车,接近中,100米,30公里/小时
100740,晴天,夜晚,湿滑,100米,100公里/小时,150米,卡车,紧急（送医）,普通轿车,应急车辆,接近中,10米,30公里/小时
100800,晴天,夜晚,湿滑,100米,100公里/小时,150米,卡车,紧急（送医）,卡车,应急车辆,接近中,10米,30公里/小时
100897,晴天,夜晚,湿滑,100米,100公里/小时,150米,卡车,无特别需求,普通轿车,无,接近中,50米,30公里/小时
100988,晴天,夜晚,湿滑,100米,100公里/小时,150米,应急车辆,紧急（送医）,普通轿车,无,接近中,10米,80公里/小时
101149,晴天,夜晚,湿滑,100米,100公里/小时,150米,应急车辆,赶时间（通勤/赶飞机）,卡车,普通轿车,接近中,10米,50公里/小时
101193,晴天,夜晚,湿滑,100米,100公里/小时,150米,应急车辆,无特别需求,应急车辆,无,接近中,100米,50公里/小时
101240,晴天,夜晚,湿滑,100米,100公里/小时,150米,应急车辆,无特别需求,卡车,普通轿车,接近中,10米,30公里/小时
101434,晴天,夜晚,湿滑,100米,100公里/小时,200米,普通轿车,无特别需求,普通轿车,无,接近中,100米,30公里/小时
101516,晴天,夜晚,湿滑,100米,100公里/小时,200米,普通轿车,无特别需求,卡车,应急车辆,接近中,50米,50公里/小时
101740,晴天,夜晚,湿滑,100米,100公里/小时,200米,卡车,无特别需求,应急车辆,无,接近中,10米,30公里/小时
102040,晴天,夜晚,湿滑,100米,100公里/小时,200米,应急车辆,无特别需求,卡车,无,接近中,10米,30公里/小时
102041,晴天,夜晚,湿滑,100米,100公里/小时,200米,应急车辆,无特别需求,卡车,普通轿车,静止,0米,0公里/小时
102531,晴天,夜晚,湿滑,50米,35公里/小时,10米,卡车,无特别需求,普通轿车,应急车辆,静止,0米,0公里/小时
102570,晴天,夜晚,湿滑,50米,35公里/小时,10米,卡车,无特别需求,应急车辆,应急车辆,接近中,10米,30公里/小时
102706,晴天,夜晚,湿滑,50米,35公里/小时,10米,应急车辆,赶时间（通勤/赶飞机）,普通轿车,普通轿车,接近中,50米,50公里/小时
102823,晴天,夜晚,湿滑,50米,35公里/小时,10米,应急车辆,无特别需求,应急车辆,普通轿车,接近中,100米,50公里/小时
103115,晴天,夜晚,湿滑,50米,35公里/小时,50米,普通轿车,无特别需求,卡车,无,接近中,50米,80公里/小时
103252,晴天,夜晚,湿滑,50米,35公里/小时,50米,卡车,赶时间（通勤/赶飞机）,普通轿车,应急车辆,接近中,100米,80公里/小时
103331,晴天,夜晚,湿滑,50米,35公里/小时,50米,卡车,无特别需求,普通轿车,普通轿车,静止,0米,0公里/小时
103436,晴天,夜晚,湿滑,50米,35公里/小时,50米,应急车辆,紧急（送医）,普通轿车,应急车辆,接近中,50米,50公里/小时
103645,晴天,夜晚,湿滑,50米,35公里/小时,50米,应急车辆,无特别需求,应急车辆,应急车辆,接近中,50米,80公里/小时
103917,晴天,夜晚,湿滑,50米,35公里/小时,100米,普通轿车,无特别需求,应急车辆,应急车辆,接近中,50米,30公里/小时
103947,晴天,夜晚,湿滑,50米,35公里/小时,100米,普通轿车,无特别需求,卡车,应急车辆,接近中,50米,30公里/小时
104045,晴天,夜晚,湿滑,50米,35公里/小时,100米,卡车,赶时间（通勤/赶飞机）,普通轿车,无,接近中,50米,80公里/小时
104060,晴天,夜晚,湿滑,50米,35公里/小时,100米,卡车,赶时间（通勤/赶飞机）,普通轿车,普通轿车,接近中,10米,30公里/小时
104504,晴天,夜晚,湿滑,50米,60公里/小时,50米,普通轿车,紧急（送医）,普通轿车,普通轿车,接近中,100米,30公里/小时
104544,晴天,夜晚,湿滑,50米,60公里/小时,50米,普通轿车,紧急（送医）,应急车辆,应急车辆,接近中,100米,30公里/小时
104549,晴天,夜晚,湿滑,50米,60公里/小时,50米,普通轿车,紧急（送医）,应急车辆,应急车辆,接近中,10米,50公里/小时
104785,晴天,夜晚,湿滑,50米,60公里/小时,50米,卡车,紧急（送医）,普通轿车,应急车辆,接近中,50米,80公里/小时
104831,晴天,夜晚,湿滑,50米,60公里/小时,50米,卡车,紧急（送医）,卡车,普通轿车,静止,0米,0公里/小时
104952,晴天,夜晚,湿滑,50米,60公里/小时,50米,卡车,无特别需求,普通轿车,普通轿车,接近中,100米,80公里/小时
105123,晴天,夜晚,湿滑,50米,60公里/小时,50米,应急车辆,赶时间（通勤/赶飞机）,普通轿车,无,接近中,100米,50公里/小时
105125,晴天,夜晚,湿滑,50米,60公里/小时,50米,应急车辆,赶时间（通勤/赶飞机）,普通轿车,无,接近中,50米,80公里/小时
105208,晴天,夜晚,湿滑,50米,60公里/小时,50米,应急车辆,赶时间（通勤/赶飞机）,卡车,应急车辆,接近中,10米,80公里/小时
105231,晴天,夜晚,湿滑,50米,60公里/小时,50米,应急车辆,无特别需求,普通轿车,应急车辆,静止,0米,0公里/小时
105399,晴天,夜晚,湿滑,50米,60公里/小时,100米,普通轿车,赶时间（通勤/赶飞机）,普通轿车,无,接近中,10米,50公里/小时
105541,晴天,夜晚,湿滑,50米,60公里/小时,100米,普通轿车,无特别需求,卡车,无,静止,0米,0公里/小时
105798,晴天,夜晚,湿滑,50米,60公里/小时,100米,卡车,无特别需求,应急车辆,普通轿车,接近中,10米,80公里/小时
105856,晴天,夜晚,湿滑,50米,60公里/小时,100米,应急车辆,紧急（送医）,普通轿车,普通轿车,接近中,50米,50公里/小时
105987,晴天,夜晚,湿滑,50米,60公里/小时,100米,应急车辆,赶时间（通勤/赶飞机）,应急车辆,应急车辆,接近中,50米,30公里/小时
106229,晴天,夜晚,湿滑,50米,60公里/小时,150米,普通轿车,赶时间（通勤/赶飞机）,普通轿车,应急车辆,接近中,10米,50公里/小时
106399,晴天,夜晚,湿滑,50米,60公里/小时,150米,卡车,紧急（送医）,普通轿车,普通轿车,接近中,10米,50公里/小时
106489,晴天,夜晚,湿滑,50米,60公里/小时,150米,卡车,赶时间（通勤/赶飞机）,普通轿车,普通轿车,接近中,10米,50公里/小时
106547,晴天,夜晚,湿滑,50米,60公里/小时,150米,卡车,赶时间（通勤/赶飞机）,卡车,普通轿车,接近中,50米,30公里/小时
106634,晴天,夜晚,湿滑,50米,60公里/小时,150米,卡车,无特别需求,卡车,普通轿车,接近中,100米,30公里/小时
106697,晴天,夜晚,湿滑,50米,60公里/小时,150米,应急车辆,紧急（送医）,应急车辆,普通轿车,接近中,50米,30公里/小时
106772,晴天,夜晚,湿滑,50米,60公里/小时,150米,应急车辆,赶时间（通勤/赶飞机）,应急车辆,无,接近中,100米,80公里/小时
106807,晴天,夜晚,湿滑,50米,60公里/小时,150米,应急车辆,赶时间（通勤/赶飞机）,卡车,无,接近中,50米,30公里/小时
106875,晴天,夜晚,湿滑,50米,60公里/小时,150米,应急车辆,无特别需求,应急车辆,普通轿车,接近中,50米,80公里/小时
107032,晴天,夜晚,湿滑,50米,100公里/小时,100米,普通轿车,赶时间（通勤/赶飞机）,普通轿车,应急车辆,接近中,100米,80公里/小时
107141,晴天,夜晚,湿滑,50米,100公里/小时,100米,普通轿车,无特别需求,应急车辆,普通轿车,静止,0米,0公里/小时
107288,晴天,夜晚,湿滑,50米,100公里/小时,100米,卡车,赶时间（通勤/赶飞机）,普通轿车,无,接近中,10米,80公里/小时
107398,晴天,夜晚,湿滑,50米,100公里/小时,100米,卡车,无特别需求,普通轿车,应急车辆,接近中,10米,80公里/小时
107403,晴天,夜晚,湿滑,50米,100公里/小时,100米,卡车,无特别需求,应急车辆,无,接近中,100米,50公里/小时
107484,晴天,夜晚,湿滑,50米,100公里/小时,100米,应急车辆,紧急（送医）,普通轿车,应急车辆,接近中,100米,30公里/小时
107544,晴天,夜晚,湿滑,50米,100公里/小时,100米,应急车辆,紧急（送医）,卡车,应急车辆,接近中,100米,30公里/小时
107751,晴天,夜晚,湿滑,50米,100公里/小时,150米,普通轿车,紧急（送医）,普通轿车,应急车辆,静止,0米,0公里/小时
107997,晴天,夜晚,湿滑,50米,100公里/小时,150米,普通轿车,无特别需求,卡车,应急车辆,接近中,50米,30公里/小时
108090,晴天,夜晚,湿滑,50米,100公里/小时,150米,卡车,紧急（送医）,卡车,应急车辆,接近中,10米,30公里/小时
108343,晴天,夜晚,湿滑,50米,100公里/小时,150米,应急车辆,紧急（送医）,卡车,普通轿车,接近中,100米,50公里/小时
108357,晴天,夜晚,湿滑,50米,100公里/小时,150米,应急车辆,紧急（送医）,卡车,应急车辆,接近中,50米,30公里/小时
108424,晴天,夜晚,湿滑,50米,100公里/小时,150米,应急车辆,赶时间（通勤/赶飞机）,卡车,无,接近中,100米,30公里/小时
108556,晴天,夜晚,湿滑,50米,100公里/小时,200米,普通轿车,紧急（送医）,普通轿车,普通轿车,接近中,50米,50公里/小时
108566,晴天,夜晚,湿滑,50米,100公里/小时,200米,普通轿车,紧急（送医）,普通轿车,应急车辆,接近中,50米,50公里/小时
108623,晴天,夜晚,湿滑,50米,100公里/小时,200米,普通轿车,紧急（送医）,卡车,应急车辆,接近中,100米,50公里/小时
108656,晴天,夜晚,湿滑,50米,100公里/小时,200米,普通轿车,赶时间（通勤/赶飞机）,普通轿车,应急车辆,接近中,50米,50公里/小时
108853,晴天,夜晚,湿滑,50米,100公里/小时,200米,卡车,紧急（送医）,应急车辆,普通轿车,接近中,100米,50公里/小时
109162,晴天,夜晚,湿滑,50米,100公里/小时,200米,应急车辆,紧急（送医）,卡车,应急车辆,接近中,100米,80公里/小时
109231,晴天,夜晚,湿滑,50米,100公里/小时,200米,应急车辆,赶时间（通勤/赶飞机）,卡车,无,静止,0米,0公里/小时
109611,晴天,夜晚,湿滑,20米,35公里/小时,10米,普通轿车,无特别需求,卡车,应急车辆,静止,0米,0公里/小时
109648,晴天,夜晚,湿滑,20米,35公里/小时,10米,卡车,紧急（送医）,普通轿车,应急车辆,接近中,10米,80公里/小时
110097,晴天,夜晚,湿滑,20米,35公里/小时,10米,应急车辆,无特别需求,普通轿车,应急车辆,接近中,50米,30公里/小时
110901,晴天,夜晚,湿滑,20米,35公里/小时,50米,应急车辆,无特别需求,普通轿车,应急车辆,静止,0米,0公里/小时
110978,晴天,夜晚,湿滑,20米,35公里/小时,100米,普通轿车,紧急（送医）,普通轿车,无,接近中,10米,80公里/小时
110986,晴天,夜晚,湿滑,20米,35公里/小时,100米,普通轿车,紧急（送医）,普通轿车,普通轿车,接近中,50米,50公里/小时
111095,晴天,夜晚,湿滑,20米,35公里/小时,100米,普通轿车,赶时间（通勤/赶飞机）,应急车辆,无,接近中,50米,80公里/小时
111151,晴天,夜晚,湿滑,20米,35公里/小时,100米,普通轿车,无特别需求,普通轿车,无,静止,0米,0公里/小时
111324,晴天,夜晚,湿滑,20米,35公里/小时,100米,卡车,紧急（送医）,卡车,应急车辆,接近中,100米,30公里/小时
111528,晴天,夜晚,湿滑,20米,35公里/小时,100米,应急车辆,紧急（送医）,普通轿车,普通轿车,接近中,10米,80公里/小时
111660,晴天,夜晚,湿滑,20米,35公里/小时,100米,应急车辆,赶时间（通勤/赶飞机）,应急车辆,应急车辆,接近中,10米,30公里/小时
111849,晴天,夜晚,湿滑,20米,60公里/小时,50米,普通轿车,紧急（送医）,卡车,无,接近中,10米,50公里/小时
112079,晴天,夜晚,湿滑,20米,60公里/小时,50米,卡车,紧急（送医）,普通轿车,应急车辆,接近中,10米,50公里/小时
112278,晴天,夜晚,湿滑,20米,60公里/小时,50米,卡车,无特别需求,应急车辆,普通轿车,接近中,10米,80公里/小时
112380,晴天,夜晚,湿滑,20米,60公里/小时,50米,应急车辆,紧急（送医）,应急车辆,应急车辆,接近中,10米,30公里/小时
112424,晴天,夜晚,湿滑,20米,60公里/小时,50米,应急车辆,赶时间（通勤/赶飞机）,普通轿车,普通轿车,接近中,100米,30公里/小时
112680,晴天,夜晚,湿滑,20米,60公里/小时,100米,普通轿车,紧急（送医）,卡车,应急车辆,接近中,10米,30公里/小时
113015,晴天,夜晚,湿滑,20米,60公里/小时,100米,卡车,赶时间（通勤/赶飞机）,卡车,无,接近中,50米,80公里/小时
113280,晴天,夜晚,湿滑,20米,60公里/小时,100米,应急车辆,赶时间（通勤/赶飞机）,应急车辆,应急车辆,接近中,10米,30公里/小时
113396,晴天,夜晚,湿滑,20米,60公里/小时,100米,应急车辆,无特别需求,卡车,应急车辆,接近中,50米,50公里/小时
113563,晴天,夜晚,湿滑,20米,60公里/小时,150米,普通轿车,赶时间（通勤/赶飞机）,卡车,普通轿车,接近中,100米,50公里/小时
113836,晴天,夜晚,湿滑,20米,60公里/小时,150米,卡车,赶时间（通勤/赶飞机）,卡车,普通轿车,接近中,50米,50公里/小时
113953,晴天,夜晚,湿滑,20米,60公里/小时,150米,应急车辆,紧急（送医）,普通轿车,普通轿车,接近中,100米,50公里/小时
114044,晴天,夜晚,湿滑,20米,60公里/小时,150米,应急车辆,赶时间（通勤/赶飞机）,普通轿车,普通轿车,接近中,100米,30公里/小时
114394,晴天,夜晚,湿滑,20米,100公里/小时,100米,普通轿车,无特别需求,普通轿车,无,接近中,100米,30公里/小时
114634,晴天,夜晚,湿滑,20米,100公里/小时,100米,卡车,赶时间（通勤/赶飞机）,卡车,无,接近中,100米,30公里/小时
114745,晴天,夜晚,湿滑,20米,100公里/小时,100米,卡车,无特别需求,卡车,应急车辆,接近中,50米,80公里/小时
114979,晴天,夜晚,湿滑,20米,100公里/小时,100米,应急车辆,无特别需求,应急车辆,普通轿车,接近中,10米,50公里/小时
115223,晴天,夜晚,湿滑,20米,100公里/小时,150米,普通轿车,无特别需求,普通轿车,应急车辆,接近中,100米,50公里/小时
115292,晴天,夜晚,湿滑,20米,100公里/小时,150米,卡车,紧急（送医）,普通轿车,无,接近中,100米,80公里/小时
115312,晴天,夜晚,湿滑,20米,100公里/小时,150米,卡车,紧急（送医）,普通轿车,应急车辆,接近中,100米,80公里/小时
115543,晴天,夜晚,湿滑,20米,100公里/小时,150米,卡车,无特别需求,卡车,普通轿车,接近中,100米,50公里/小时
115563,晴天,夜晚,湿滑,20米,100公里/小时,150米,应急车辆,紧急（送医）,普通轿车,无,接近中,100米,50公里/小时
115603,晴天,夜晚,湿滑,20米,100公里/小时,150米,应急车辆,紧急（送医）,应急车辆,普通轿车,接近中,100米,50公里/小时
115608,晴天,夜晚,湿滑,20米,100公里/小时,150米,应急车辆,紧急（送医）,应急车辆,普通轿车,接近中,10米,80公里/小时
115628,晴天,夜晚,湿滑,20米,100公里/小时,150米,应急车辆,紧急（送医）,卡车,无,接近中,10米,80公里/小时
115654,晴天,夜晚,湿滑,20米,100公里/小时,150米,应急车辆,赶时间（通勤/赶飞机）,普通轿车,无,接近中,100米,30公里/小时
115657,晴天,夜晚,湿滑,20米,100公里/小时,150米,应急车辆,赶时间（通勤/赶飞机）,普通轿车,无,接近中,50米,30公里/小时
115749,晴天,夜晚,湿滑,20米,100公里/小时,150米,应急车辆,无特别需求,普通轿车,无,接近中,10米,50公里/小时
115804,晴天,夜晚,湿滑,20米,100公里/小时,150米,应急车辆,无特别需求,卡车,无,接近中,100米,30公里/小时
115822,晴天,夜晚,湿滑,20米,100公里/小时,150米,应急车辆,无特别需求,卡车,应急车辆,接近中,100米,80公里/小时
115835,晴天,夜晚,湿滑,20米,100公里/小时,200米,普通轿车,紧急（送医）,普通轿车,无,接近中,50米,80公里/小时
115989,晴天,夜晚,湿滑,20米,100公里/小时,200米,普通轿车,赶时间（通勤/赶飞机）,卡车,无,接近中,10米,50公里/小时
116018,晴天,夜晚,湿滑,20米,100公里/小时,200米,普通轿车,无特别需求,普通轿车,无,接近中,10米,80公里/小时
116086,晴天,夜晚,湿滑,20米,100公里/小时,200米,普通轿车,无特别需求,卡车,普通轿车,接近中,50米,50公里/小时
116111,晴天,夜晚,湿滑,20米,100公里/小时,200米,卡车,紧急（送医）,普通轿车,普通轿车,静止,0米,0公里/小时
116329,晴天,夜晚,湿滑,20米,100公里/小时,200米,卡车,无特别需求,应急车辆,普通轿车,接近中,10米,50公里/小时
116517,晴天,夜晚,湿滑,20米,100公里/小时,200米,应急车辆,赶时间（通勤/赶飞机）,应急车辆,应急车辆,接近中,50米,30公里/小时
116638,晴天,夜晚,湿滑,20米,100公里/小时,200米,应急车辆,无特别需求,卡车,应急车辆,接近中,10米,80公里/小时
116646,雨天,白天,干燥,畅通,35公里/小时,10米,普通轿车,紧急（送医）,普通轿车,无,接近中,50米,50公里/小时
116692,雨天,白天,干燥,畅通,35公里/小时,10米,普通轿车,紧急（送医）,应急车辆,应急车辆,接近中,100米,80公里/小时
116702,雨天,白天,干燥,畅通,35公里/小时,10米,普通轿车,紧急（送医）,卡车,无,接近中,100米,80公里/小时
116753,雨天,白天,干燥,畅通,35公里/小时,10米,普通轿车,赶时间（通勤/赶飞机）,普通轿车,应急车辆,接近中,100米,50公里/小时
116856,雨天,白天,干燥,畅通,35公里/小时,10米,普通轿车,无特别需求,应急车辆,无,接近中,50米,50公里/小时
116858,雨天,白天,干燥,畅通,35公里/小时,10米,普通轿车,无特别需求,应急车辆,无,接近中,10米,80公里/小时
117056,雨天,白天,干燥,畅通,35公里/小时,10米,卡车,赶时间（通勤/赶飞机）,应急车辆,应急车辆,接近中,50米,50公里/小时
117441,雨天,白天,干燥,畅通,35公里/小时,10米,应急车辆,无特别需求,卡车,应急车辆,静止,0米,0公里/小时
117523,雨天,白天,干燥,畅通,35公里/小时,50米,普通轿车,紧急（送医）,卡车,普通轿车,接近中,100米,50公里/小时
117664,雨天,白天,干燥,畅通,35公里/小时,50米,普通轿车,无特别需求,应急车辆,无,接近中,100米,30公里/小时
117674,雨天,白天,干燥,畅通,35公里/小时,50米,普通轿车,无特别需求,应急车辆,普通轿车,接近中,100米,30公里/小时
117727,雨天,白天,干燥,畅通,35公里/小时,50米,卡车,紧急（送医）,普通轿车,无,接近中,50米,30公里/小时
117734,雨天,白天,干燥,畅通,35公里/小时,50米,卡车,紧急（送医）,普通轿车,普通轿车,接近中,100米,30公里/小时
117942,雨天,白天,干燥,畅通,35公里/小时,50米,卡车,无特别需求,应急车辆,普通轿车,接近中,100米,80公里/小时
118545,雨天,白天,干燥,畅通,35公里/小时,100米,卡车,紧急（送医）,普通轿车,普通轿车,接近中,50米,80公里/小时
118665,雨天,白天,干燥,畅通,35公里/小时,100米,卡车,赶时间（通勤/赶飞机）,应急车辆,普通轿车,接近中,50米,80公里/小时
118810,雨天,白天,干燥,畅通,35公里/小时,100米,应急车辆,紧急（送医）,普通轿车,无,接近中,10米,30公里/小时
118815,雨天,白天,干燥,畅通,35公里/小时,100米,应急车辆,紧急（送医）,普通轿车,普通轿车,接近中,50米,80公里/小时
118863,雨天,白天,干燥,畅通,35公里/小时,100米,应急车辆,紧急（送医）,卡车,无,接近中,100米,50公里/小时
119062,雨天,白天,干燥,畅通,35公里/小时,100米,应急车辆,无特别需求,卡车,应急车辆,接近中,100米,80公里/小时
119099,雨天,白天,干燥,畅通,60公里/小时,50米,普通轿车,紧急（送医）,普通轿车,应急车辆,接近中,10米,50公里/小时
119214,雨天,白天,干燥,畅通,60公里/小时,50米,普通轿车,赶时间（通勤/赶飞机）,应急车辆,应急车辆,接近中,100米,30公里/小时
119254,雨天,白天,干燥,畅通,60公里/小时,50米,普通轿车,无特别需求,普通轿车,无,接近中,100米,30公里/小时
119277,雨天,白天,干燥,畅通,60公里/小时,50米,普通轿车,无特别需求,普通轿车,应急车辆,接近中,50米,30公里/小时
119525,雨天,白天,干燥,畅通,60公里/小时,50米,卡车,无特别需求,普通轿车,无,接近中,50米,80公里/小时
119680,雨天,白天,干燥,畅通,60公里/小时,50米,应急车辆,紧急（送医）,卡车,无,接近中,10米,30公里/小时
119767,雨天,白天,干燥,畅通,60公里/小时,50米,应急车辆,赶时间（通勤/赶飞机）,卡车,无,接近中,50米,30公里/小时
119835,雨天,白天,干燥,畅通,60公里/小时,50米,应急车辆,无特别需求,应急车辆,普通轿车,接近中,50米,80公里/小时
119988,雨天,白天,干燥,畅通,60公里/小时,100米,普通轿车,赶时间（通勤/赶飞机）,普通轿车,普通轿车,接近中,10米,80公里/小时
120148,雨天,白天,干燥,畅通,60公里/小时,100米,普通轿车,无特别需求,卡车,应急车辆,接近中,10米,80公里/小时
120159,雨天,白天,干燥,畅通,60公里/小时,100米,卡车,紧急（送医）,普通轿车,无,接近中,10米,50公里/小时
120167,雨天,白天,干燥,畅通,60公里/小时,100米,卡车,紧急（送医）,普通轿车,普通轿车,接近中,50米,30公里/小时
120193,雨天,白天,干燥,畅通,60公里/小时,100米,卡车,紧急（送医）,应急车辆,普通轿车,接近中,100米,50公里/小时
120253,雨天,白天,干燥,畅通,60公里/小时,100米,卡车,赶时间（通勤/赶飞机）,普通轿车,普通轿车,接近中,100米,50公里/小时
120832,雨天,白天,干燥,畅通,60公里/小时,150米,普通轿车,赶时间（通勤/赶飞机）,应急车辆,应急车辆,接近中,100米,80公里/小时
121061,雨天,白天,干燥,畅通,60公里/小时,150米,卡车,赶时间（通勤/赶飞机）,普通轿车,普通轿车,静止,0米,0公里/小时
121441,雨天,白天,干燥,畅通,60公里/小时,150米,应急车辆,无特别需求,应急车辆,无,静止,0米,0公里/小时
121548,雨天,白天,干燥,畅通,100公里/小时,100米,普通轿车,紧急（送医）,应急车辆,普通轿车,接近中,10米,80公里/小时
121921,雨天,白天,干燥,畅通,100公里/小时,100米,卡车,赶时间（通勤/赶飞机）,卡车,无,静止,0米,0公里/小时
122145,雨天,白天,干燥,畅通,100公里/小时,100米,应急车辆,赶时间（通勤/赶飞机）,普通轿车,普通轿车,接近中,50米,80公里/小时
122158,雨天,白天,干燥,畅通,100公里/小时,100米,应急车辆,赶时间（通勤/赶飞机）,普通轿车,应急车辆,接近中,10米,80公里/小时
122359,雨天,白天,干燥,畅通,100公里/小时,150米,普通轿车,紧急（送医）,应急车辆,普通轿车,接近中,10米,50公里/小时
122559,雨天,白天,干燥,畅通,100公里/小时,150米,普通轿车,无特别需求,卡车,无,接近中,10米,50公里/小时
122800,雨天,白天,干燥,畅通,100公里/小时,150米,卡车,无特别需求,应急车辆,无,接近中,10米,30公里/小时
122827,雨天,白天,干燥,畅通,100公里/小时,150米,卡车,无特别需求,卡车,无,接近中,50米,30公里/小时
122934,雨天,白天,干燥,畅通,100公里/小时,150米,应急车辆,紧急（送医）,卡车,应急车辆,接近中,100米,30公里/小时
123163,雨天,白天,干燥,畅通,100公里/小时,200米,普通轿车,紧急（送医）,应急车辆,普通轿车,接近中,100米,50公里/小时
123176,雨天,白天,干燥,畅通,100公里/小时,200米,普通轿车,紧急（送医）,应急车辆,应急车辆,接近中,50米,50公里/小时
123205,雨天,白天,干燥,畅通,100公里/小时,200米,普通轿车,紧急（送医）,卡车,应急车辆,接近中,50米,80公里/小时
123330,雨天,白天,干燥,畅通,100公里/小时,200米,普通轿车,无特别需求,普通轿车,应急车辆,接近中,10米,30公里/小时
123346,雨天,白天,干燥,畅通,100公里/小时,200米,普通轿车,无特别需求,应急车辆,普通轿车,接近中,50米,50公里/小时
123497,雨天,白天,干燥,畅通,100公里/小时,200米,卡车,赶时间（通勤/赶飞机）,普通轿车,普通轿车,接近中,50米,30公里/小时
123546,雨天,白天,干燥,畅通,100公里/小时,200米,卡车,赶时间（通勤/赶飞机）,卡车,无,接近中,50米,50公里/小时
123641,雨天,白天,干燥,畅通,100公里/小时,200米,卡车,无特别需求,卡车,普通轿车,静止,0米,0公里/小时
123877,雨天,白天,干燥,畅通,100公里/小时,200米,应急车辆,无特别需求,应急车辆,无,接近中,50米,30公里/小时
124040,雨天,白天,干燥,100米,35公里/小时,10米,普通轿车,赶时间（通勤/赶飞机）,普通轿车,普通轿车,接近中,10米,30公里/小时
124304,雨天,白天,干燥,100米,35公里/小时,10米,卡车,赶时间（通勤/赶飞机）,普通轿车,普通轿车,接近中,100米,30公里/小时
124467,雨天,白天,干燥,100米,35公里/小时,10米,卡车,无特别需求,卡车,应急车辆,接近中,50米,30公里/小时
124677,雨天,白天,干燥,100米,35公里/小时,10米,应急车辆,无特别需求,普通轿车,应急车辆,接近中,50米,30公里/小时
124770,雨天,白天,干燥,100米,35公里/小时,50米,普通轿车,紧急（送医）,普通轿车,应急车辆,接近中,10米,30公里/小时
124842,雨天,白天,干燥,100米,35公里/小时,50米,普通轿车,赶时间（通勤/赶飞机）,普通轿车,普通轿车,接近中,100米,80公里/小时
124887,雨天,白天,干燥,100米,35公里/小时,50米,普通轿车,赶时间（通勤/赶飞机）,应急车辆,应急车辆,接近中,50米,30公里/小时
124895,雨天,白天,干燥,100米,35公里/小时,50米,普通轿车,赶时间（通勤/赶飞机）,卡车,无,接近中,50米,80公里/小时
125284,雨天,白天,干燥,100米,35公里/小时,50米,应急车辆,紧急（送医）,普通轿车,无,接近中,100米,30公里/小时
125631,雨天,白天,干燥,100米,35公里/小时,100米,普通轿车,紧急（送医）,卡车,应急车辆,静止,0米,0公里/小时
125787,雨天,白天,干燥,100米,35公里/小时,100米,普通轿车,无特别需求,应急车辆,应急车辆,接近中,50米,30公里/小时
126065,雨天,白天,干燥,100米,35公里/小时,100米,卡车,无特别需求,卡车,无,接近中,50米,80公里/小时
126179,雨天,白天,干燥,100米,35公里/小时,100米,应急车辆,紧急（送医）,卡车,应急车辆,接近中,10米,50公里/小时
126331,雨天,白天,干燥,100米,35公里/小时,100米,应急车辆,无特别需求,卡车,无,静止,0米,0公里/小时
126716,雨天,白天,干燥,100米,60公里/小时,50米,卡车,紧急（送医）,卡车,应急车辆,接近中,50米,50公里/小时
126963,雨天,白天,干燥,100米,60公里/小时,50米,应急车辆,紧急（送医）,卡车,无,接近中,100米,50公里/小时
127452,雨天,白天,干燥,100米,60公里/小时,100米,卡车,紧急（送医）,普通轿车,普通轿车,接近中,100米,80公里/小时
127542,雨天,白天,干燥,100米,60公里/小时,100米,卡车,赶时间（通勤/赶飞机）,普通轿车,普通轿车,接近中,100米,80公里/小时
127721,雨天,白天,干燥,100米,60公里/小时,100米,应急车辆,紧急（送医）,普通轿车,普通轿车,静止,0米,0公里/小时
127830,雨天,白天,干燥,100米,60公里/小时,100米,应急车辆,赶时间（通勤/赶飞机）,普通轿车,应急车辆,接近中,10米,30公里/小时
127961,雨天,白天,干燥,100米,60公里/小时,100米,应急车辆,无特别需求,卡车,普通轿车,静止,0米,0公里/小时
127982,雨天,白天,干燥,100米,60公里/小时,150米,普通轿车,紧急（送医）,普通轿车,无,接近中,100米,80公里/小时
128435,雨天,白天,干燥,100米,60公里/小时,150米,卡车,无特别需求,普通轿车,无,接近中,50米,80公里/小时
128438,雨天,白天,干燥,100米,60公里/小时,150米,卡车,无特别需求,普通轿车,无,接近中,10米,80公里/小时
128983,雨天,白天,干燥,100米,100公里/小时,100米,普通轿车,无特别需求,普通轿车,普通轿车,接近中,100米,50公里/小时
129126,雨天,白天,干燥,100米,100公里/小时,100米,卡车,紧急（送医）,卡车,无,接近中,50米,50公里/小时
129353,雨天,白天,干燥,100米,100公里/小时,100米,应急车辆,紧急（送医）,普通轿车,应急车辆,接近中,100米,50公里/小时
129374,雨天,白天,干燥,100米,100公里/小时,100米,应急车辆,紧急（送医）,应急车辆,普通轿车,接近中,100米,30公里/小时
129560,雨天,白天,干燥,100米,100公里/小时,100米,应急车辆,无特别需求,应急车辆,普通轿车,接近中,10米,30公里/小时
129756,雨天,白天,干燥,100米,100公里/小时,150米,普通轿车,赶时间（通勤/赶飞机）,卡车,无,接近中,50米,50公里/小时
129931,雨天,白天,干燥,100米,100公里/小时,150米,卡车,紧急（送医）,卡车,无,静止,0米,0公里/小时
130366,雨天,白天,干燥,100米,100公里/小时,150米,应急车辆,无特别需求,应急车辆,普通轿车,接近中,50米,50公里/小时
130370,雨天,白天,干燥,100米,100公里/小时,150米,应急车辆,无特别需求,应急车辆,普通轿车,接近中,10米,30公里/小时
130451,雨天,白天,干燥,100米,100公里/小时,200米,普通轿车,紧急（送医）,应急车辆,普通轿车,静止,0米,0公里/小时
130533,雨天,白天,干燥,100米,100公里/小时,200米,普通轿车,赶时间（通勤/赶飞机）,应急车辆,无,接近中,100米,50公里/小时
130608,雨天,白天,干燥,100米,100公里/小时,200米,普通轿车,无特别需求,普通轿车,普通轿车,接近中,10米,80公里/小时
130617,雨天,白天,干燥,100米,100公里/小时,200米,普通轿车,无特别需求,普通轿车,应急车辆,接近中,50米,30公里/小时
130623,雨天,白天,干燥,100米,100公里/小时,200米,普通轿车,无特别需求,应急车辆,无,接近中,100米,50公里/小时
130632,雨天,白天,干燥,100米,100公里/小时,200米,普通轿车,无特别需求,应急车辆,普通轿车,接近中,100米,80公里/小时
130940,雨天,白天,干燥,100米,100公里/小时,200米,卡车,无特别需求,卡车,普通轿车,接近中,10米,30公里/小时
131167,雨天,白天,干燥,100米,100公里/小时,200米,应急车辆,无特别需求,应急车辆,无,接近中,50米,30公里/小时
131257,雨天,白天,干燥,50米,35公里/小时,10米,普通轿车,紧急（送医）,应急车辆,无,接近中,50米,30公里/小时
131260,雨天,白天,干燥,50米,35公里/小时,10米,普通轿车,紧急（送医）,应急车辆,无,接近中,10米,30公里/小时
131396,雨天,白天,干燥,50米,35公里/小时,10米,普通轿车,赶时间（通勤/赶飞机）,卡车,应急车辆,接近中,50米,50公里/小时
131450,雨天,白天,干燥,50米,35公里/小时,10米,普通轿车,无特别需求,应急车辆,普通轿车,接近中,10米,30公里/小时
131589,雨天,白天,干燥,50米,35公里/小时,10米,卡车,赶时间（通勤/赶飞机）,普通轿车,无,接近中,10米,50公里/小时
131592,雨天,白天,干燥,50米,35公里/小时,10米,卡车,赶时间（通勤/赶飞机）,普通轿车,普通轿车,接近中,100米,80公里/小时
131715,雨天,白天,干燥,50米,35公里/小时,10米,卡车,无特别需求,应急车辆,普通轿车,接近中,50米,80公里/小时
131763,雨天,白天,干燥,50米,35公里/小时,10米,应急车辆,紧急（送医）,普通轿车,无,接近中,100米,50公里/小时
131781,雨天,白天,干燥,50米,35公里/小时,10米,应急车辆,紧急（送医）,普通轿车,应急车辆,静止,0米,0公里/小时
132051,雨天,白天,干燥,50米,35公里/小时,50米,普通轿车,紧急（送医）,普通轿车,应急车辆,静止,0米,0公里/小时
132577,雨天,白天,干燥,50米,35公里/小时,50米,应急车辆,紧急（送医）,普通轿车,无,接近中,50米,30公里/小时
132936,雨天,白天,干燥,50米,35公里/小时,100米,普通轿车,赶时间（通勤/赶飞机）,普通轿车,无,接近中,50米,50公里/小时
133039,雨天,白天,干燥,50米,35公里/小时,100米,普通轿车,无特别需求,普通轿车,普通轿车,接近中,10米,50公里/小时
133074,雨天,白天,干燥,50米,35公里/小时,100米,普通轿车,无特别需求,应急车辆,应急车辆,接近中,100米,30公里/小时
133145,雨天,白天,干燥,50米,35公里/小时,100米,卡车,紧急（送医）,应急车辆,无,接近中,50米,80公里/小时
133329,雨天,白天,干燥,50米,35公里/小时,100米,卡车,无特别需求,应急车辆,无,接近中,10米,50公里/小时
133334,雨天,白天,干燥,50米,35公里/小时,100米,卡车,无特别需求,应急车辆,普通轿车,接近中,100米,30公里/小时
133409,雨天,白天,干燥,50米,35公里/小时,100米,应急车辆,紧急（送医）,普通轿车,应急车辆,接近中,10米,50公里/小时
133505,雨天,白天,干燥,50米,35公里/小时,100米,应急车辆,赶时间（通勤/赶飞机）,应急车辆,无,接近中,50米,80公里/小时
133547,雨天,白天,干燥,50米,35公里/小时,100米,应急车辆,赶时间（通勤/赶飞机）,卡车,普通轿车,接近中,50米,30公里/小时
133745,雨天,白天,干燥,50米,60公里/小时,50米,普通轿车,赶时间（通勤/赶飞机）,普通轿车,无,接近中,50米,80公里/小时
133807,雨天,白天,干燥,50米,60公里/小时,50米,普通轿车,赶时间（通勤/赶飞机）,卡车,无,接近中,50米,30公里/小时
134014,雨天,白天,干燥,50米,60公里/小时,50米,卡车,赶时间（通勤/赶飞机）,普通轿车,无,接近中,100米,30公里/小时
134326,雨天,白天,干燥,50米,60公里/小时,50米,应急车辆,赶时间（通勤/赶飞机）,应急车辆,普通轿车,接近中,50米,50公里/小时
134541,雨天,白天,干燥,50米,60公里/小时,100米,普通轿车,紧急（送医）,卡车,应急车辆,静止,0米,0公里/小时
134853,雨天,白天,干燥,50米,60公里/小时,100米,卡车,赶时间（通勤/赶飞机）,应急车辆,无,接近中,100米,50公里/小时
135105,雨天,白天,干燥,50米,60公里/小时,100米,应急车辆,赶时间（通勤/赶飞机）,普通轿车,普通轿车,接近中,50米,80公里/小时
135496,雨天,白天,干燥,50米,60公里/小时,150米,普通轿车,无特别需求,应急车辆,普通轿车,接近中,50米,50公里/小时
135944,雨天,白天,干燥,50米,60公里/小时,150米,应急车辆,赶时间（通勤/赶飞机）,应急车辆,普通轿车,接近中,100米,30公里/小时
136091,雨天,白天,干燥,50米,100公里/小时,100米,普通轿车,紧急（送医）,普通轿车,普通轿车,静止,0米,0公里/小时
136606,雨天,白天,干燥,50米,100公里/小时,100米,卡车,无特别需求,卡车,普通轿车,接近中,50米,50公里/小时
136624,雨天,白天,干燥,50米,100公里/小时,100米,应急车辆,紧急（送医）,普通轿车,无,接近中,100米,30公里/小时
136670,雨天,白天,干燥,50米,100公里/小时,100米,应急车辆,紧急（送医）,应急车辆,普通轿车,接近中,10米,30公里/小时
136730,雨天,白天,干燥,50米,100公里/小时,100米,应急车辆,赶时间（通勤/赶飞机）,普通轿车,普通轿车,接近中,10米,30公里/小时
136848,雨天,白天,干燥,50米,100公里/小时,100米,应急车辆,无特别需求,应急车辆,普通轿车,接近中,10米,80公里/小时
136973,雨天,白天,干燥,50米,100公里/小时,150米,普通轿车,紧急（送医）,卡车,应急车辆,接近中,100米,50公里/小时
137152,雨天,白天,干燥,50米,100公里/小时,150米,普通轿车,无特别需求,卡车,应急车辆,接近中,100米,80公里/小时
137155,雨天,白天,干燥,50米,100公里/小时,150米,普通轿车,无特别需求,卡车,应急车辆,接近中,50米,80公里/小时
137186,雨天,白天,干燥,50米,100公里/小时,150米,卡车,紧急（送医）,普通轿车,应急车辆,接近中,50米,50公里/小时
137619,雨天,白天,干燥,50米,100公里/小时,150米,应急车辆,无特别需求,普通轿车,无,接近中,10米,50公里/小时
137723,雨天,白天,干燥,50米,100公里/小时,200米,普通轿车,紧急（送医）,普通轿车,应急车辆,接近中,100米,50公里/小时
137764,雨天,白天,干燥,50米,100公里/小时,200米,普通轿车,紧急（送医）,卡车,无,接近中,100米,30公里/小时
137964,雨天,白天,干燥,50米,100公里/小时,200米,普通轿车,无特别需求,卡车,应急车辆,接近中,100米,30公里/小时
138011,雨天,白天,干燥,50米,100公里/小时,200米,卡车,紧急（送医）,应急车辆,普通轿车,静止,0米,0公里/小时
138034,雨天,白天,干燥,50米,100公里/小时,200米,卡车,紧急（送医）,卡车,无,接近中,100米,30公里/小时
138053,雨天,白天,干燥,50米,100公里/小时,200米,卡车,紧急（送医）,卡车,应急车辆,接近中,100米,50公里/小时
138135,雨天,白天,干燥,50米,100公里/小时,200米,卡车,赶时间（通勤/赶飞机）,卡车,普通轿车,接近中,50米,80公里/小时
138222,雨天,白天,干燥,50米,100公里/小时,200米,卡车,无特别需求,卡车,普通轿车,接近中,100米,80公里/小时
138390,雨天,白天,干燥,50米,100公里/小时,200米,应急车辆,赶时间（通勤/赶飞机）,应急车辆,应急车辆,接近中,10米,30公里/小时
138418,雨天,白天,干燥,50米,100公里/小时,200米,应急车辆,赶时间（通勤/赶飞机）,卡车,应急车辆,接近中,10米,80公里/小时
138617,雨天,白天,干燥,20米,35公里/小时,10米,普通轿车,赶时间（通勤/赶飞机）,普通轿车,普通轿车,接近中,50米,30公里/小时
138662,雨天,白天,干燥,20米,35公里/小时,10米,普通轿车,赶时间（通勤/赶飞机）,卡车,无,接近中,100米,80公里/小时
138681,雨天,白天,干燥,20米,35公里/小时,10米,普通轿车,赶时间（通勤/赶飞机）,卡车,应急车辆,静止,0米,0公里/小时
138788,雨天,白天,干燥,20米,35公里/小时,10米,卡车,紧急（送医）,普通轿车,无,接近中,10米,80公里/小时
138937,雨天,白天,干燥,20米,35公里/小时,10米,卡车,赶时间（通勤/赶飞机）,卡车,无,接近中,50米,30公里/小时
138957,雨天,白天,干燥,20米,35公里/小时,10米,卡车,赶时间（通勤/赶飞机）,卡车,应急车辆,接近中,50米,30公里/小时
139027,雨天,白天,干燥,20米,35公里/小时,10米,卡车,无特别需求,卡车,无,接近中,50米,30公里/小时
139177,雨天,白天,干燥,20米,35公里/小时,10米,应急车辆,赶时间（通勤/赶飞机）,应急车辆,无,接近中,50米,30公里/小时
139254,雨天,白天,干燥,20米,35公里/小时,10米,应急车辆,无特别需求,普通轿车,应急车辆,接近中,100米,30公里/小时
139307,雨天,白天,干燥,20米,35公里/小时,10米,应急车辆,无特别需求,卡车,普通轿车,接近中,50米,30公里/小时
139315,雨天,白天,干燥,20米,35公里/小时,10米,应急车辆,无特别需求,卡车,应急车辆,接近中,50米,80公里/小时
139354,雨天,白天,干燥,20米,35公里/小时,50米,普通轿车,紧急（送医）,应急车辆,无,接近中,100米,30公里/小时
139390,雨天,白天,干燥,20米,35公里/小时,50米,普通轿车,紧急（送医）,卡车,无,接近中,10米,30公里/小时
139585,雨天,白天,干燥,20米,35公里/小时,50米,普通轿车,无特别需求,卡车,应急车辆,接近中,50米,80公里/小时
139637,雨天,白天,干燥,20米,35公里/小时,50米,卡车,紧急（送医）,应急车辆,普通轿车,接近中,50米,30公里/小时
139665,雨天,白天,干燥,20米,35公里/小时,50米,卡车,紧急（送医）,卡车,普通轿车,接近中,50米,80公里/小时
140056,雨天,白天,干燥,20米,35公里/小时,50米,应急车辆,无特别需求,普通轿车,普通轿车,接近中,50米,50公里/小时
140069,雨天,白天,干燥,20米,35公里/小时,50米,应急车辆,无特别需求,普通轿车,应急车辆,接近中,10米,50公里/小时
140484,雨天,白天,干燥,20米,35公里/小时,100米,卡车,紧急（送医）,卡车,应急车辆,接近中,100米,30公里/小时
140659,雨天,白天,干燥,20米,35公里/小时,100米,卡车,无特别需求,卡车,普通轿车,接近中,10米,50公里/小时
140696,雨天,白天,干燥,20米,35公里/小时,100米,应急车辆,紧急（送医）,普通轿车,应急车辆,接近中,50米,50公里/小时
140739,雨天,白天,干燥,20米,35公里/小时,100米,应急车辆,紧急（送医）,卡车,无,接近中,10米,50公里/小时
140757,雨天,白天,干燥,20米,35公里/小时,100米,应急车辆,紧急（送医）,卡车,应急车辆,接近中,50米,30公里/小时
140759,雨天,白天,干燥,20米,35公里/小时,100米,应急车辆,紧急（送医）,卡车,应急车辆,接近中,10米,50公里/小时
140812,雨天,白天,干燥,20米,35公里/小时,100米,应急车辆,赶时间（通勤/赶飞机）,应急车辆,应急车辆,接近中,100米,80公里/小时
140931,雨天,白天,干燥,20米,35公里/小时,100米,应急车辆,无特别需求,卡车,应急车辆,静止,0米,0公里/小时
141018,雨天,白天,干燥,20米,60公里/小时,50米,普通轿车,紧急（送医）,卡车,普通轿车,接近中,10米,80公里/小时
141151,雨天,白天,干燥,20米,60公里/小时,50米,普通轿车,无特别需求,应急车辆,无,静止,0米,0公里/小时
141506,雨天,白天,干燥,20米,60公里/小时,50米,应急车辆,紧急（送医）,普通轿车,应急车辆,接近中,50米,50公里/小时
141552,雨天,白天,干燥,20米,60公里/小时,50米,应急车辆,紧急（送医）,卡车,普通轿车,接近中,100米,80公里/小时
141576,雨天,白天,干燥,20米,60公里/小时,50米,应急车辆,赶时间（通勤/赶飞机）,普通轿车,无,接近中,50米,50公里/小时
141940,雨天,白天,干燥,20米,60公里/小时,100米,普通轿车,无特别需求,普通轿车,无,接近中,10米,30公里/小时
141943,雨天,白天,干燥,20米,60公里/小时,100米,普通轿车,无特别需求,普通轿车,普通轿车,接近中,100米,50公里/小时
141970,雨天,白天,干燥,20米,60公里/小时,100米,普通轿车,无特别需求,应急车辆,无,接近中,10米,30公里/小时
142089,雨天,白天,干燥,20米,60公里/小时,100米,卡车,紧急（送医）,卡车,无,接近中,10米,50公里/小时
142135,雨天,白天,干燥,20米,60公里/小时,100米,卡车,赶时间（通勤/赶飞机）,普通轿车,应急车辆,接近中,50米,80公里/小时
142538,雨天,白天,干燥,20米,60公里/小时,100米,应急车辆,无特别需求,卡车,无,接近中,10米,80公里/小时
142975,雨天,白天,干燥,20米,60公里/小时,150米,卡车,赶时间（通勤/赶飞机）,应急车辆,应急车辆,接近中,50米,80公里/小时
143113,雨天,白天,干燥,20米,60公里/小时,150米,应急车辆,紧急（送医）,普通轿车,普通轿车,接近中,100米,50公里/小时
143179,雨天,白天,干燥,20米,60公里/小时,150米,应急车辆,紧急（送医）,卡车,普通轿车,接近中,10米,50公里/小时
143445,雨天,白天,干燥,20米,100公里/小时,100米,普通轿车,紧急（送医）,卡车,普通轿车,接近中,50米,80公里/小时
143551,雨天,白天,干燥,20米,100公里/小时,100米,普通轿车,无特别需求,普通轿车,无,静止,0米,0公里/小时
143559,雨天,白天,干燥,20米,100公里/小时,100米,普通轿车,无特别需求,普通轿车,无,接近中,10米,50公里/小时
143667,雨天,白天,干燥,20米,100公里/小时,100米,卡车,紧急（送医）,普通轿车,应急车辆,接近中,50米,30公里/小时
143754,雨天,白天,干燥,20米,100公里/小时,100米,卡车,赶时间（通勤/赶飞机）,普通轿车,应急车辆,接近中,100米,30公里/小时
144146,雨天,白天,干燥,20米,100公里/小时,100米,应急车辆,无特别需求,应急车辆,应急车辆,接近中,50米,50公里/小时
144363,雨天,白天,干燥,20米,100公里/小时,150米,普通轿车,无特别需求,普通轿车,无,接近中,100米,50公里/小时
144808,雨天,白天,干燥,20米,100公里/小时,150米,应急车辆,紧急（送医）,卡车,应急车辆,接近中,10米,80公里/小时
144898,雨天,白天,干燥,20米,100公里/小时,150米,应急车辆,赶时间（通勤/赶飞机）,卡车,应急车辆,接近中,10米,80公里/小时
145224,雨天,白天,干燥,20米,100公里/小时,200米,普通轿车,无特别需求,应急车辆,应急车辆,接近中,100米,30公里/小时
145326,雨天,白天,干燥,20米,100公里/小时,200米,卡车,紧急（送医）,卡车,无,接近中,50米,50公里/小时
145346,雨天,白天,干燥,20米,100公里/小时,200米,卡车,紧急（送医）,卡车,应急车辆,接近中,50米,50公里/小时
145354,雨天,白天,干燥,20米,100公里/小时,200米,卡车,赶时间（通勤/赶飞机）,普通轿车,无,接近中,100米,30公里/小时
146467,雨天,白天,湿滑,畅通,35公里/小时,10米,应急车辆,赶时间（通勤/赶飞机）,应急车辆,无,接近中,50米,30公里/小时
146600,雨天,白天,湿滑,畅通,35公里/小时,10米,应急车辆,无特别需求,卡车,普通轿车,接近中,10米,30公里/小时
146882,雨天,白天,湿滑,畅通,35公里/小时,50米,卡车,紧急（送医）,普通轿车,无,接近中,100米,80公里/小时
146967,雨天,白天,湿滑,畅通,35公里/小时,50米,卡车,紧急（送医）,卡车,应急车辆,接近中,50米,30公里/小时
147063,雨天,白天,湿滑,畅通,35公里/小时,50米,卡车,无特别需求,普通轿车,无,接近中,100米,50公里/小时
147241,雨天,白天,湿滑,畅通,35公里/小时,50米,应急车辆,赶时间（通勤/赶飞机）,普通轿车,无,静止,0米,0公里/小时
147315,雨天,白天,湿滑,畅通,35公里/小时,50米,应急车辆,赶时间（通勤/赶飞机）,卡车,普通轿车,接近中,50米,80公里/小时
147828,雨天,白天,湿滑,畅通,35公里/小时,100米,卡车,赶时间（通勤/赶飞机）,应急车辆,普通轿车,接近中,10米,80公里/小时
147859,雨天,白天,湿滑,畅通,35公里/小时,100米,卡车,赶时间（通勤/赶飞机）,卡车,普通轿车,接近中,10米,50公里/小时
147996,雨天,白天,湿滑,畅通,35公里/小时,100米,应急车辆,紧急（送医）,应急车辆,无,接近中,50米,50公里/小时
148243,雨天,白天,湿滑,畅通,60公里/小时,50米,普通轿车,紧急（送医）,普通轿车,普通轿车,接近中,100米,50公里/小时
148366,雨天,白天,湿滑,畅通,60公里/小时,50米,普通轿车,赶时间（通勤/赶飞机）,应急车辆,普通轿车,接近中,50米,50公里/小时
148403,雨天,白天,湿滑,畅通,60公里/小时,50米,普通轿车,赶时间（通勤/赶飞机）,卡车,应急车辆,接近中,100米,50公里/小时
148492,雨天,白天,湿滑,畅通,60公里/小时,50米,普通轿车,无特别需求,卡车,应急车辆,接近中,100米,80公里/小时
148719,雨天,白天,湿滑,畅通,60公里/小时,50米,卡车,无特别需求,应急车辆,无,接近中,10米,50公里/小时
148808,雨天,白天,湿滑,畅通,60公里/小时,50米,应急车辆,紧急（送医）,应急车辆,无,接近中,10米,80公里/小时
148860,雨天,白天,湿滑,畅通,60公里/小时,50米,应急车辆,紧急（送医）,卡车,应急车辆,接近中,10米,30公里/小时
149184,雨天,白天,湿滑,畅通,60公里/小时,100米,普通轿车,赶时间（通勤/赶飞机）,应急车辆,应急车辆,接近中,100米,30公里/小时
149196,雨天,白天,湿滑,畅通,60公里/小时,100米,普通轿车,赶时间（通勤/赶飞机）,卡车,无,接近中,50米,50公里/小时
149335,雨天,白天,湿滑,畅通,60公里/小时,100米,卡车,紧急（送医）,普通轿车,应急车辆,接近中,50米,80公里/小时
149537,雨天,白天,湿滑,畅通,60公里/小时,100米,卡车,无特别需求,应急车辆,普通轿车,接近中,50米,30公里/小时
149556,雨天,白天,湿滑,畅通,60公里/小时,100米,卡车,无特别需求,卡车,无,接近中,50米,50公里/小时
149685,雨天,白天,湿滑,畅通,60公里/小时,100米,应急车辆,赶时间（通勤/赶飞机）,普通轿车,普通轿车,接近中,50米,80公里/小时
149832,雨天,白天,湿滑,畅通,60公里/小时,100米,应急车辆,无特别需求,卡车,普通轿车,接近中,100米,80公里/小时
149974,雨天,白天,湿滑,畅通,60公里/小时,150米,普通轿车,赶时间（通勤/赶飞机）,应急车辆,无,接近中,100米,30公里/小时
150097,雨天,白天,湿滑,畅通,60公里/小时,150米,普通轿车,无特别需求,卡车,无,接近中,50米,30公里/小时
150447,雨天,白天,湿滑,畅通,60公里/小时,150米,应急车辆,紧急（送医）,应急车辆,应急车辆,接近中,50米,30公里/小时
150479,雨天,白天,湿滑,畅通,60公里/小时,150米,应急车辆,紧急（送医）,卡车,应急车辆,接近中,10米,50公里/小时
150487,雨天,白天,湿滑,畅通,60公里/小时,150米,应急车辆,赶时间（通勤/赶飞机）,普通轿车,无,接近中,50米,30公里/小时
150706,雨天,白天,湿滑,畅通,100公里/小时,100米,普通轿车,紧急（送医）,应急车辆,普通轿车,接近中,50米,50公里/小时
150731,雨天,白天,湿滑,畅通,100公里/小时,100米,普通轿车,紧急（送医）,卡车,普通轿车,静止,0米,0公里/小时
151112,雨天,白天,湿滑,畅通,100公里/小时,100米,卡车,无特别需求,普通轿车,无,接近中,100米,80公里/小时
151222,雨天,白天,湿滑,畅通,100公里/小时,100米,应急车辆,紧急（送医）,普通轿车,应急车辆,接近中,100米,80公里/小时
151464,雨天,白天,湿滑,畅通,100公里/小时,100米,应急车辆,无特别需求,卡车,应急车辆,接近中,100米,30公里/小时
151488,雨天,白天,湿滑,畅通,100公里/小时,150米,普通轿车,紧急（送医）,普通轿车,普通轿车,接近中,10米,80公里/小时
151655,雨天,白天,湿滑,畅通,100公里/小时,150米,普通轿车,无特别需求,普通轿车,无,接近中,50米,80公里/小时
151812,雨天,白天,湿滑,畅通,100公里/小时,150米,卡车,紧急（送医）,卡车,普通轿车,接近中,100米,80公里/小时
151962,雨天,白天,湿滑,畅通,100公里/小时,150米,卡车,无特别需求,应急车辆,普通轿车,接近中,100米,80公里/小时
152026,雨天,白天,湿滑,畅通,100公里/小时,150米,应急车辆,紧急（送医）,普通轿车,普通轿车,接近中,50米,50公里/小时
152968,雨天,白天,湿滑,畅通,100公里/小时,200米,应急车辆,赶时间（通勤/赶飞机）,应急车辆,应急车辆,接近中,10米,80公里/小时
153736,雨天,白天,湿滑,100米,35公里/小时,10米,应急车辆,赶时间（通勤/赶飞机）,普通轿车,普通轿车,接近中,50米,50公里/小时
153740,雨天,白天,湿滑,100米,35公里/小时,10米,应急车辆,赶时间（通勤/赶飞机）,普通轿车,普通轿车,接近中,10米,30公里/小时
153760,雨天,白天,湿滑,100米,35公里/小时,10米,应急车辆,赶时间（通勤/赶飞机）,应急车辆,无,接近中,10米,30公里/小时
153843,雨天,白天,湿滑,100米,35公里/小时,10米,应急车辆,无特别需求,应急车辆,无,接近中,100米,50公里/小时
154074,雨天,白天,湿滑,100米,35公里/小时,50米,普通轿车,赶时间（通勤/赶飞机）,卡车,应急车辆,接近中,100米,30公里/小时
154310,雨天,白天,湿滑,100米,35公里/小时,50米,卡车,赶时间（通勤/赶飞机）,应急车辆,普通轿车,接近中,10米,30公里/小时
154318,雨天,白天,湿滑,100米,35公里/小时,50米,卡车,赶时间（通勤/赶飞机）,应急车辆,应急车辆,接近中,10米,80公里/小时
154414,雨天,白天,湿滑,100米,35公里/小时,50米,卡车,无特别需求,卡车,无,接近中,100米,30公里/小时
154834,雨天,白天,湿滑,100米,35公里/小时,100米,普通轿车,赶时间（通勤/赶飞机）,应急车辆,无,接近中,100米,30公里/小时
155084,雨天,白天,湿滑,100米,35公里/小时,100米,卡车,赶时间（通勤/赶飞机）,普通轿车,普通轿车,接近中,100米,30公里/小时
155142,雨天,白天,湿滑,100米,35公里/小时,100米,卡车,赶时间（通勤/赶飞机）,卡车,普通轿车,接近中,100米,80公里/小时
155459,雨天,白天,湿滑,100米,35公里/小时,100米,应急车辆,无特别需求,普通轿车,应急车辆,接近中,10米,50公里/小时
155470,雨天,白天,湿滑,100米,35公里/小时,100米,应急车辆,无特别需求,应急车辆,无,接近中,10米,30公里/小时
155689,雨天,白天,湿滑,100米,60公里/小时,50米,普通轿车,赶时间（通勤/赶飞机）,卡车,普通轿车,接近中,10米,50公里/小时
155732,雨天,白天,湿滑,100米,60公里/小时,50米,普通轿车,无特别需求,应急车辆,无,接近中,100米,80公里/小时
155742,雨天,白天,湿滑,100米,60公里/小时,50米,普通轿车,无特别需求,应急车辆,普通轿车,接近中,100米,80公里/小时
155774,雨天,白天,湿滑,100米,60公里/小时,50米,普通轿车,无特别需求,卡车,普通轿车,接近中,100米,30公里/小时
155811,雨天,白天,湿滑,100米,60公里/小时,50米,卡车,紧急（送医）,普通轿车,应急车辆,静止,0米,0公里/小时
155976,雨天,白天,湿滑,100米,60公里/小时,50米,卡车,无特别需求,普通轿车,无,接近中,50米,50公里/小时
156059,雨天,白天,湿滑,100米,60公里/小时,50米,卡车,无特别需求,卡车,应急车辆,接近中,10米,50公里/小时
156358,雨天,白天,湿滑,100米,60公里/小时,100米,普通轿车,紧急（送医）,普通轿车,应急车辆,接近中,10米,80公里/小时
156740,雨天,白天,湿滑,100米,60公里/小时,100米,卡车,赶时间（通勤/赶飞机）,应急车辆,普通轿车,接近中,10米,30公里/小时
156862,雨天,白天,湿滑,100米,60公里/小时,100米,卡车,无特别需求,卡车,应急车辆,接近中,100米,80公里/小时
157016,雨天,白天,湿滑,100米,60公里/小时,100米,应急车辆,赶时间（通勤/赶飞机）,应急车辆,应急车辆,接近中,50米,50公里/小时
157211,雨天,白天,湿滑,100米,60公里/小时,150米,普通轿车,紧急（送医）,卡车,普通轿车,静止,0米,0公里/小时
157702,雨天,白天,湿滑,100米,60公里/小时,150米,应急车辆,紧急（送医）,普通轿车,应急车辆,接近中,100米,80公里/小时
157902,雨天,白天,湿滑,100米,60公里/小时,150米,应急车辆,无特别需求,应急车辆,普通轿车,接近中,100米,80公里/小时
157931,雨天,白天,湿滑,100米,60公里/小时,150米,应急车辆,无特别需求,卡车,普通轿车,静止,0米,0公里/小时
158023,雨天,白天,湿滑,100米,100公里/小时,100米,普通轿车,紧急（送医）,卡车,普通轿车,接近中,100米,50公里/小时
158093,雨天,白天,湿滑,100米,100公里/小时,100米,普通轿车,赶时间（通勤/赶飞机）,应急车辆,应急车辆,接近中,100米,50公里/小时
158445,雨天,白天,湿滑,100米,100公里/小时,100米,卡车,无特别需求,应急车辆,普通轿车,接近中,50米,80公里/小时
158494,雨天,白天,湿滑,100米,100公里/小时,100米,应急车辆,紧急（送医）,普通轿车,无,接近中,100米,30公里/小时
158585,雨天,白天,湿滑,100米,100公里/小时,100米,应急车辆,赶时间（通勤/赶飞机）,普通轿车,无,接近中,50米,80公里/小时
159138,雨天,白天,湿滑,100米,100公里/小时,150米,卡车,赶时间（通勤/赶飞机）,普通轿车,普通轿车,接近中,10米,80公里/小时
159151,雨天,白天,湿滑,100米,100公里/小时,150米,卡车,赶时间（通勤/赶飞机）,应急车辆,无,静止,0米,0公里/小时
159158,雨天,白天,湿滑,100米,100公里/小时,150米,卡车,赶时间（通勤/赶飞机）,应急车辆,无,接近中,10米,80公里/小时
159670,雨天,白天,湿滑,100米,100公里/小时,200米,普通轿车,赶时间（通勤/赶飞机）,普通轿车,无,接近中,10米,30公里/小时
159689,雨天,白天,湿滑,100米,100公里/小时,200米,普通轿车,赶时间（通勤/赶飞机）,普通轿车,应急车辆,接近中,10米,50公里/小时
159768,雨天,白天,湿滑,100米,100公里/小时,200米,普通轿车,无特别需求,普通轿车,普通轿车,接近中,10米,80公里/小时
159854,雨天,白天,湿滑,100米,100公里/小时,200米,卡车,紧急（送医）,普通轿车,普通轿车,接近中,100米,30公里/小时
160547,雨天,白天,湿滑,50米,35公里/小时,10米,普通轿车,赶时间（通勤/赶飞机）,卡车,普通轿车,接近中,50米,30公里/小时
160797,雨天,白天,湿滑,50米,35公里/小时,10米,卡车,赶时间（通勤/赶飞机）,应急车辆,应急车辆,接近中,50米,30公里/小时
161503,雨天,白天,湿滑,50米,35公里/小时,50米,卡车,紧急（送医）,应急车辆,普通轿车,接近中,100米,50公里/小时
161715,雨天,白天,湿滑,50米,35公里/小时,50米,卡车,无特别需求,卡车,普通轿车,接近中,50米,80公里/小时
162313,雨天,白天,湿滑,50米,35公里/小时,100米,卡车,紧急（送医）,应急车辆,普通轿车,接近中,100米,50公里/小时
162470,雨天,白天,湿滑,50米,35公里/小时,100米,卡车,无特别需求,普通轿车,普通轿车,接近中,10米,30公里/小时
162511,雨天,白天,湿滑,50米,35公里/小时,100米,卡车,无特别需求,卡车,无,静止,0米,0公里/小时
162562,雨天,白天,湿滑,50米,35公里/小时,100米,应急车辆,紧急（送医）,普通轿车,应急车辆,接近中,100米,80公里/小时
162566,雨天,白天,湿滑,50米,35公里/小时,100米,应急车辆,紧急（送医）,普通轿车,应急车辆,接近中,50米,50公里/小时
162704,雨天,白天,湿滑,50米,35公里/小时,100米,应急车辆,赶时间（通勤/赶飞机）,卡车,普通轿车,接近中,100米,30公里/小时
162732,雨天,白天,湿滑,50米,35公里/小时,100米,应急车辆,无特别需求,普通轿车,普通轿车,接近中,100米,80公里/小时
162759,雨天,白天,湿滑,50米,35公里/小时,100米,应急车辆,无特别需求,应急车辆,无,接近中,10米,50公里/小时
162856,雨天,白天,湿滑,50米,60公里/小时,50米,普通轿车,紧急（送医）,应急车辆,普通轿车,接近中,50米,50公里/小时
162907,雨天,白天,湿滑,50米,60公里/小时,50米,普通轿车,赶时间（通勤/赶飞机）,普通轿车,无,接近中,50米,30公里/小时
163160,雨天,白天,湿滑,50米,60公里/小时,50米,卡车,紧急（送医）,卡车,普通轿车,接近中,10米,30公里/小时
163242,雨天,白天,湿滑,50米,60公里/小时,50米,卡车,赶时间（通勤/赶飞机）,卡车,普通轿车,接近中,100米,80公里/小时
163415,雨天,白天,湿滑,50米,60公里/小时,50米,应急车辆,紧急（送医）,卡车,无,接近中,50米,80公里/小时
163448,雨天,白天,湿滑,50米,60公里/小时,50米,应急车辆,赶时间（通勤/赶飞机）,普通轿车,无,接近中,10米,80公里/小时
163455,雨天,白天,湿滑,50米,60公里/小时,50米,应急车辆,赶时间（通勤/赶飞机）,普通轿车,普通轿车,接近中,50米,80公里/小时
163723,雨天,白天,湿滑,50米,60公里/小时,100米,普通轿车,赶时间（通勤/赶飞机）,普通轿车,普通轿车,接近中,100米,50公里/小时
163842,雨天,白天,湿滑,50米,60公里/小时,100米,普通轿车,无特别需求,应急车辆,普通轿车,接近中,100米,80公里/小时
163869,雨天,白天,湿滑,50米,60公里/小时,100米,普通轿车,无特别需求,卡车,无,接近中,10米,50公里/小时
164163,雨天,白天,湿滑,50米,60公里/小时,100米,应急车辆,紧急（送医）,普通轿车,无,接近中,100米,50公里/小时
164182,雨天,白天,湿滑,50米,60公里/小时,100米,应急车辆,紧急（送医）,普通轿车,应急车辆,接近中,100米,80公里/小时
164344,雨天,白天,湿滑,50米,60公里/小时,100米,应急车辆,无特别需求,普通轿车,无,接近中,100米,30公里/小时
164449,雨天,白天,湿滑,50米,60公里/小时,150米,普通轿车,紧急（送医）,普通轿车,普通轿车,接近中,10米,50公里/小时
164470,雨天,白天,湿滑,50米,60公里/小时,150米,普通轿车,紧急（送医）,应急车辆,无,接近中,10米,30公里/小时
164820,雨天,白天,湿滑,50米,60公里/小时,150米,卡车,赶时间（通勤/赶飞机）,普通轿车,应急车辆,接近中,10米,30公里/小时
165410,雨天,白天,湿滑,50米,100公里/小时,100米,普通轿车,赶时间（通勤/赶飞机）,卡车,普通轿车,接近中,10米,30公里/小时
165496,雨天,白天,湿滑,50米,100公里/小时,100米,普通轿车,无特别需求,卡车,普通轿车,接近中,50米,50公里/小时
165500,雨天,白天,湿滑,50米,100公里/小时,100米,普通轿车,无特别需求,卡车,普通轿车,接近中,10米,30公里/小时
165511,雨天,白天,湿滑,50米,100公里/小时,100米,卡车,紧急（送医）,普通轿车,无,静止,0米,0公里/小时
165853,雨天,白天,湿滑,50米,100公里/小时,100米,应急车辆,紧急（送医）,卡车,普通轿车,接近中,100米,50公里/小时
165955,雨天,白天,湿滑,50米,100公里/小时,100米,应急车辆,赶时间（通勤/赶飞机）,卡车,应急车辆,接近中,50米,80公里/小时
165990,雨天,白天,湿滑,50米,100公里/小时,100米,应急车辆,无特别需求,普通轿车,应急车辆,接近中,10米,30公里/小时
166279,雨天,白天,湿滑,50米,100公里/小时,150米,普通轿车,无特别需求,应急车辆,普通轿车,接近中,10米,50公里/小时
166634,雨天,白天,湿滑,50米,100公里/小时,150米,应急车辆,紧急（送医）,应急车辆,普通轿车,接近中,100米,30公里/小时
166705,雨天,白天,湿滑,50米,100公里/小时,150米,应急车辆,赶时间（通勤/赶飞机）,普通轿车,应急车辆,接近中,50米,80公里/小时
167025,雨天,白天,湿滑,50米,100公里/小时,200米,普通轿车,赶时间（通勤/赶飞机）,卡车,普通轿车,接近中,50米,80公里/小时
167380,雨天,白天,湿滑,50米,100公里/小时,200米,卡车,无特别需求,卡车,无,接近中,10米,30公里/小时
167412,雨天,白天,湿滑,50米,100公里/小时,200米,应急车辆,紧急（送医）,普通轿车,普通轿车,接近中,100米,80公里/小时
167536,雨天,白天,湿滑,50米,100公里/小时,200米,应急车辆,赶时间（通勤/赶飞机）,应急车辆,普通轿车,接近中,50米,50公里/小时
167546,雨天,白天,湿滑,50米,100公里/小时,200米,应急车辆,赶时间（通勤/赶飞机）,应急车辆,应急车辆,接近中,50米,50公里/小时
167828,雨天,白天,湿滑,20米,35公里/小时,10米,普通轿车,赶时间（通勤/赶飞机）,卡车,无,接近中,10米,80公里/小时
168019,雨天,白天,湿滑,20米,35公里/小时,10米,卡车,紧急（送医）,卡车,普通轿车,接近中,10米,50公里/小时
168100,雨天,白天,湿滑,20米,35公里/小时,10米,卡车,赶时间（通勤/赶飞机）,卡车,无,接近中,10米,30公里/小时
168417,雨天,白天,湿滑,20米,35公里/小时,10米,应急车辆,无特别需求,普通轿车,应急车辆,接近中,50米,30公里/小时
168525,雨天,白天,湿滑,20米,35公里/小时,50米,普通轿车,紧急（送医）,应急车辆,普通轿车,接近中,50米,80公里/小时
168612,雨天,白天,湿滑,20米,35公里/小时,50米,普通轿车,赶时间（通勤/赶飞机）,应急车辆,普通轿车,接近中,100米,80公里/小时
168828,雨天,白天,湿滑,20米,35公里/小时,50米,卡车,紧急（送医）,卡车,普通轿车,接近中,10米,80公里/小时
169033,雨天,白天,湿滑,20米,35公里/小时,50米,应急车辆,紧急（送医）,普通轿车,普通轿车,接近中,100米,50公里/小时
169080,雨天,白天,湿滑,20米,35公里/小时,50米,应急车辆,紧急（送医）,应急车辆,应急车辆,接近中,10米,30公里/小时
169309,雨天,白天,湿滑,20米,35公里/小时,100米,普通轿车,紧急（送医）,普通轿车,普通轿车,接近中,10米,50公里/小时
169352,雨天,白天,湿滑,20米,35公里/小时,100米,普通轿车,紧急（送医）,卡车,无,接近中,100米,80公里/小时
169368,雨天,白天,湿滑,20米,35公里/小时,100米,普通轿车,紧急（送医）,卡车,普通轿车,接近中,10米,80公里/小时
169608,雨天,白天,湿滑,20米,35公里/小时,100米,卡车,紧急（送医）,应急车辆,普通轿车,接近中,10米,80公里/小时
169972,雨天,白天,湿滑,20米,35公里/小时,100米,应急车辆,赶时间（通勤/赶飞机）,应急车辆,应急车辆,接近中,100米,80公里/小时
170268,雨天,白天,湿滑,20米,60公里/小时,50米,普通轿车,赶时间（通勤/赶飞机）,卡车,普通轿车,接近中,10米,80公里/小时
170426,雨天,白天,湿滑,20米,60公里/小时,50米,卡车,紧急（送医）,应急车辆,应急车辆,接近中,50米,50公里/小时
170642,雨天,白天,湿滑,20米,60公里/小时,50米,应急车辆,紧急（送医）,普通轿车,无,接近中,100米,80公里/小时
170699,雨天,白天,湿滑,20米,60公里/小时,50米,应急车辆,紧急（送医）,应急车辆,应急车辆,接近中,10米,50公里/小时
170742,雨天,白天,湿滑,20米,60公里/小时,50米,应急车辆,赶时间（通勤/赶飞机）,普通轿车,普通轿车,接近中,100米,80公里/小时
171538,雨天,白天,湿滑,20米,60公里/小时,100米,应急车辆,紧急（送医）,卡车,应急车辆,接近中,10米,80公里/小时
171732,雨天,白天,湿滑,20米,60公里/小时,150米,普通轿车,紧急（送医）,普通轿车,普通轿车,接近中,100米,80公里/小时
171789,雨天,白天,湿滑,20米,60公里/小时,150米,普通轿车,紧急（送医）,卡车,无,接近中,10米,50公里/小时
171913,雨天,白天,湿滑,20米,60公里/小时,150米,普通轿车,无特别需求,普通轿车,普通轿车,接近中,100米,50公里/小时
171914,雨天,白天,湿滑,20米,60公里/小时,150米,普通轿车,无特别需求,普通轿车,普通轿车,接近中,100米,30公里/小时
172356,雨天,白天,湿滑,20米,60公里/小时,150米,应急车辆,赶时间（通勤/赶飞机）,普通轿车,无,接近中,50米,50公里/小时
172369,雨天,白天,湿滑,20米,60公里/小时,150米,应急车辆,赶时间（通勤/赶飞机）,普通轿车,普通轿车,接近中,10米,50公里/小时
172449,雨天,白天,湿滑,20米,60公里/小时,150米,应急车辆,无特别需求,普通轿车,无,接近中,10米,50公里/小时
172514,雨天,白天,湿滑,20米,60公里/小时,150米,应急车辆,无特别需求,卡车,普通轿车,接近中,100米,30公里/小时
172755,雨天,白天,湿滑,20米,100公里/小时,100米,普通轿车,无特别需求,应急车辆,普通轿车,接近中,50米,80公里/小时
172839,雨天,白天,湿滑,20米,100公里/小时,100米,卡车,紧急（送医）,应急车辆,无,接近中,10米,50公里/小时
172845,雨天,白天,湿滑,20米,100公里/小时,100米,卡车,紧急（送医）,应急车辆,普通轿车,接近中,50米,80公里/小时
173192,雨天,白天,湿滑,20米,100公里/小时,100米,应急车辆,赶时间（通勤/赶飞机）,应急车辆,无,接近中,100米,80公里/小时
173483,雨天,白天,湿滑,20米,100公里/小时,150米,普通轿车,赶时间（通勤/赶飞机）,应急车辆,应急车辆,接近中,100米,50公里/小时
173813,雨天,白天,湿滑,20米,100公里/小时,150米,卡车,无特别需求,普通轿车,应急车辆,接近中,100米,50公里/小时
173852,雨天,白天,湿滑,20米,100公里/小时,150米,卡车,无特别需求,卡车,无,接近中,100米,80公里/小时
173883,雨天,白天,湿滑,20米,100公里/小时,150米,应急车辆,紧急（送医）,普通轿车,无,接近中,100米,50公里/小时
174081,雨天,白天,湿滑,20米,100公里/小时,150米,应急车辆,无特别需求,普通轿车,应急车辆,静止,0米,0公里/小时
174438,雨天,白天,湿滑,20米,100公里/小时,200米,卡车,紧急（送医）,普通轿车,普通轿车,接近中,10米,80公里/小时
175453,雨天,夜晚,干燥,畅通,35公里/小时,10米,卡车,无特别需求,应急车辆,普通轿车,接近中,100米,50公里/小时
175524,雨天,夜晚,干燥,畅通,35公里/小时,10米,应急车辆,紧急（送医）,普通轿车,应急车辆,接近中,100米,30公里/小时
175660,雨天,夜晚,干燥,畅通,35公里/小时,10米,应急车辆,赶时间（通勤/赶飞机）,卡车,无,接近中,10米,30公里/小时
176157,雨天,夜晚,干燥,畅通,35公里/小时,50米,卡车,赶时间（通勤/赶飞机）,普通轿车,应急车辆,接近中,50米,30公里/小时
176209,雨天,夜晚,干燥,畅通,35公里/小时,50米,卡车,赶时间（通勤/赶飞机）,卡车,普通轿车,接近中,10米,50公里/小时
176238,雨天,夜晚,干燥,畅通,35公里/小时,50米,卡车,无特别需求,普通轿车,普通轿车,接近中,10米,80公里/小时
176303,雨天,夜晚,干燥,畅通,35公里/小时,50米,卡车,无特别需求,卡车,应急车辆,接近中,100米,50公里/小时
176499,雨天,夜晚,干燥,畅通,35公里/小时,50米,应急车辆,无特别需求,普通轿车,无,接近中,10米,50公里/小时
176714,雨天,夜晚,干燥,畅通,35公里/小时,100米,普通轿车,赶时间（通勤/赶飞机）,应急车辆,普通轿车,接近中,100米,30公里/小时
176897,雨天,夜晚,干燥,畅通,35公里/小时,100米,卡车,紧急（送医）,应急车辆,普通轿车,接近中,50米,30公里/小时
176939,雨天,夜晚,干燥,畅通,35公里/小时,100米,卡车,紧急（送医）,卡车,应急车辆,接近中,10米,50公里/小时
176959,雨天,夜晚,干燥,畅通,35公里/小时,100米,卡车,赶时间（通勤/赶飞机）,普通轿车,普通轿车,接近中,10米,50公里/小时
177016,雨天,夜晚,干燥,畅通,35公里/小时,100米,卡车,赶时间（通勤/赶飞机）,卡车,普通轿车,接近中,50米,50公里/小时
177335,雨天,夜晚,干燥,畅通,35公里/小时,100米,应急车辆,无特别需求,应急车辆,无,接近中,50米,80公里/小时
177575,雨天,夜晚,干燥,畅通,60公里/小时,50米,普通轿车,无特别需求,普通轿车,无,接近中,50米,80公里/小时
177820,雨天,夜晚,干燥,畅通,60公里/小时,50米,卡车,赶时间（通勤/赶飞机）,卡车,无,接近中,10米,30公里/小时
177920,雨天,夜晚,干燥,畅通,60公里/小时,50米,卡车,无特别需求,卡车,普通轿车,接近中,10米,30公里/小时
178034,雨天,夜晚,干燥,畅通,60公里/小时,50米,应急车辆,赶时间（通勤/赶飞机）,普通轿车,普通轿车,接近中,100米,30公里/小时
178089,雨天,夜晚,干燥,畅通,60公里/小时,50米,应急车辆,赶时间（通勤/赶飞机）,卡车,无,接近中,10米,50公里/小时
178445,雨天,夜晚,干燥,畅通,60公里/小时,100米,普通轿车,无特别需求,卡车,无,接近中,50米,80公里/小时
178456,雨天,夜晚,干燥,畅通,60公里/小时,100米,普通轿车,无特别需求,卡车,普通轿车,接近中,50米,50公里/小时
178471,雨天,夜晚,干燥,畅通,60公里/小时,100米,卡车,紧急（送医）,普通轿车,无,静止,0米,0公里/小时
178489,雨天,夜晚,干燥,畅通,60公里/小时,100米,卡车,紧急（送医）,普通轿车,普通轿车,接近中,10米,50公里/小时
178627,雨天,夜晚,干燥,畅通,60公里/小时,100米,卡车,赶时间（通勤/赶飞机）,卡车,无,接近中,50米,30公里/小时
179141,雨天,夜晚,干燥,畅通,60公里/小时,150米,普通轿车,赶时间（通勤/赶飞机）,应急车辆,普通轿车,静止,0米,0公里/小时
179319,雨天,夜晚,干燥,畅通,60公里/小时,150米,卡车,紧急（送医）,应急车辆,无,接近中,10米,50公里/小时
179381,雨天,夜晚,干燥,畅通,60公里/小时,150米,卡车,赶时间（通勤/赶飞机）,普通轿车,普通轿车,静止,0米,0公里/小时
179390,雨天,夜晚,干燥,畅通,60公里/小时,150米,卡车,赶时间（通勤/赶飞机）,普通轿车,普通轿车,接近中,10米,30公里/小时
180000,雨天,夜晚,干燥,畅通,100公里/小时,100米,普通轿车,赶时间（通勤/赶飞机）,卡车,应急车辆,接近中,10米,30公里/小时
180087,雨天,夜晚,干燥,畅通,100公里/小时,100米,普通轿车,无特别需求,卡车,应急车辆,接近中,50米,30公里/小时
180381,雨天,夜晚,干燥,畅通,100公里/小时,100米,应急车辆,紧急（送医）,普通轿车,应急车辆,静止,0米,0公里/小时
180467,雨天,夜晚,干燥,畅通,100公里/小时,100米,应急车辆,赶时间（通勤/赶飞机）,普通轿车,普通轿车,接近中,50米,30公里/小时
180612,雨天,夜晚,干燥,畅通,100公里/小时,100米,应急车辆,无特别需求,卡车,普通轿车,接近中,100米,80公里/小时
180895,雨天,夜晚,干燥,畅通,100公里/小时,150米,普通轿车,无特别需求,卡车,应急车辆,接近中,50米,80公里/小时
180917,雨天,夜晚,干燥,畅通,100公里/小时,150米,卡车,紧急（送医）,普通轿车,普通轿车,接近中,50米,30公里/小时
180954,雨天,夜晚,干燥,畅通,100公里/小时,150米,卡车,紧急（送医）,应急车辆,应急车辆,接近中,100米,30公里/小时
181020,雨天,夜晚,干燥,畅通,100公里/小时,150米,卡车,赶时间（通勤/赶飞机）,普通轿车,应急车辆,接近中,10米,30公里/小时
181141,雨天,夜晚,干燥,畅通,100公里/小时,150米,卡车,无特别需求,卡车,无,静止,0米,0公里/小时
181147,雨天,夜晚,干燥,畅通,100公里/小时,150米,卡车,无特别需求,卡车,无,接近中,50米,30公里/小时
181286,雨天,夜晚,干燥,畅通,100公里/小时,150米,应急车辆,赶时间（通勤/赶飞机）,普通轿车,应急车辆,接近中,50米,50公里/小时
181413,雨天,夜晚,干燥,畅通,100公里/小时,150米,应急车辆,无特别需求,卡车,无,接近中,100米,50公里/小时
181479,雨天,夜晚,干燥,畅通,100公里/小时,200米,普通轿车,紧急（送医）,应急车辆,无,接近中,10米,50公里/小时
181746,雨天,夜晚,干燥,畅通,100公里/小时,200米,卡车,紧急（送医）,应急车辆,无,接近中,50米,50公里/小时
182038,雨天,夜晚,干燥,畅通,100公里/小时,200米,应急车辆,紧急（送医）,应急车辆,应急车辆,接近中,10米,80公里/小时
182281,雨天,夜晚,干燥,100米,35公里/小时,10米,普通轿车,紧急（送医）,应急车辆,无,静止,0米,0公里/小时
182557,雨天,夜晚,干燥,100米,35公里/小时,10米,卡车,紧急（送医）,应急车辆,无,接近中,50米,30公里/小时
182618,雨天,夜晚,干燥,100米,35公里/小时,10米,卡车,赶时间（通勤/赶飞机）,普通轿车,无,接近中,10米,80公里/小时
182725,雨天,夜晚,干燥,100米,35公里/小时,10米,卡车,无特别需求,普通轿车,应急车辆,接近中,50米,80公里/小时
182866,雨天,夜晚,干燥,100米,35公里/小时,10米,应急车辆,紧急（送医）,卡车,普通轿车,接近中,50米,50公里/小时
182996,雨天,夜晚,干燥,100米,35公里/小时,10米,应急车辆,无特别需求,普通轿车,应急车辆,接近中,50米,50公里/小时
183141,雨天,夜晚,干燥,100米,35公里/小时,50米,普通轿车,紧急（送医）,卡车,应急车辆,静止,0米,0公里/小时
183278,雨天,夜晚,干燥,100米,35公里/小时,50米,普通轿车,无特别需求,应急车辆,无,接近中,10米,80公里/小时
183279,雨天,夜晚,干燥,100米,35公里/小时,50米,普通轿车,无特别需求,应急车辆,无,接近中,10米,50公里/小时
183445,雨天,夜晚,干燥,100米,35公里/小时,50米,卡车,赶时间（通勤/赶飞机）,普通轿车,应急车辆,接近中,50米,80公里/小时
183504,雨天,夜晚,干燥,100米,35公里/小时,50米,卡车,赶时间（通勤/赶飞机）,卡车,应急车辆,接近中,100米,30公里/小时
184138,雨天,夜晚,干燥,100米,35公里/小时,100米,普通轿车,无特别需求,卡车,应急车辆,接近中,10米,80公里/小时
184224,雨天,夜晚,干燥,100米,35公里/小时,100米,卡车,紧急（送医）,卡车,应急车辆,接近中,100米,30公里/小时
184857,雨天,夜晚,干燥,100米,60公里/小时,50米,普通轿车,赶时间（通勤/赶飞机）,卡车,应急车辆,接近中,50米,30公里/小时
185276,雨天,夜晚,干燥,100米,60公里/小时,50米,应急车辆,紧急（送医）,应急车辆,应急车辆,接近中,50米,50公里/小时
185416,雨天,夜晚,干燥,100米,60公里/小时,50米,应急车辆,无特别需求,普通轿车,普通轿车,接近中,50米,50公里/小时
185439,雨天,夜晚,干燥,100米,60公里/小时,50米,应急车辆,无特别需求,应急车辆,无,接近中,10米,50公里/小时
185676,雨天,夜晚,干燥,100米,60公里/小时,100米,普通轿车,无特别需求,普通轿车,无,接近中,50米,50公里/小时
185966,雨天,夜晚,干燥,100米,60公里/小时,100米,卡车,无特别需求,普通轿车,应急车辆,接近中,50米,50公里/小时
186174,雨天,夜晚,干燥,100米,60公里/小时,100米,应急车辆,赶时间（通勤/赶飞机）,应急车辆,应急车辆,接近中,100米,30公里/小时
186246,雨天,夜晚,干燥,100米,60公里/小时,100米,应急车辆,无特别需求,应急车辆,无,接近中,50米,50公里/小时
186267,雨天,夜晚,干燥,100米,60公里/小时,100米,应急车辆,无特别需求,应急车辆,应急车辆,接近中,50米,30公里/小时
186450,雨天,夜晚,干燥,100米,60公里/小时,150米,普通轿车,赶时间（通勤/赶飞机）,应急车辆,应急车辆,接近中,10米,30公里/小时
186516,雨天,夜晚,干燥,100米,60公里/小时,150米,普通轿车,无特别需求,应急车辆,无,接近中,50米,50公里/小时
186711,雨天,夜晚,干燥,100米,60公里/小时,150米,卡车,赶时间（通勤/赶飞机）,应急车辆,应急车辆,静止,0米,0公里/小时
186773,雨天,夜晚,干燥,100米,60公里/小时,150米,卡车,无特别需求,普通轿车,应急车辆,接近中,100米,50公里/小时
186853,雨天,夜晚,干燥,100米,60公里/小时,150米,应急车辆,紧急（送医）,普通轿车,普通轿车,接近中,100米,50公里/小时
187150,雨天,夜晚,干燥,100米,100公里/小时,100米,普通轿车,紧急（送医）,应急车辆,无,接近中,10米,30公里/小时
187183,雨天,夜晚,干燥,100米,100公里/小时,100米,普通轿车,紧急（送医）,卡车,普通轿车,接近中,100米,50公里/小时
187407,雨天,夜晚,干燥,100米,100公里/小时,100米,卡车,紧急（送医）,普通轿车,应急车辆,接近中,50米,30公里/小时
187500,雨天,夜晚,干燥,100米,100公里/小时,100米,卡车,赶时间（通勤/赶飞机）,普通轿车,应急车辆,接近中,10米,30公里/小时
187672,雨天,夜晚,干燥,100米,100公里/小时,100米,应急车辆,紧急（送医）,普通轿车,应急车辆,接近中,100米,80公里/小时
187678,雨天,夜晚,干燥,100米,100公里/小时,100米,应急车辆,紧急（送医）,普通轿车,应急车辆,接近中,10米,80公里/小时
187945,雨天,夜晚,干燥,100米,100公里/小时,150米,普通轿车,紧急（送医）,普通轿车,应急车辆,接近中,50米,80公里/小时
187989,雨天,夜晚,干燥,100米,100公里/小时,150米,普通轿车,紧急（送医）,卡车,无,接近中,10米,50公里/小时
188157,雨天,夜晚,干燥,100米,100公里/小时,150米,普通轿车,无特别需求,应急车辆,应急车辆,接近中,50米,30公里/小时
188197,雨天,夜晚,干燥,100米,100公里/小时,150米,卡车,紧急（送医）,普通轿车,无,接近中,50米,30公里/小时
188436,雨天,夜晚,干燥,100米,100公里/小时,150米,卡车,无特别需求,卡车,无,接近中,50米,50公里/小时
188534,雨天,夜晚,干燥,100米,100公里/小时,150米,应急车辆,紧急（送医）,卡车,普通轿车,接近中,100米,30公里/小时
188861,雨天,夜晚,干燥,100米,100公里/小时,200米,普通轿车,赶时间（通勤/赶飞机）,应急车辆,普通轿车,静止,0米,0公里/小时
188906,雨天,夜晚,干燥,100米,100公里/小时,200米,普通轿车,赶时间（通勤/赶飞机）,卡车,应急车辆,接近中,50米,50公里/小时
188951,雨天,夜晚,干燥,100米,100公里/小时,200米,普通轿车,无特别需求,应急车辆,普通轿车,静止,0米,0公里/小时
189044,雨天,夜晚,干燥,100米,100公里/小时,200米,卡车,紧急（送医）,应急车辆,普通轿车,接近中,100米,30公里/小时
189240,雨天,夜晚,干燥,100米,100公里/小时,200米,卡车,无特别需求,应急车辆,应急车辆,接近中,10米,30公里/小时
189420,雨天,夜晚,干燥,100米,100公里/小时,200米,应急车辆,赶时间（通勤/赶飞机）,应急车辆,应急车辆,接近中,10米,30公里/小时
189706,雨天,夜晚,干燥,50米,35公里/小时,10米,普通轿车,赶时间（通勤/赶飞机）,卡车,普通轿车,接近中,50米,50公里/小时
189716,雨天,夜晚,干燥,50米,35公里/小时,10米,普通轿车,赶时间（通勤/赶飞机）,卡车,应急车辆,接近中,50米,50公里/小时
189741,雨天,夜晚,干燥,50米,35公里/小时,10米,普通轿车,无特别需求,普通轿车,应急车辆,静止,0米,0公里/小时
190432,雨天,夜晚,干燥,50米,35公里/小时,50米,普通轿车,紧急（送医）,卡车,应急车辆,接近中,100米,80公里/小时
190468,雨天,夜晚,干燥,50米,35公里/小时,50米,普通轿车,赶时间（通勤/赶飞机）,普通轿车,应急车辆,接近中,10米,80公里/小时
190500,雨天,夜晚,干燥,50米,35公里/小时,50米,普通轿车,赶时间（通勤/赶飞机）,应急车辆,应急车辆,接近中,10米,30公里/小时
190596,雨天,夜晚,干燥,50米,35公里/小时,50米,普通轿车,无特别需求,卡车,无,接近中,50米,50公里/小时
190910,雨天,夜晚,干燥,50米,35公里/小时,50米,应急车辆,紧急（送医）,普通轿车,普通轿车,接近中,10米,30公里/小时
191205,雨天,夜晚,干燥,50米,35公里/小时,100米,普通轿车,紧急（送医）,应急车辆,普通轿车,接近中,50米,80公里/小时
191423,雨天,夜晚,干燥,50米,35公里/小时,100米,普通轿车,无特别需求,卡车,应急车辆,接近中,100米,50公里/小时
191547,雨天,夜晚,干燥,50米,35公里/小时,100米,卡车,赶时间（通勤/赶飞机）,普通轿车,应急车辆,接近中,50米,30公里/小时
191662,雨天,夜晚,干燥,50米,35公里/小时,100米,卡车,无特别需求,应急车辆,应急车辆,接近中,100米,80公里/小时
191675,雨天,夜晚,干燥,50米,35公里/小时,100米,卡车,无特别需求,卡车,无,接近中,50米,80公里/小时
192080,雨天,夜晚,干燥,50米,60公里/小时,50米,普通轿车,赶时间（通勤/赶飞机）,普通轿车,普通轿车,接近中,10米,30公里/小时
192363,雨天,夜晚,干燥,50米,60公里/小时,50米,卡车,赶时间（通勤/赶飞机）,应急车辆,无,接近中,100米,50公里/小时
192493,雨天,夜晚,干燥,50米,60公里/小时,50米,卡车,无特别需求,卡车,普通轿车,接近中,100米,50公里/小时
192505,雨天,夜晚,干燥,50米,60公里/小时,50米,卡车,无特别需求,卡车,应急车辆,接近中,50米,80公里/小时
192809,雨天,夜晚,干燥,50米,60公里/小时,100米,普通轿车,紧急（送医）,普通轿车,应急车辆,接近中,10米,50公里/小时
192819,雨天,夜晚,干燥,50米,60公里/小时,100米,普通轿车,紧急（送医）,应急车辆,无,接近中,10米,50公里/小时
192837,雨天,夜晚,干燥,50米,60公里/小时,100米,普通轿车,紧急（送医）,应急车辆,应急车辆,接近中,50米,30公里/小时
193233,雨天,夜晚,干燥,50米,60公里/小时,100米,卡车,无特别需求,普通轿车,无,接近中,100米,50公里/小时
193364,雨天,夜晚,干燥,50米,60公里/小时,100米,应急车辆,紧急（送医）,应急车辆,普通轿车,接近中,100米,30公里/小时
193484,雨天,夜晚,干燥,50米,60公里/小时,100米,应急车辆,赶时间（通勤/赶飞机）,卡车,普通轿车,接近中,100米,30公里/小时
193745,雨天,夜晚,干燥,50米,60公里/小时,150米,普通轿车,赶时间（通勤/赶飞机）,卡车,无,接近中,50米,80公里/小时
194003,雨天,夜晚,干燥,50米,60公里/小时,150米,卡车,赶时间（通勤/赶飞机）,应急车辆,应急车辆,接近中,100米,50公里/小时
194095,雨天,夜晚,干燥,50米,60公里/小时,150米,卡车,无特别需求,应急车辆,应急车辆,接近中,50米,80公里/小时
194260,雨天,夜晚,干燥,50米,60公里/小时,150米,应急车辆,赶时间（通勤/赶飞机）,应急车辆,无,接近中,10米,30公里/小时
194376,雨天,夜晚,干燥,50米,60公里/小时,150米,应急车辆,无特别需求,卡车,无,接近中,50米,50公里/小时
194706,雨天,夜晚,干燥,50米,100公里/小时,100米,卡车,紧急（送医）,应急车辆,无,接近中,50米,50公里/小时
194757,雨天,夜晚,干燥,50米,100公里/小时,100米,卡车,紧急（送医）,卡车,应急车辆,接近中,50米,30公里/小时
194929,雨天,夜晚,干燥,50米,100公里/小时,100米,卡车,无特别需求,卡车,普通轿车,接近中,10米,50公里/小时
195666,雨天,夜晚,干燥,50米,100公里/小时,150米,卡车,无特别需求,普通轿车,无,接近中,50米,50公里/小时
195670,雨天,夜晚,干燥,50米,100公里/小时,150米,卡车,无特别需求,普通轿车,无,接近中,10米,30公里/小时
195712,雨天,夜晚,干燥,50米,100公里/小时,150米,卡车,无特别需求,应急车辆,应急车辆,接近中,100米,80公里/小时
195783,雨天,夜晚,干燥,50米,100公里/小时,150米,应急车辆,紧急（送医）,应急车辆,无,接近中,100米,50公里/小时
196075,雨天,夜晚,干燥,50米,100公里/小时,200米,普通轿车,紧急（送医）,应急车辆,应急车辆,接近中,50米,80公里/小时
196210,雨天,夜晚,干燥,50米,100公里/小时,200米,普通轿车,无特别需求,普通轿车,无,接近中,10米,30公里/小时
196294,雨天,夜晚,干燥,50米,100公里/小时,200米,卡车,紧急（送医）,普通轿车,无,接近中,100米,30公里/小时
196362,雨天,夜晚,干燥,50米,100公里/小时,200米,卡车,紧急（送医）,卡车,普通轿车,接近中,100米,80公里/小时
196418,雨天,夜晚,干燥,50米,100公里/小时,200米,卡车,赶时间（通勤/赶飞机）,应急车辆,无,接近中,10米,80公里/小时
196436,雨天,夜晚,干燥,50米,100公里/小时,200米,卡车,赶时间（通勤/赶飞机）,应急车辆,应急车辆,接近中,50米,50公里/小时
196495,雨天,夜晚,干燥,50米,100公里/小时,200米,卡车,无特别需求,普通轿车,应急车辆,接近中,50米,80公里/小时
196684,雨天,夜晚,干燥,50米,100公里/小时,200米,应急车辆,赶时间（通勤/赶飞机）,应急车辆,无,接近中,100米,30公里/小时
196895,雨天,夜晚,干燥,20米,35公里/小时,10米,普通轿车,紧急（送医）,卡车,无,接近中,50米,80公里/小时
196916,雨天,夜晚,干燥,20米,35公里/小时,10米,普通轿车,紧急（送医）,卡车,应急车辆,接近中,50米,50公里/小时
197036,雨天,夜晚,干燥,20米,35公里/小时,10米,普通轿车,无特别需求,普通轿车,应急车辆,接近中,50米,50公里/小时
197389,雨天,夜晚,干燥,20米,35公里/小时,10米,应急车辆,紧急（送医）,普通轿车,普通轿车,接近中,10米,50公里/小时
197461,雨天,夜晚,干燥,20米,35公里/小时,10米,应急车辆,赶时间（通勤/赶飞机）,普通轿车,无,静止,0米,0公里/小时
197639,雨天,夜晚,干燥,20米,35公里/小时,10米,应急车辆,无特别需求,卡车,应急车辆,接近中,10米,50公里/小时
197733,雨天,夜晚,干燥,20米,35公里/小时,50米,普通轿车,赶时间（通勤/赶飞机）,普通轿车,无,接近中,100米,50公里/小时
198056,雨天,夜晚,干燥,20米,35公里/小时,50米,卡车,赶时间（通勤/赶飞机）,应急车辆,应急车辆,接近中,50米,50公里/小时
198247,雨天,夜晚,干燥,20米,35公里/小时,50米,应急车辆,紧急（送医）,卡车,无,接近中,50米,30公里/小时
198591,雨天,夜晚,干燥,20米,35公里/小时,100米,普通轿车,赶时间（通勤/赶飞机）,应急车辆,应急车辆,静止,0米,0公里/小时
198615,雨天,夜晚,干燥,20米,35公里/小时,100米,普通轿车,赶时间（通勤/赶飞机）,卡车,普通轿车,接近中,50米,80公里/小时
198674,雨天,夜晚,干燥,20米,35公里/小时,100米,普通轿车,无特别需求,应急车辆,普通轿车,接近中,100米,30公里/小时
198875,雨天,夜晚,干燥,20米,35公里/小时,100米,卡车,赶时间（通勤/赶飞机）,卡车,无,接近中,50米,80公里/小时
198886,雨天,夜晚,干燥,20米,35公里/小时,100米,卡车,赶时间（通勤/赶飞机）,卡车,普通轿车,接近中,50米,50公里/小时
199027,雨天,夜晚,干燥,20米,35公里/小时,100米,应急车辆,紧急（送医）,应急车辆,无,接近中,50米,30公里/小时
199028,雨天,夜晚,干燥,20米,35公里/小时,100米,应急车辆,紧急（送医）,应急车辆,无,接近中,10米,80公里/小时
199037,雨天,夜晚,干燥,20米,35公里/小时,100米,应急车辆,紧急（送医）,应急车辆,普通轿车,接近中,50米,30公里/小时
199314,雨天,夜晚,干燥,20米,60公里/小时,50米,普通轿车,紧急（送医）,应急车辆,应急车辆,接近中,100米,30公里/小时
199616,雨天,夜晚,干燥,20米,60公里/小时,50米,卡车,紧急（送医）,卡车,应急车辆,接近中,50米,50公里/小时
199820,雨天,夜晚,干燥,20米,60公里/小时,50米,应急车辆,紧急（送医）,普通轿车,普通轿车,接近中,10米,30公里/小时
199872,雨天,夜晚,干燥,20米,60公里/小时,50米,应急车辆,紧急（送医）,卡车,普通轿车,接近中,100米,80公里/小时
199882,雨天,夜晚,干燥,20米,60公里/小时,50米,应急车辆,紧急（送医）,卡车,应急车辆,接近中,100米,80公里/小时
200032,雨天,夜晚,干燥,20米,60公里/小时,50米,应急车辆,无特别需求,应急车辆,应急车辆,接近中,100米,80公里/小时
200100,雨天,夜晚,干燥,20米,60公里/小时,100米,普通轿车,紧急（送医）,普通轿车,应急车辆,接近中,10米,30公里/小时
200127,雨天,夜晚,干燥,20米,60公里/小时,100米,普通轿车,紧急（送医）,应急车辆,应急车辆,接近中,50米,30公里/小时
200395,雨天,夜晚,干燥,20米,60公里/小时,100米,卡车,紧急（送医）,应急车辆,应急车辆,接近中,50米,80公里/小时
200432,雨天,夜晚,干燥,20米,60公里/小时,100米,卡车,赶时间（通勤/赶飞机）,普通轿车,无,接近中,100米,80公里/小时
200850,雨天,夜晚,干燥,20米,60公里/小时,100米,应急车辆,无特别需求,应急车辆,应急车辆,接近中,10米,30公里/小时
200937,雨天,夜晚,干燥,20米,60公里/小时,150米,普通轿车,紧急（送医）,应急车辆,应急车辆,接近中,50米,30公里/小时
201131,雨天,夜晚,干燥,20米,60公里/小时,150米,普通轿车,无特别需求,卡车,普通轿车,静止,0米,0公里/小时
201215,雨天,夜晚,干燥,20米,60公里/小时,150米,卡车,紧急（送医）,卡车,无,接近中,50米,80公里/小时
201538,雨天,夜晚,干燥,20米,60公里/小时,150米,应急车辆,赶时间（通勤/赶飞机）,普通轿车,应急车辆,接近中,10米,80公里/小时
201563,雨天,夜晚,干燥,20米,60公里/小时,150米,应急车辆,赶时间（通勤/赶飞机）,应急车辆,应急车辆,接近中,100米,50公里/小时
201673,雨天,夜晚,干燥,20米,60公里/小时,150米,应急车辆,无特别需求,卡车,普通轿车,接近中,100米,50公里/小时
201687,雨天,夜晚,干燥,20米,60公里/小时,150米,应急车辆,无特别需求,卡车,应急车辆,接近中,50米,30公里/小时
201831,雨天,夜晚,干燥,20米,100公里/小时,100米,普通轿车,赶时间（通勤/赶飞机）,应急车辆,应急车辆,静止,0米,0公里/小时
201932,雨天,夜晚,干燥,20米,100公里/小时,100米,普通轿车,无特别需求,卡车,无,接近中,100米,80公里/小时
201983,雨天,夜晚,干燥,20米,100公里/小时,100米,卡车,紧急（送医）,普通轿车,应急车辆,接近中,100米,50公里/小时
202056,雨天,夜晚,干燥,20米,100公里/小时,100米,卡车,赶时间（通勤/赶飞机）,普通轿车,无,接近中,50米,50公里/小时
202210,雨天,夜晚,干燥,20米,100公里/小时,100米,卡车,无特别需求,卡车,无,接近中,10米,30公里/小时
202470,雨天,夜晚,干燥,20米,100公里/小时,100米,应急车辆,无特别需求,应急车辆,应急车辆,接近中,10米,30公里/小时
202609,雨天,夜晚,干燥,20米,100公里/小时,150米,普通轿车,赶时间（通勤/赶飞机）,普通轿车,普通轿车,接近中,10米,50公里/小时
202746,雨天,夜晚,干燥,20米,100公里/小时,150米,普通轿车,无特别需求,卡车,无,接近中,50米,50公里/小时
203179,雨天,夜晚,干燥,20米,100公里/小时,150米,应急车辆,赶时间（通勤/赶飞机）,应急车辆,普通轿车,接近中,10米,50公里/小时
203277,雨天,夜晚,干燥,20米,100公里/小时,150米,应急车辆,无特别需求,应急车辆,应急车辆,接近中,50米,30公里/小时
203293,雨天,夜晚,干燥,20米,100公里/小时,150米,应急车辆,无特别需求,卡车,普通轿车,接近中,100米,50公里/小时
203444,雨天,夜晚,干燥,20米,100公里/小时,200米,普通轿车,赶时间（通勤/赶飞机）,应急车辆,普通轿车,接近中,100米,30公里/小时
203658,雨天,夜晚,干燥,20米,100公里/小时,200米,卡车,紧急（送医）,卡车,普通轿车,接近中,10米,80公里/小时
203735,雨天,夜晚,干燥,20米,100公里/小时,200米,卡车,赶时间（通勤/赶飞机）,卡车,无,接近中,50米,80公里/小时
203866,雨天,夜晚,干燥,20米,100公里/小时,200米,应急车辆,紧急（送医）,普通轿车,普通轿车,接近中,50米,50公里/小时
204066,雨天,夜晚,干燥,20米,100公里/小时,200米,应急车辆,无特别需求,应急车辆,无,接近中,50米,50公里/小时
204088,雨天,夜晚,干燥,20米,100公里/小时,200米,应急车辆,无特别需求,应急车辆,应急车辆,接近中,10米,80公里/小时
204129,雨天,夜晚,湿滑,畅通,35公里/小时,10米,普通轿车,紧急（送医）,普通轿车,无,接近中,10米,50公里/小时
204512,雨天,夜晚,湿滑,畅通,35公里/小时,10米,卡车,赶时间（通勤/赶飞机）,应急车辆,无,接近中,100米,80公里/小时
204663,雨天,夜晚,湿滑,畅通,35公里/小时,10米,应急车辆,紧急（送医）,普通轿车,无,接近中,100米,50公里/小时
204951,雨天,夜晚,湿滑,畅通,35公里/小时,50米,普通轿车,紧急（送医）,普通轿车,应急车辆,静止,0米,0公里/小时
205198,雨天,夜晚,湿滑,畅通,35公里/小时,50米,普通轿车,无特别需求,卡车,应急车辆,接近中,10米,80公里/小时
205284,雨天,夜晚,湿滑,畅通,35公里/小时,50米,卡车,紧急（送医）,卡车,应急车辆,接近中,100米,30公里/小时
205290,雨天,夜晚,湿滑,畅通,35公里/小时,50米,卡车,紧急（送医）,卡车,应急车辆,接近中,10米,30公里/小时
205621,雨天,夜晚,湿滑,畅通,35公里/小时,50米,应急车辆,赶时间（通勤/赶飞机）,卡车,无,静止,0米,0公里/小时
205658,雨天,夜晚,湿滑,畅通,35公里/小时,50米,应急车辆,无特别需求,普通轿车,无,接近中,10米,80公里/小时
205716,雨天,夜晚,湿滑,畅通,35公里/小时,50米,应急车辆,无特别需求,卡车,无,接近中,50米,50公里/小时
206057,雨天,夜晚,湿滑,畅通,35公里/小时,100米,卡车,紧急（送医）,应急车辆,普通轿车,接近中,50米,30公里/小时
206172,雨天,夜晚,湿滑,畅通,35公里/小时,100米,卡车,赶时间（通勤/赶飞机）,卡车,普通轿车,接近中,100米,80公里/小时
206215,雨天,夜晚,湿滑,畅通,35公里/小时,100米,卡车,无特别需求,普通轿车,应急车辆,接近中,50米,80公里/小时
206320,雨天,夜晚,湿滑,畅通,35公里/小时,100米,应急车辆,紧急（送医）,应急车辆,无,接近中,10米,30公里/小时
206393,雨天,夜晚,湿滑,畅通,35公里/小时,100米,应急车辆,赶时间（通勤/赶飞机）,普通轿车,应急车辆,接近中,100米,50公里/小时
206545,雨天,夜晚,湿滑,畅通,35公里/小时,100米,应急车辆,无特别需求,卡车,应急车辆,接近中,50米,80公里/小时
206744,雨天,夜晚,湿滑,畅通,60公里/小时,50米,普通轿车,无特别需求,普通轿车,普通轿车,接近中,100米,30公里/小时
207370,雨天,夜晚,湿滑,畅通,60公里/小时,100米,普通轿车,紧急（送医）,普通轿车,无,接近中,10米,30公里/小时
207401,雨天,夜晚,湿滑,畅通,60公里/小时,100米,普通轿车,紧急（送医）,应急车辆,普通轿车,静止,0米,0公里/小时
207721,雨天,夜晚,湿滑,畅通,60公里/小时,100米,卡车,赶时间（通勤/赶飞机）,普通轿车,无,静止,0米,0公里/小时
208123,雨天,夜晚,湿滑,畅通,60公里/小时,100米,应急车辆,无特别需求,应急车辆,普通轿车,接近中,100米,50公里/小时
208248,雨天,夜晚,湿滑,畅通,60公里/小时,150米,普通轿车,紧急（送医）,卡车,普通轿车,接近中,10米,80公里/小时
208382,雨天,夜晚,湿滑,畅通,60公里/小时,150米,普通轿车,无特别需求,应急车辆,无,接近中,100米,80公里/小时
208391,雨天,夜晚,湿滑,畅通,60公里/小时,150米,普通轿车,无特别需求,应急车辆,普通轿车,静止,0米,0公里/小时
208603,雨天,夜晚,湿滑,畅通,60公里/小时,150米,卡车,赶时间（通勤/赶飞机）,卡车,普通轿车,接近中,100米,50公里/小时
208733,雨天,夜晚,湿滑,畅通,60公里/小时,150米,应急车辆,紧急（送医）,普通轿车,应急车辆,接近中,100米,50公里/小时
208996,雨天,夜晚,湿滑,畅通,100公里/小时,100米,普通轿车,紧急（送医）,普通轿车,普通轿车,接近中,50米,50公里/小时
209024,雨天,夜晚,湿滑,畅通,100公里/小时,100米,普通轿车,紧急（送医）,应急车辆,普通轿车,接近中,100米,30公里/小时
209027,雨天,夜晚,湿滑,畅通,100公里/小时,100米,普通轿车,紧急（送医）,应急车辆,普通轿车,接近中,50米,30公里/小时
209077,雨天,夜晚,湿滑,畅通,100公里/小时,100米,普通轿车,赶时间（通勤/赶飞机）,普通轿车,无,接近中,50米,30公里/小时
209141,雨天,夜晚,湿滑,畅通,100公里/小时,100米,普通轿车,赶时间（通勤/赶飞机）,卡车,普通轿车,静止,0米,0公里/小时
209166,雨天,夜晚,湿滑,畅通,100公里/小时,100米,普通轿车,无特别需求,普通轿车,无,接近中,50米,50公里/小时
209170,雨天,夜晚,湿滑,畅通,100公里/小时,100米,普通轿车,无特别需求,普通轿车,无,接近中,10米,30公里/小时
209171,雨天,夜晚,湿滑,畅通,100公里/小时,100米,普通轿车,无特别需求,普通轿车,普通轿车,静止,0米,0公里/小时
209238,雨天,夜晚,湿滑,畅通,100公里/小时,100米,普通轿车,无特别需求,卡车,普通轿车,接近中,10米,80公里/小时
209276,雨天,夜晚,湿滑,畅通,100公里/小时,100米,卡车,紧急（送医）,普通轿车,应急车辆,接近中,50米,50公里/小时
209325,雨天,夜晚,湿滑,畅通,100公里/小时,100米,卡车,紧急（送医）,卡车,普通轿车,接近中,50米,80公里/小时
209358,雨天,夜晚,湿滑,畅通,100公里/小时,100米,卡车,赶时间（通勤/赶飞机）,普通轿车,普通轿车,接近中,10米,80公里/小时
209446,雨天,夜晚,湿滑,畅通,100公里/小时,100米,卡车,无特别需求,普通轿车,普通轿车,接近中,50米,50公里/小时
209610,雨天,夜晚,湿滑,畅通,100公里/小时,100米,应急车辆,紧急（送医）,卡车,应急车辆,接近中,10米,30公里/小时
209684,雨天,夜晚,湿滑,畅通,100公里/小时,100米,应急车辆,赶时间（通勤/赶飞机）,卡车,普通轿车,接近中,100米,30公里/小时
209717,雨天,夜晚,湿滑,畅通,100公里/小时,100米,应急车辆,无特别需求,普通轿车,普通轿车,接近中,50米,30公里/小时
209886,雨天,夜晚,湿滑,畅通,100公里/小时,150米,普通轿车,赶时间（通勤/赶飞机）,普通轿车,无,接近中,50米,50公里/小时
210404,雨天,夜晚,湿滑,畅通,100公里/小时,150米,应急车辆,紧急（送医）,卡车,普通轿车,接近中,100米,30公里/小时
210638,雨天,夜晚,湿滑,畅通,100公里/小时,200米,普通轿车,紧急（送医）,应急车辆,无,接近中,10米,80公里/小时
210674,雨天,夜晚,湿滑,畅通,100公里/小时,200米,普通轿车,紧急（送医）,卡车,普通轿车,接近中,100米,30公里/小时
210711,雨天,夜晚,湿滑,畅通,100公里/小时,200米,普通轿车,赶时间（通勤/赶飞机）,普通轿车,应急车辆,静止,0米,0公里/小时
210793,雨天,夜晚,湿滑,畅通,100公里/小时,200米,普通轿车,无特别需求,普通轿车,普通轿车,接近中,100米,50公里/小时
211057,雨天,夜晚,湿滑,畅通,100公里/小时,200米,卡车,无特别需求,普通轿车,无,接近中,50米,30公里/小时
211135,雨天,夜晚,湿滑,畅通,100公里/小时,200米,卡车,无特别需求,卡车,应急车辆,接近中,50米,80公里/小时
211286,雨天,夜晚,湿滑,畅通,100公里/小时,200米,应急车辆,赶时间（通勤/赶飞机）,应急车辆,应急车辆,接近中,50米,50公里/小时
211506,雨天,夜晚,湿滑,100米,35公里/小时,10米,普通轿车,赶时间（通勤/赶飞机）,普通轿车,无,接近中,50米,50公里/小时
212139,雨天,夜晚,湿滑,100米,35公里/小时,10米,应急车辆,无特别需求,普通轿车,无,接近中,10米,50公里/小时
212203,雨天,夜晚,湿滑,100米,35公里/小时,10米,应急车辆,无特别需求,卡车,普通轿车,接近中,100米,50公里/小时
212283,雨天,夜晚,湿滑,100米,35公里/小时,50米,普通轿车,紧急（送医）,卡车,无,接近中,100米,50公里/小时
212565,雨天,夜晚,湿滑,100米,35公里/小时,50米,卡车,紧急（送医）,卡车,普通轿车,接近中,50米,80公里/小时
212848,雨天,夜晚,湿滑,100米,35公里/小时,50米,应急车辆,紧急（送医）,卡车,应急车辆,接近中,10米,80公里/小时
213075,雨天,夜晚,湿滑,100米,35公里/小时,100米,普通轿车,紧急（送医）,应急车辆,普通轿车,接近中,50米,80公里/小时
213323,雨天,夜晚,湿滑,100米,35公里/小时,100米,卡车,紧急（送医）,普通轿车,应急车辆,接近中,100米,50公里/小时
213413,雨天,夜晚,湿滑,100米,35公里/小时,100米,卡车,赶时间（通勤/赶飞机）,普通轿车,应急车辆,接近中,100米,50公里/小时
213485,雨天,夜晚,湿滑,100米,35公里/小时,100米,卡车,无特别需求,普通轿车,无,接近中,50米,80公里/小时
213534,雨天,夜晚,湿滑,100米,35公里/小时,100米,卡车,无特别需求,应急车辆,应急车辆,接近中,100米,30公里/小时
213594,雨天,夜晚,湿滑,100米,35公里/小时,100米,应急车辆,紧急（送医）,普通轿车,应急车辆,接近中,100米,30公里/小时
213680,雨天,夜晚,湿滑,100米,35公里/小时,100米,应急车辆,赶时间（通勤/赶飞机）,普通轿车,普通轿车,接近中,10米,30公里/小时
213817,雨天,夜晚,湿滑,100米,35公里/小时,100米,应急车辆,无特别需求,卡车,无,接近中,50米,30公里/小时
214061,雨天,夜晚,湿滑,100米,60公里/小时,50米,普通轿车,无特别需求,应急车辆,普通轿车,静止,0米,0公里/小时
214095,雨天,夜晚,湿滑,100米,60公里/小时,50米,普通轿车,无特别需求,卡车,普通轿车,接近中,50米,80公里/小时
214165,雨天,夜晚,湿滑,100米,60公里/小时,50米,卡车,紧急（送医）,应急车辆,应急车辆,接近中,50米,80公里/小时
214258,雨天,夜晚,湿滑,100米,60公里/小时,50米,卡车,赶时间（通勤/赶飞机）,应急车辆,应急车辆,接近中,10米,80公里/小时
214295,雨天,夜晚,湿滑,100米,60公里/小时,50米,卡车,无特别需求,普通轿车,无,接近中,50米,80公里/小时
214392,雨天,夜晚,湿滑,100米,60公里/小时,50米,应急车辆,紧急（送医）,普通轿车,普通轿车,接近中,100米,80公里/小时
214401,雨天,夜晚,湿滑,100米,60公里/小时,50米,应急车辆,紧急（送医）,普通轿车,应急车辆,静止,0米,0公里/小时
214814,雨天,夜晚,湿滑,100米,60公里/小时,100米,普通轿车,赶时间（通勤/赶飞机）,卡车,普通轿车,接近中,100米,30公里/小时
214817,雨天,夜晚,湿滑,100米,60公里/小时,100米,普通轿车,赶时间（通勤/赶飞机）,卡车,普通轿车,接近中,50米,30公里/小时
215028,雨天,夜晚,湿滑,100米,60公里/小时,100米,卡车,赶时间（通勤/赶飞机）,普通轿车,普通轿车,接近中,10米,80公里/小时
215201,雨天,夜晚,湿滑,100米,60公里/小时,100米,应急车辆,紧急（送医）,普通轿车,普通轿车,静止,0米,0公里/小时
215242,雨天,夜晚,湿滑,100米,60公里/小时,100米,应急车辆,紧急（送医）,应急车辆,应急车辆,接近中,100米,80公里/小时
215343,雨天,夜晚,湿滑,100米,60公里/小时,100米,应急车辆,赶时间（通勤/赶飞机）,卡车,无,接近中,100米,50公里/小时
215522,雨天,夜晚,湿滑,100米,60公里/小时,150米,普通轿车,紧急（送医）,卡车,无,接近中,100米,80公里/小时
215698,雨天,夜晚,湿滑,100米,60公里/小时,150米,普通轿车,无特别需求,应急车辆,应急车辆,接近中,10米,80公里/小时
215760,雨天,夜晚,湿滑,100米,60公里/小时,150米,卡车,紧急（送医）,普通轿车,应急车辆,接近中,10米,30公里/小时
216187,雨天,夜晚,湿滑,100米,60公里/小时,150米,应急车辆,无特别需求,普通轿车,无,接近中,50米,30公里/小时
216400,雨天,夜晚,湿滑,100米,100公里/小时,100米,普通轿车,赶时间（通勤/赶飞机）,应急车辆,无,接近中,10米,30公里/小时
216471,雨天,夜晚,湿滑,100米,100公里/小时,100米,普通轿车,无特别需求,普通轿车,应急车辆,静止,0米,0公里/小时
216774,雨天,夜晚,湿滑,100米,100公里/小时,100米,卡车,无特别需求,应急车辆,应急车辆,接近中,100米,30公里/小时
216918,雨天,夜晚,湿滑,100米,100公里/小时,100米,应急车辆,赶时间（通勤/赶飞机）,普通轿车,普通轿车,接近中,10米,80公里/小时
216943,雨天,夜晚,湿滑,100米,100公里/小时,100米,应急车辆,赶时间（通勤/赶飞机）,应急车辆,普通轿车,接近中,100米,50公里/小时
216953,雨天,夜晚,湿滑,100米,100公里/小时,100米,应急车辆,赶时间（通勤/赶飞机）,应急车辆,应急车辆,接近中,100米,50公里/小时
217043,雨天,夜晚,湿滑,100米,100公里/小时,100米,应急车辆,无特别需求,应急车辆,应急车辆,接近中,100米,50公里/小时
217063,雨天,夜晚,湿滑,100米,100公里/小时,100米,应急车辆,无特别需求,卡车,普通轿车,接近中,100米,50公里/小时
217242,雨天,夜晚,湿滑,100米,100公里/小时,150米,普通轿车,赶时间（通勤/赶飞机）,卡车,普通轿车,接近中,100米,80公里/小时
217409,雨天,夜晚,湿滑,100米,100公里/小时,150米,卡车,紧急（送医）,应急车辆,应急车辆,接近中,10米,50公里/小时
217634,雨天,夜晚,湿滑,100米,100公里/小时,150米,应急车辆,紧急（送医）,普通轿车,普通轿车,接近中,100米,30公里/小时
217673,雨天,夜晚,湿滑,100米,100公里/小时,150米,应急车辆,紧急（送医）,应急车辆,应急车辆,接近中,100米,50公里/小时
217694,雨天,夜晚,湿滑,100米,100公里/小时,150米,应急车辆,紧急（送医）,卡车,普通轿车,接近中,100米,30公里/小时
217864,雨天,夜晚,湿滑,100米,100公里/小时,150米,应急车辆,无特别需求,卡车,无,接近中,100米,30公里/小时
218664,雨天,夜晚,湿滑,100米,100公里/小时,200米,应急车辆,无特别需求,应急车辆,应急车辆,接近中,100米,30公里/小时
218864,雨天,夜晚,湿滑,50米,35公里/小时,10米,普通轿车,赶时间（通勤/赶飞机）,卡车,普通轿车,接近中,100米,30公里/小时
219307,雨天,夜晚,湿滑,50米,35公里/小时,10米,应急车辆,紧急（送医）,卡车,无,接近中,50米,30公里/小时
219313,雨天,夜晚,湿滑,50米,35公里/小时,10米,应急车辆,紧急（送医）,卡车,普通轿车,接近中,100米,50公里/小时
219319,雨天,夜晚,湿滑,50米,35公里/小时,10米,应急车辆,紧急（送医）,卡车,普通轿车,接近中,10米,50公里/小时
219948,雨天,夜晚,湿滑,50米,35公里/小时,50米,卡车,赶时间（通勤/赶飞机）,卡车,普通轿车,接近中,10米,80公里/小时
219971,雨天,夜晚,湿滑,50米,35公里/小时,50米,卡车,无特别需求,普通轿车,普通轿车,静止,0米,0公里/小时
220148,雨天,夜晚,湿滑,50米,35公里/小时,50米,应急车辆,赶时间（通勤/赶飞机）,普通轿车,无,接近中,10米,80公里/小时
220160,雨天,夜晚,湿滑,50米,35公里/小时,50米,应急车辆,赶时间（通勤/赶飞机）,普通轿车,普通轿车,接近中,10米,30公里/小时
220279,雨天,夜晚,湿滑,50米,35公里/小时,50米,应急车辆,无特别需求,应急车辆,普通轿车,接近中,10米,50公里/小时
220320,雨天,夜晚,湿滑,50米,35公里/小时,50米,应急车辆,无特别需求,卡车,应急车辆,接近中,10米,30公里/小时
220551,雨天,夜晚,湿滑,50米,35公里/小时,100米,普通轿车,无特别需求,应急车辆,应急车辆,静止,0米,0公里/小时
220638,雨天,夜晚,湿滑,50米,35公里/小时,100米,卡车,紧急（送医）,应急车辆,普通轿车,接近中,10米,80公里/小时
220676,雨天,夜晚,湿滑,50米,35公里/小时,100米,卡车,紧急（送医）,卡车,应急车辆,接近中,50米,50公里/小时
220780,雨天,夜晚,湿滑,50米,35公里/小时,100米,卡车,无特别需求,普通轿车,无,接近中,10米,30公里/小时
220790,雨天,夜晚,湿滑,50米,35公里/小时,100米,卡车,无特别需求,普通轿车,普通轿车,接近中,10米,30公里/小时
221144,雨天,夜晚,湿滑,50米,60公里/小时,50米,普通轿车,紧急（送医）,普通轿车,普通轿车,接近中,100米,30公里/小时
221453,雨天,夜晚,湿滑,50米,60公里/小时,50米,卡车,紧急（送医）,应急车辆,应急车辆,接近中,100米,50公里/小时
221550,雨天,夜晚,湿滑,50米,60公里/小时,50米,卡车,赶时间（通勤/赶飞机）,应急车辆,应急车辆,接近中,10米,30公里/小时
221751,雨天,夜晚,湿滑,50米,60公里/小时,50米,应急车辆,紧急（送医）,卡车,应急车辆,静止,0米,0公里/小时
222226,雨天,夜晚,湿滑,50米,60公里/小时,100米,卡车,紧急（送医）,普通轿车,普通轿车,接近中,50米,50公里/小时
222229,雨天,夜晚,湿滑,50米,60公里/小时,100米,卡车,紧急（送医）,普通轿车,普通轿车,接近中,10米,50公里/小时
222415,雨天,夜晚,湿滑,50米,60公里/小时,100米,卡车,无特别需求,普通轿车,应急车辆,接近中,50米,80公里/小时
222496,雨天,夜晚,湿滑,50米,60公里/小时,100米,应急车辆,紧急（送医）,普通轿车,普通轿车,接近中,50米,50公里/小时
222557,雨天,夜晚,湿滑,50米,60公里/小时,100米,应急车辆,紧急（送医）,卡车,普通轿车,接近中,50米,30公里/小时
222575,雨天,夜晚,湿滑,50米,60公里/小时,100米,应急车辆,赶时间（通勤/赶飞机）,普通轿车,无,接近中,50米,80公里/小时
222723,雨天,夜晚,湿滑,50米,60公里/小时,100米,应急车辆,无特别需求,卡车,无,接近中,100米,50公里/小时
222730,雨天,夜晚,湿滑,50米,60公里/小时,100米,应急车辆,无特别需求,卡车,无,接近中,10米,30公里/小时
222759,雨天,夜晚,湿滑,50米,60公里/小时,150米,普通轿车,紧急（送医）,普通轿车,无,接近中,10米,50公里/小时
223015,雨天,夜晚,湿滑,50米,60公里/小时,150米,普通轿车,无特别需求,卡车,应急车辆,接近中,50米,80公里/小时
223051,雨天,夜晚,湿滑,50米,60公里/小时,150米,卡车,紧急（送医）,应急车辆,无,静止,0米,0公里/小时
223384,雨天,夜晚,湿滑,50米,60公里/小时,150米,应急车辆,赶时间（通勤/赶飞机）,普通轿车,无,接近中,100米,30公里/小时
223386,雨天,夜晚,湿滑,50米,60公里/小时,150米,应急车辆,赶时间（通勤/赶飞机）,普通轿车,无,接近中,50米,50公里/小时
223562,雨天,夜晚,湿滑,50米,100公里/小时,100米,普通轿车,紧急（送医）,普通轿车,无,接近中,100米,80公里/小时
223825,雨天,夜晚,湿滑,50米,100公里/小时,100米,普通轿车,无特别需求,卡车,应急车辆,接近中,50米,80公里/小时
224826,雨天,夜晚,湿滑,50米,100公里/小时,150米,卡车,无特别需求,普通轿车,无,接近中,50米,50公里/小时
225059,雨天,夜晚,湿滑,50米,100公里/小时,150米,应急车辆,赶时间（通勤/赶飞机）,应急车辆,应急车辆,接近中,10米,50公里/小时
225569,雨天,夜晚,湿滑,50米,100公里/小时,200米,卡车,赶时间（通勤/赶飞机）,普通轿车,应急车辆,接近中,10米,50公里/小时
225682,雨天,夜晚,湿滑,50米,100公里/小时,200米,卡车,无特别需求,应急车辆,应急车辆,接近中,100米,80公里/小时
225690,雨天,夜晚,湿滑,50米,100公里/小时,200米,卡车,无特别需求,应急车辆,应急车辆,接近中,10米,30公里/小时
226139,雨天,夜晚,湿滑,20米,35公里/小时,10米,普通轿车,赶时间（通勤/赶飞机）,应急车辆,应急车辆,接近中,10米,50公里/小时
226162,雨天,夜晚,湿滑,20米,35公里/小时,10米,普通轿车,赶时间（通勤/赶飞机）,卡车,应急车辆,接近中,100米,80公里/小时
226304,雨天,夜晚,湿滑,20米,35公里/小时,10米,卡车,紧急（送医）,应急车辆,普通轿车,接近中,100米,30公里/小时
226328,雨天,夜晚,湿滑,20米,35公里/小时,10米,卡车,紧急（送医）,卡车,无,接近中,10米,80公里/小时
226373,雨天,夜晚,湿滑,20米,35公里/小时,10米,卡车,赶时间（通勤/赶飞机）,普通轿车,应急车辆,接近中,100米,50公里/小时
226460,雨天,夜晚,湿滑,20米,35公里/小时,10米,卡车,无特别需求,普通轿车,普通轿车,接近中,10米,30公里/小时
226503,雨天,夜晚,湿滑,20米,35公里/小时,10米,卡车,无特别需求,卡车,无,接近中,100米,50公里/小时
226846,雨天,夜晚,湿滑,20米,35公里/小时,50米,普通轿车,紧急（送医）,应急车辆,普通轿车,接近中,50米,50公里/小时
226882,雨天,夜晚,湿滑,20米,35公里/小时,50米,普通轿车,紧急（送医）,卡车,应急车辆,接近中,100米,80公里/小时
226947,雨天,夜晚,湿滑,20米,35公里/小时,50米,普通轿车,赶时间（通勤/赶飞机）,应急车辆,应急车辆,接近中,50米,30公里/小时
226982,雨天,夜晚,湿滑,20米,35公里/小时,50米,普通轿车,无特别需求,普通轿车,无,接近中,100米,80公里/小时
227141,雨天,夜晚,湿滑,20米,35公里/小时,50米,卡车,紧急（送医）,卡车,普通轿车,静止,0米,0公里/小时
227261,雨天,夜晚,湿滑,20米,35公里/小时,50米,卡车,无特别需求,普通轿车,普通轿车,静止,0米,0公里/小时
227544,雨天,夜晚,湿滑,20米,35公里/小时,50米,应急车辆,无特别需求,普通轿车,应急车辆,接近中,100米,30公里/小时
227603,雨天,夜晚,湿滑,20米,35公里/小时,50米,应急车辆,无特别需求,卡车,应急车辆,接近中,100米,50公里/小时
227615,雨天,夜晚,湿滑,20米,35公里/小时,100米,普通轿车,紧急（送医）,普通轿车,无,接近中,50米,80公里/小时
227887,雨天,夜晚,湿滑,20米,35公里/小时,100米,卡车,紧急（送医）,普通轿车,无,接近中,50米,30公里/小时
227949,雨天,夜晚,湿滑,20米,35公里/小时,100米,卡车,紧急（送医）,卡车,无,接近中,10米,50公里/小时
227979,雨天,夜晚,湿滑,20米,35公里/小时,100米,卡车,赶时间（通勤/赶飞机）,普通轿车,无,接近中,10米,50公里/小时
228122,雨天,夜晚,湿滑,20米,35公里/小时,100米,卡车,无特别需求,卡车,无,接近中,100米,80公里/小时
228256,雨天,夜晚,湿滑,20米,35公里/小时,100米,应急车辆,赶时间（通勤/赶飞机）,普通轿车,普通轿车,接近中,50米,50公里/小时
228283,雨天,夜晚,湿滑,20米,35公里/小时,100米,应急车辆,赶时间（通勤/赶飞机）,应急车辆,普通轿车,接近中,100米,50公里/小时
228309,雨天,夜晚,湿滑,20米,35公里/小时,100米,应急车辆,赶时间（通勤/赶飞机）,卡车,无,接近中,10米,50公里/小时
228622,雨天,夜晚,湿滑,20米,60公里/小时,50米,普通轿车,无特别需求,普通轿车,应急车辆,接近中,100米,80公里/小时
228755,雨天,夜晚,湿滑,20米,60公里/小时,50米,卡车,紧急（送医）,卡车,无,接近中,50米,80公里/小时
228811,雨天,夜晚,湿滑,20米,60公里/小时,50米,卡车,赶时间（通勤/赶飞机）,应急车辆,无,静止,0米,0公里/小时
229137,雨天,夜晚,湿滑,20米,60公里/小时,50米,应急车辆,赶时间（通勤/赶飞机）,卡车,应急车辆,接近中,50米,30公里/小时
229686,雨天,夜晚,湿滑,20米,60公里/小时,100米,卡车,无特别需求,普通轿车,无,接近中,50米,50公里/小时
230139,雨天,夜晚,湿滑,20米,60公里/小时,150米,普通轿车,赶时间（通勤/赶飞机）,普通轿车,无,接近中,10米,50公里/小时
230251,雨天,夜晚,湿滑,20米,60公里/小时,150米,普通轿车,无特别需求,应急车辆,无,静止,0米,0公里/小时
230408,雨天,夜晚,湿滑,20米,60公里/小时,150米,卡车,赶时间（通勤/赶飞机）,普通轿车,无,接近中,10米,80公里/小时
230529,雨天,夜晚,湿滑,20米,60公里/小时,150米,卡车,无特别需求,应急车辆,无,接近中,10米,50公里/小时
230616,雨天,夜晚,湿滑,20米,60公里/小时,150米,应急车辆,紧急（送医）,应急车辆,无,接近中,50米,50公里/小时
230635,雨天,夜晚,湿滑,20米,60公里/小时,150米,应急车辆,紧急（送医）,应急车辆,应急车辆,接近中,50米,80公里/小时
230743,雨天,夜晚,湿滑,20米,60公里/小时,150米,应急车辆,赶时间（通勤/赶飞机）,卡车,普通轿车,接近中,100米,50公里/小时
230825,雨天,夜晚,湿滑,20米,60公里/小时,150米,应急车辆,无特别需求,卡车,无,接近中,50米,80公里/小时
230867,雨天,夜晚,湿滑,20米,100公里/小时,100米,普通轿车,紧急（送医）,普通轿车,普通轿车,接近中,50米,30公里/小时
230980,雨天,夜晚,湿滑,20米,100公里/小时,100米,普通轿车,赶时间（通勤/赶飞机）,应急车辆,无,接近中,10米,30公里/小时
231123,雨天,夜晚,湿滑,20米,100公里/小时,100米,卡车,紧急（送医）,普通轿车,无,接近中,100米,50公里/小时
231457,雨天,夜晚,湿滑,20米,100公里/小时,100米,应急车辆,紧急（送医）,卡车,无,接近中,50米,30公里/小时
231503,雨天,夜晚,湿滑,20米,100公里/小时,100米,应急车辆,赶时间（通勤/赶飞机）,普通轿车,应急车辆,接近中,100米,50公里/小时
231648,雨天,夜晚,湿滑,20米,100公里/小时,100米,应急车辆,无特别需求,卡车,普通轿车,接近中,10米,80公里/小时
231813,雨天,夜晚,湿滑,20米,100公里/小时,150米,普通轿车,赶时间（通勤/赶飞机）,卡车,无,接近中,100米,50公里/小时
232053,雨天,夜晚,湿滑,20米,100公里/小时,150米,卡车,赶时间（通勤/赶飞机）,应急车辆,无,接近中,100米,50公里/小时
232531,雨天,夜晚,湿滑,20米,100公里/小时,200米,普通轿车,紧急（送医）,卡车,无,静止,0米,0公里/小时
232596,雨天,夜晚,湿滑,20米,100公里/小时,200米,普通轿车,赶时间（通勤/赶飞机）,应急车辆,无,接近中,50米,50公里/小时
232704,雨天,夜晚,湿滑,20米,100公里/小时,200米,普通轿车,无特别需求,应急车辆,应急车辆,接近中,100米,30公里/小时
232866,雨天,夜晚,湿滑,20米,100公里/小时,200米,卡车,赶时间（通勤/赶飞机）,应急车辆,无,接近中,50米,50公里/小时
233017,雨天,夜晚,湿滑,20米,100公里/小时,200米,应急车辆,紧急（送医）,普通轿车,无,接近中,50米,30公里/小时
233047,雨天,夜晚,湿滑,20米,100公里/小时,200米,应急车辆,紧急（送医）,应急车辆,无,接近中,50米,30公里/小时
233051,雨天,夜晚,湿滑,20米,100公里/小时,200米,应急车辆,紧急（送医）,应急车辆,普通轿车,静止,0米,0公里/小时
233279,雨天,夜晚,湿滑,20米,100公里/小时,200米,应急车辆,无特别需求,卡车,应急车辆,接近中,10米,50公里/小时
