id,Météo,Moment de la journée,État de la route,Type de piéton,Comportement du piéton,Action du piéton,Rôle du véhicule ego,Besoin du passager,Distance au piéton,Vitesse du véhicule ego
4,ensoleillé,jour,sec,enfant,regarde son téléphone,s’arrêter,voiture normale,urgence (vers hôpital),10m,50km/h
7,ensoleillé,jour,sec,enfant,regarde son téléphone,s’arrêter,véhicule d'urgence,urgence (vers hôpital),10m,25km/h
36,ensoleillé,jour,sec,enfant,regarde son téléphone,s’arrêter,camion,pressé (travail ou vol),100m,50km/h
43,ensoleillé,jour,sec,enfant,regarde son téléphone,s’arrêter,véhicule d'urgence,aucun,10m,25km/h
58,ensoleillé,jour,sec,enfant,regarde son téléphone,se déplacer en direction du passage piéton,voiture normale,urgence (vers hôpital),10m,50km/h
60,ensoleillé,jour,sec,enfant,regarde son téléphone,se déplacer en direction du passage piéton,voiture normale,urgence (vers hôpital),100m,50km/h
104,ensoleillé,jour,sec,enfant,regarde son téléphone,se déplacer en direction du passage piéton,camion,aucun,50m,25km/h
116,ensoleillé,jour,sec,enfant,regarde son téléphone,se déplacer dans une direction autre que celle du passage piéton,véhicule d'urgence,urgence (vers hôpital),50m,25km/h
128,ensoleillé,jour,sec,enfant,regarde son téléphone,se déplacer dans une direction autre que celle du passage piéton,voiture normale,pressé (travail ou vol),50m,25km/h
138,ensoleillé,jour,sec,enfant,regarde son téléphone,se déplacer dans une direction autre que celle du passage piéton,véhicule d'urgence,pressé (travail ou vol),100m,50km/h
170,ensoleillé,jour,sec,enfant,parle à quelqu'un,s’arrêter,véhicule d'urgence,urgence (vers hôpital),50m,25km/h
201,ensoleillé,jour,sec,enfant,parle à quelqu'un,s’arrêter,voiture normale,aucun,100m,25km/h
211,ensoleillé,jour,sec,enfant,parle à quelqu'un,s’arrêter,camion,aucun,10m,25km/h
218,ensoleillé,jour,sec,enfant,parle à quelqu'un,se déplacer en direction du passage piéton,voiture normale,urgence (vers hôpital),50m,25km/h
219,ensoleillé,jour,sec,enfant,parle à quelqu'un,se déplacer en direction du passage piéton,voiture normale,urgence (vers hôpital),100m,25km/h
248,ensoleillé,jour,sec,enfant,parle à quelqu'un,se déplacer en direction du passage piéton,camion,pressé (travail ou vol),50m,25km/h
252,ensoleillé,jour,sec,enfant,parle à quelqu'un,se déplacer en direction du passage piéton,camion,pressé (travail ou vol),100m,50km/h
258,ensoleillé,jour,sec,enfant,parle à quelqu'un,se déplacer en direction du passage piéton,voiture normale,aucun,100m,50km/h
266,ensoleillé,jour,sec,enfant,parle à quelqu'un,se déplacer en direction du passage piéton,camion,aucun,50m,25km/h
274,ensoleillé,jour,sec,enfant,parle à quelqu'un,se déplacer dans une direction autre que celle du passage piéton,voiture normale,urgence (vers hôpital),10m,50km/h
291,ensoleillé,jour,sec,enfant,parle à quelqu'un,se déplacer dans une direction autre que celle du passage piéton,voiture normale,pressé (travail ou vol),100m,25km/h
314,ensoleillé,jour,sec,enfant,parle à quelqu'un,se déplacer dans une direction autre que celle du passage piéton,véhicule d'urgence,aucun,50m,25km/h
323,ensoleillé,jour,sec,enfant,parle à quelqu'un,se déplacer dans une direction autre que celle du passage piéton,camion,aucun,50m,50km/h
324,ensoleillé,jour,sec,enfant,parle à quelqu'un,se déplacer dans une direction autre que celle du passage piéton,camion,aucun,100m,50km/h
327,ensoleillé,jour,sec,enfant,regarde autour,s’arrêter,voiture normale,urgence (vers hôpital),100m,25km/h
328,ensoleillé,jour,sec,enfant,regarde autour,s’arrêter,voiture normale,urgence (vers hôpital),10m,50km/h
342,ensoleillé,jour,sec,enfant,regarde autour,s’arrêter,camion,urgence (vers hôpital),100m,50km/h
345,ensoleillé,jour,sec,enfant,regarde autour,s’arrêter,voiture normale,pressé (travail ou vol),100m,25km/h
347,ensoleillé,jour,sec,enfant,regarde autour,s’arrêter,voiture normale,pressé (travail ou vol),50m,50km/h
352,ensoleillé,jour,sec,enfant,regarde autour,s’arrêter,véhicule d'urgence,pressé (travail ou vol),10m,50km/h
362,ensoleillé,jour,sec,enfant,regarde autour,s’arrêter,voiture normale,aucun,50m,25km/h
380,ensoleillé,jour,sec,enfant,regarde autour,se déplacer en direction du passage piéton,voiture normale,urgence (vers hôpital),50m,25km/h
386,ensoleillé,jour,sec,enfant,regarde autour,se déplacer en direction du passage piéton,véhicule d'urgence,urgence (vers hôpital),50m,25km/h
388,ensoleillé,jour,sec,enfant,regarde autour,se déplacer en direction du passage piéton,véhicule d'urgence,urgence (vers hôpital),10m,50km/h
410,ensoleillé,jour,sec,enfant,regarde autour,se déplacer en direction du passage piéton,camion,pressé (travail ou vol),50m,25km/h
424,ensoleillé,jour,sec,enfant,regarde autour,se déplacer en direction du passage piéton,véhicule d'urgence,aucun,10m,50km/h
425,ensoleillé,jour,sec,enfant,regarde autour,se déplacer en direction du passage piéton,véhicule d'urgence,aucun,50m,50km/h
439,ensoleillé,jour,sec,enfant,regarde autour,se déplacer dans une direction autre que celle du passage piéton,véhicule d'urgence,urgence (vers hôpital),10m,25km/h
451,ensoleillé,jour,sec,enfant,regarde autour,se déplacer dans une direction autre que celle du passage piéton,voiture normale,pressé (travail ou vol),10m,25km/h
461,ensoleillé,jour,sec,enfant,regarde autour,se déplacer dans une direction autre que celle du passage piéton,véhicule d'urgence,pressé (travail ou vol),50m,50km/h
467,ensoleillé,jour,sec,enfant,regarde autour,se déplacer dans une direction autre que celle du passage piéton,camion,pressé (travail ou vol),50m,50km/h
468,ensoleillé,jour,sec,enfant,regarde autour,se déplacer dans une direction autre que celle du passage piéton,camion,pressé (travail ou vol),100m,50km/h
485,ensoleillé,jour,sec,enfant,regarde autour,se déplacer dans une direction autre que celle du passage piéton,camion,aucun,50m,50km/h
500,ensoleillé,jour,sec,personne âgée,regarde son téléphone,s’arrêter,camion,urgence (vers hôpital),50m,25km/h
559,ensoleillé,jour,sec,personne âgée,regarde son téléphone,se déplacer en direction du passage piéton,voiture normale,pressé (travail ou vol),10m,25km/h
622,ensoleillé,jour,sec,personne âgée,regarde son téléphone,se déplacer dans une direction autre que celle du passage piéton,véhicule d'urgence,pressé (travail ou vol),10m,50km/h
652,ensoleillé,jour,sec,personne âgée,parle à quelqu'un,s’arrêter,voiture normale,urgence (vers hôpital),10m,50km/h
706,ensoleillé,jour,sec,personne âgée,parle à quelqu'un,se déplacer en direction du passage piéton,voiture normale,urgence (vers hôpital),10m,50km/h
716,ensoleillé,jour,sec,personne âgée,parle à quelqu'un,se déplacer en direction du passage piéton,camion,urgence (vers hôpital),50m,25km/h
719,ensoleillé,jour,sec,personne âgée,parle à quelqu'un,se déplacer en direction du passage piéton,camion,urgence (vers hôpital),50m,50km/h
734,ensoleillé,jour,sec,personne âgée,parle à quelqu'un,se déplacer en direction du passage piéton,camion,pressé (travail ou vol),50m,25km/h
737,ensoleillé,jour,sec,personne âgée,parle à quelqu'un,se déplacer en direction du passage piéton,camion,pressé (travail ou vol),50m,50km/h
739,ensoleillé,jour,sec,personne âgée,parle à quelqu'un,se déplacer en direction du passage piéton,voiture normale,aucun,10m,25km/h
796,ensoleillé,jour,sec,personne âgée,parle à quelqu'un,se déplacer dans une direction autre que celle du passage piéton,voiture normale,aucun,10m,50km/h
829,ensoleillé,jour,sec,personne âgée,regarde autour,s’arrêter,voiture normale,pressé (travail ou vol),10m,25km/h
853,ensoleillé,jour,sec,personne âgée,regarde autour,s’arrêter,véhicule d'urgence,aucun,10m,25km/h
879,ensoleillé,jour,sec,personne âgée,regarde autour,se déplacer en direction du passage piéton,camion,urgence (vers hôpital),100m,25km/h
912,ensoleillé,jour,sec,personne âgée,regarde autour,se déplacer en direction du passage piéton,véhicule d'urgence,aucun,100m,50km/h
929,ensoleillé,jour,sec,personne âgée,regarde autour,se déplacer dans une direction autre que celle du passage piéton,véhicule d'urgence,urgence (vers hôpital),50m,50km/h
937,ensoleillé,jour,sec,personne âgée,regarde autour,se déplacer dans une direction autre que celle du passage piéton,voiture normale,pressé (travail ou vol),10m,25km/h
961,ensoleillé,jour,sec,personne âgée,regarde autour,se déplacer dans une direction autre que celle du passage piéton,véhicule d'urgence,aucun,10m,25km/h
971,ensoleillé,jour,sec,personne âgée,regarde autour,se déplacer dans une direction autre que celle du passage piéton,camion,aucun,50m,50km/h
972,ensoleillé,jour,sec,personne âgée,regarde autour,se déplacer dans une direction autre que celle du passage piéton,camion,aucun,100m,50km/h
978,ensoleillé,jour,sec,policier,regarde son téléphone,s’arrêter,voiture normale,urgence (vers hôpital),100m,50km/h
981,ensoleillé,jour,sec,policier,regarde son téléphone,s’arrêter,véhicule d'urgence,urgence (vers hôpital),100m,25km/h
1007,ensoleillé,jour,sec,policier,regarde son téléphone,s’arrêter,camion,pressé (travail ou vol),50m,50km/h
1024,ensoleillé,jour,sec,policier,regarde son téléphone,s’arrêter,camion,aucun,10m,50km/h
1028,ensoleillé,jour,sec,policier,regarde son téléphone,se déplacer en direction du passage piéton,voiture normale,urgence (vers hôpital),50m,25km/h
1035,ensoleillé,jour,sec,policier,regarde son téléphone,se déplacer en direction du passage piéton,véhicule d'urgence,urgence (vers hôpital),100m,25km/h
1036,ensoleillé,jour,sec,policier,regarde son téléphone,se déplacer en direction du passage piéton,véhicule d'urgence,urgence (vers hôpital),10m,50km/h
1053,ensoleillé,jour,sec,policier,regarde son téléphone,se déplacer en direction du passage piéton,véhicule d'urgence,pressé (travail ou vol),100m,25km/h
1085,ensoleillé,jour,sec,policier,regarde son téléphone,se déplacer dans une direction autre que celle du passage piéton,voiture normale,urgence (vers hôpital),50m,50km/h
1087,ensoleillé,jour,sec,policier,regarde son téléphone,se déplacer dans une direction autre que celle du passage piéton,véhicule d'urgence,urgence (vers hôpital),10m,25km/h
1088,ensoleillé,jour,sec,policier,regarde son téléphone,se déplacer dans une direction autre que celle du passage piéton,véhicule d'urgence,urgence (vers hôpital),50m,25km/h
1093,ensoleillé,jour,sec,policier,regarde son téléphone,se déplacer dans une direction autre que celle du passage piéton,camion,urgence (vers hôpital),10m,25km/h
1115,ensoleillé,jour,sec,policier,regarde son téléphone,se déplacer dans une direction autre que celle du passage piéton,camion,pressé (travail ou vol),50m,50km/h
1124,ensoleillé,jour,sec,policier,regarde son téléphone,se déplacer dans une direction autre que celle du passage piéton,véhicule d'urgence,aucun,50m,25km/h
1145,ensoleillé,jour,sec,policier,parle à quelqu'un,s’arrêter,véhicule d'urgence,urgence (vers hôpital),50m,50km/h
1148,ensoleillé,jour,sec,policier,parle à quelqu'un,s’arrêter,camion,urgence (vers hôpital),50m,25km/h
1154,ensoleillé,jour,sec,policier,parle à quelqu'un,s’arrêter,voiture normale,pressé (travail ou vol),50m,25km/h
1158,ensoleillé,jour,sec,policier,parle à quelqu'un,s’arrêter,voiture normale,pressé (travail ou vol),100m,50km/h
1163,ensoleillé,jour,sec,policier,parle à quelqu'un,s’arrêter,véhicule d'urgence,pressé (travail ou vol),50m,50km/h
1164,ensoleillé,jour,sec,policier,parle à quelqu'un,s’arrêter,véhicule d'urgence,pressé (travail ou vol),100m,50km/h
1183,ensoleillé,jour,sec,policier,parle à quelqu'un,s’arrêter,camion,aucun,10m,25km/h
1200,ensoleillé,jour,sec,policier,parle à quelqu'un,se déplacer en direction du passage piéton,véhicule d'urgence,urgence (vers hôpital),100m,50km/h
1228,ensoleillé,jour,sec,policier,parle à quelqu'un,se déplacer en direction du passage piéton,voiture normale,aucun,10m,50km/h
1262,ensoleillé,jour,sec,policier,parle à quelqu'un,se déplacer dans une direction autre que celle du passage piéton,voiture normale,pressé (travail ou vol),50m,25km/h
1273,ensoleillé,jour,sec,policier,parle à quelqu'un,se déplacer dans une direction autre que celle du passage piéton,camion,pressé (travail ou vol),10m,25km/h
1289,ensoleillé,jour,sec,policier,parle à quelqu'un,se déplacer dans une direction autre que celle du passage piéton,véhicule d'urgence,aucun,50m,50km/h
1291,ensoleillé,jour,sec,policier,parle à quelqu'un,se déplacer dans une direction autre que celle du passage piéton,camion,aucun,10m,25km/h
1298,ensoleillé,jour,sec,policier,regarde autour,s’arrêter,voiture normale,urgence (vers hôpital),50m,25km/h
1329,ensoleillé,jour,sec,policier,regarde autour,s’arrêter,camion,pressé (travail ou vol),100m,25km/h
1347,ensoleillé,jour,sec,policier,regarde autour,s’arrêter,camion,aucun,100m,25km/h
1348,ensoleillé,jour,sec,policier,regarde autour,s’arrêter,camion,aucun,10m,50km/h
1351,ensoleillé,jour,sec,policier,regarde autour,se déplacer en direction du passage piéton,voiture normale,urgence (vers hôpital),10m,25km/h
1356,ensoleillé,jour,sec,policier,regarde autour,se déplacer en direction du passage piéton,voiture normale,urgence (vers hôpital),100m,50km/h
1384,ensoleillé,jour,sec,policier,regarde autour,se déplacer en direction du passage piéton,camion,pressé (travail ou vol),10m,50km/h
1397,ensoleillé,jour,sec,policier,regarde autour,se déplacer en direction du passage piéton,véhicule d'urgence,aucun,50m,50km/h
1398,ensoleillé,jour,sec,policier,regarde autour,se déplacer en direction du passage piéton,véhicule d'urgence,aucun,100m,50km/h
1420,ensoleillé,jour,sec,policier,regarde autour,se déplacer dans une direction autre que celle du passage piéton,camion,urgence (vers hôpital),10m,50km/h
1428,ensoleillé,jour,sec,policier,regarde autour,se déplacer dans une direction autre que celle du passage piéton,voiture normale,pressé (travail ou vol),100m,50km/h
1430,ensoleillé,jour,sec,policier,regarde autour,se déplacer dans une direction autre que celle du passage piéton,véhicule d'urgence,pressé (travail ou vol),50m,25km/h
1444,ensoleillé,jour,sec,policier,regarde autour,se déplacer dans une direction autre que celle du passage piéton,voiture normale,aucun,10m,50km/h
1445,ensoleillé,jour,sec,policier,regarde autour,se déplacer dans une direction autre que celle du passage piéton,voiture normale,aucun,50m,50km/h
1454,ensoleillé,jour,sec,policier,regarde autour,se déplacer dans une direction autre que celle du passage piéton,camion,aucun,50m,25km/h
1457,ensoleillé,jour,sec,policier,regarde autour,se déplacer dans une direction autre que celle du passage piéton,camion,aucun,50m,50km/h
1494,ensoleillé,jour,sec,femme enceinte,regarde son téléphone,s’arrêter,camion,pressé (travail ou vol),100m,50km/h
1513,ensoleillé,jour,sec,femme enceinte,regarde son téléphone,se déplacer en direction du passage piéton,voiture normale,urgence (vers hôpital),10m,25km/h
1523,ensoleillé,jour,sec,femme enceinte,regarde son téléphone,se déplacer en direction du passage piéton,véhicule d'urgence,urgence (vers hôpital),50m,50km/h
1528,ensoleillé,jour,sec,femme enceinte,regarde son téléphone,se déplacer en direction du passage piéton,camion,urgence (vers hôpital),10m,50km/h
1531,ensoleillé,jour,sec,femme enceinte,regarde son téléphone,se déplacer en direction du passage piéton,voiture normale,pressé (travail ou vol),10m,25km/h
1535,ensoleillé,jour,sec,femme enceinte,regarde son téléphone,se déplacer en direction du passage piéton,voiture normale,pressé (travail ou vol),50m,50km/h
1536,ensoleillé,jour,sec,femme enceinte,regarde son téléphone,se déplacer en direction du passage piéton,voiture normale,pressé (travail ou vol),100m,50km/h
1612,ensoleillé,jour,sec,femme enceinte,regarde son téléphone,se déplacer dans une direction autre que celle du passage piéton,véhicule d'urgence,aucun,10m,50km/h
1625,ensoleillé,jour,sec,femme enceinte,parle à quelqu'un,s’arrêter,voiture normale,urgence (vers hôpital),50m,50km/h
1633,ensoleillé,jour,sec,femme enceinte,parle à quelqu'un,s’arrêter,camion,urgence (vers hôpital),10m,25km/h
1705,ensoleillé,jour,sec,femme enceinte,parle à quelqu'un,se déplacer en direction du passage piéton,camion,pressé (travail ou vol),10m,25km/h
1711,ensoleillé,jour,sec,femme enceinte,parle à quelqu'un,se déplacer en direction du passage piéton,voiture normale,aucun,10m,25km/h
1713,ensoleillé,jour,sec,femme enceinte,parle à quelqu'un,se déplacer en direction du passage piéton,voiture normale,aucun,100m,25km/h
1730,ensoleillé,jour,sec,femme enceinte,parle à quelqu'un,se déplacer dans une direction autre que celle du passage piéton,voiture normale,urgence (vers hôpital),50m,25km/h
1731,ensoleillé,jour,sec,femme enceinte,parle à quelqu'un,se déplacer dans une direction autre que celle du passage piéton,voiture normale,urgence (vers hôpital),100m,25km/h
1740,ensoleillé,jour,sec,femme enceinte,parle à quelqu'un,se déplacer dans une direction autre que celle du passage piéton,véhicule d'urgence,urgence (vers hôpital),100m,50km/h
1748,ensoleillé,jour,sec,femme enceinte,parle à quelqu'un,se déplacer dans une direction autre que celle du passage piéton,voiture normale,pressé (travail ou vol),50m,25km/h
1769,ensoleillé,jour,sec,femme enceinte,parle à quelqu'un,se déplacer dans une direction autre que celle du passage piéton,voiture normale,aucun,50m,50km/h
1808,ensoleillé,jour,sec,femme enceinte,regarde autour,s’arrêter,véhicule d'urgence,pressé (travail ou vol),50m,25km/h
1816,ensoleillé,jour,sec,femme enceinte,regarde autour,s’arrêter,camion,pressé (travail ou vol),10m,50km/h
1839,ensoleillé,jour,sec,femme enceinte,regarde autour,se déplacer en direction du passage piéton,voiture normale,urgence (vers hôpital),100m,25km/h
1863,ensoleillé,jour,sec,femme enceinte,regarde autour,se déplacer en direction du passage piéton,véhicule d'urgence,pressé (travail ou vol),100m,25km/h
1870,ensoleillé,jour,sec,femme enceinte,regarde autour,se déplacer en direction du passage piéton,camion,pressé (travail ou vol),10m,50km/h
1906,ensoleillé,jour,sec,femme enceinte,regarde autour,se déplacer dans une direction autre que celle du passage piéton,camion,urgence (vers hôpital),10m,50km/h
1912,ensoleillé,jour,sec,femme enceinte,regarde autour,se déplacer dans une direction autre que celle du passage piéton,voiture normale,pressé (travail ou vol),10m,50km/h
1958,ensoleillé,jour,sec,étudiant universitaire,regarde son téléphone,s’arrêter,camion,urgence (vers hôpital),50m,25km/h
1960,ensoleillé,jour,sec,étudiant universitaire,regarde son téléphone,s’arrêter,camion,urgence (vers hôpital),10m,50km/h
1963,ensoleillé,jour,sec,étudiant universitaire,regarde son téléphone,s’arrêter,voiture normale,pressé (travail ou vol),10m,25km/h
1982,ensoleillé,jour,sec,étudiant universitaire,regarde son téléphone,s’arrêter,voiture normale,aucun,50m,25km/h
2009,ensoleillé,jour,sec,étudiant universitaire,regarde son téléphone,se déplacer en direction du passage piéton,véhicule d'urgence,urgence (vers hôpital),50m,50km/h
2027,ensoleillé,jour,sec,étudiant universitaire,regarde son téléphone,se déplacer en direction du passage piéton,véhicule d'urgence,pressé (travail ou vol),50m,50km/h
2035,ensoleillé,jour,sec,étudiant universitaire,regarde son téléphone,se déplacer en direction du passage piéton,voiture normale,aucun,10m,25km/h
2044,ensoleillé,jour,sec,étudiant universitaire,regarde son téléphone,se déplacer en direction du passage piéton,véhicule d'urgence,aucun,10m,50km/h
2066,ensoleillé,jour,sec,étudiant universitaire,regarde son téléphone,se déplacer dans une direction autre que celle du passage piéton,camion,urgence (vers hôpital),50m,25km/h
2086,ensoleillé,jour,sec,étudiant universitaire,regarde son téléphone,se déplacer dans une direction autre que celle du passage piéton,camion,pressé (travail ou vol),10m,50km/h
2112,ensoleillé,jour,sec,étudiant universitaire,parle à quelqu'un,s’arrêter,voiture normale,urgence (vers hôpital),100m,50km/h
2113,ensoleillé,jour,sec,étudiant universitaire,parle à quelqu'un,s’arrêter,véhicule d'urgence,urgence (vers hôpital),10m,25km/h
2128,ensoleillé,jour,sec,étudiant universitaire,parle à quelqu'un,s’arrêter,voiture normale,pressé (travail ou vol),10m,50km/h
2137,ensoleillé,jour,sec,étudiant universitaire,parle à quelqu'un,s’arrêter,camion,pressé (travail ou vol),10m,25km/h
2142,ensoleillé,jour,sec,étudiant universitaire,parle à quelqu'un,s’arrêter,camion,pressé (travail ou vol),100m,50km/h
2153,ensoleillé,jour,sec,étudiant universitaire,parle à quelqu'un,s’arrêter,véhicule d'urgence,aucun,50m,50km/h
2168,ensoleillé,jour,sec,étudiant universitaire,parle à quelqu'un,se déplacer en direction du passage piéton,véhicule d'urgence,urgence (vers hôpital),50m,25km/h
2175,ensoleillé,jour,sec,étudiant universitaire,parle à quelqu'un,se déplacer en direction du passage piéton,camion,urgence (vers hôpital),100m,25km/h
2178,ensoleillé,jour,sec,étudiant universitaire,parle à quelqu'un,se déplacer en direction du passage piéton,camion,urgence (vers hôpital),100m,50km/h
2185,ensoleillé,jour,sec,étudiant universitaire,parle à quelqu'un,se déplacer en direction du passage piéton,véhicule d'urgence,pressé (travail ou vol),10m,25km/h
2190,ensoleillé,jour,sec,étudiant universitaire,parle à quelqu'un,se déplacer en direction du passage piéton,véhicule d'urgence,pressé (travail ou vol),100m,50km/h
2200,ensoleillé,jour,sec,étudiant universitaire,parle à quelqu'un,se déplacer en direction du passage piéton,voiture normale,aucun,10m,50km/h
2222,ensoleillé,jour,sec,étudiant universitaire,parle à quelqu'un,se déplacer dans une direction autre que celle du passage piéton,véhicule d'urgence,urgence (vers hôpital),50m,25km/h
2226,ensoleillé,jour,sec,étudiant universitaire,parle à quelqu'un,se déplacer dans une direction autre que celle du passage piéton,véhicule d'urgence,urgence (vers hôpital),100m,50km/h
2236,ensoleillé,jour,sec,étudiant universitaire,parle à quelqu'un,se déplacer dans une direction autre que celle du passage piéton,voiture normale,pressé (travail ou vol),10m,50km/h
2248,ensoleillé,jour,sec,étudiant universitaire,parle à quelqu'un,se déplacer dans une direction autre que celle du passage piéton,camion,pressé (travail ou vol),10m,50km/h
2266,ensoleillé,jour,sec,étudiant universitaire,parle à quelqu'un,se déplacer dans une direction autre que celle du passage piéton,camion,aucun,10m,50km/h
2271,ensoleillé,jour,sec,étudiant universitaire,regarde autour,s’arrêter,voiture normale,urgence (vers hôpital),100m,25km/h
2278,ensoleillé,jour,sec,étudiant universitaire,regarde autour,s’arrêter,véhicule d'urgence,urgence (vers hôpital),10m,50km/h
2280,ensoleillé,jour,sec,étudiant universitaire,regarde autour,s’arrêter,véhicule d'urgence,urgence (vers hôpital),100m,50km/h
2301,ensoleillé,jour,sec,étudiant universitaire,regarde autour,s’arrêter,camion,pressé (travail ou vol),100m,25km/h
2302,ensoleillé,jour,sec,étudiant universitaire,regarde autour,s’arrêter,camion,pressé (travail ou vol),10m,50km/h
2309,ensoleillé,jour,sec,étudiant universitaire,regarde autour,s’arrêter,voiture normale,aucun,50m,50km/h
2316,ensoleillé,jour,sec,étudiant universitaire,regarde autour,s’arrêter,véhicule d'urgence,aucun,100m,50km/h
2320,ensoleillé,jour,sec,étudiant universitaire,regarde autour,s’arrêter,camion,aucun,10m,50km/h
2326,ensoleillé,jour,sec,étudiant universitaire,regarde autour,se déplacer en direction du passage piéton,voiture normale,urgence (vers hôpital),10m,50km/h
2361,ensoleillé,jour,sec,étudiant universitaire,regarde autour,se déplacer en direction du passage piéton,voiture normale,aucun,100m,25km/h
2387,ensoleillé,jour,sec,étudiant universitaire,regarde autour,se déplacer dans une direction autre que celle du passage piéton,véhicule d'urgence,urgence (vers hôpital),50m,50km/h
2389,ensoleillé,jour,sec,étudiant universitaire,regarde autour,se déplacer dans une direction autre que celle du passage piéton,camion,urgence (vers hôpital),10m,25km/h
2393,ensoleillé,jour,sec,étudiant universitaire,regarde autour,se déplacer dans une direction autre que celle du passage piéton,camion,urgence (vers hôpital),50m,50km/h
2394,ensoleillé,jour,sec,étudiant universitaire,regarde autour,se déplacer dans une direction autre que celle du passage piéton,camion,urgence (vers hôpital),100m,50km/h
2406,ensoleillé,jour,sec,étudiant universitaire,regarde autour,se déplacer dans une direction autre que celle du passage piéton,véhicule d'urgence,pressé (travail ou vol),100m,50km/h
2409,ensoleillé,jour,sec,étudiant universitaire,regarde autour,se déplacer dans une direction autre que celle du passage piéton,camion,pressé (travail ou vol),100m,25km/h
2415,ensoleillé,jour,sec,étudiant universitaire,regarde autour,se déplacer dans une direction autre que celle du passage piéton,voiture normale,aucun,100m,25km/h
2440,ensoleillé,jour,mouillé,enfant,regarde son téléphone,s’arrêter,véhicule d'urgence,urgence (vers hôpital),10m,50km/h
2445,ensoleillé,jour,mouillé,enfant,regarde son téléphone,s’arrêter,camion,urgence (vers hôpital),100m,25km/h
2481,ensoleillé,jour,mouillé,enfant,regarde son téléphone,s’arrêter,camion,aucun,100m,25km/h
2484,ensoleillé,jour,mouillé,enfant,regarde son téléphone,s’arrêter,camion,aucun,100m,50km/h
2504,ensoleillé,jour,mouillé,enfant,regarde son téléphone,se déplacer en direction du passage piéton,voiture normale,pressé (travail ou vol),50m,25km/h
2513,ensoleillé,jour,mouillé,enfant,regarde son téléphone,se déplacer en direction du passage piéton,véhicule d'urgence,pressé (travail ou vol),50m,50km/h
2535,ensoleillé,jour,mouillé,enfant,regarde son téléphone,se déplacer en direction du passage piéton,camion,aucun,100m,25km/h
2550,ensoleillé,jour,mouillé,enfant,regarde son téléphone,se déplacer dans une direction autre que celle du passage piéton,véhicule d'urgence,urgence (vers hôpital),100m,50km/h
2555,ensoleillé,jour,mouillé,enfant,regarde son téléphone,se déplacer dans une direction autre que celle du passage piéton,camion,urgence (vers hôpital),50m,50km/h
2560,ensoleillé,jour,mouillé,enfant,regarde son téléphone,se déplacer dans une direction autre que celle du passage piéton,voiture normale,pressé (travail ou vol),10m,50km/h
2572,ensoleillé,jour,mouillé,enfant,regarde son téléphone,se déplacer dans une direction autre que celle du passage piéton,camion,pressé (travail ou vol),10m,50km/h
2580,ensoleillé,jour,mouillé,enfant,regarde son téléphone,se déplacer dans une direction autre que celle du passage piéton,voiture normale,aucun,100m,50km/h
2586,ensoleillé,jour,mouillé,enfant,regarde son téléphone,se déplacer dans une direction autre que celle du passage piéton,véhicule d'urgence,aucun,100m,50km/h
2603,ensoleillé,jour,mouillé,enfant,parle à quelqu'un,s’arrêter,véhicule d'urgence,urgence (vers hôpital),50m,50km/h
2606,ensoleillé,jour,mouillé,enfant,parle à quelqu'un,s’arrêter,camion,urgence (vers hôpital),50m,25km/h
2610,ensoleillé,jour,mouillé,enfant,parle à quelqu'un,s’arrêter,camion,urgence (vers hôpital),100m,50km/h
2622,ensoleillé,jour,mouillé,enfant,parle à quelqu'un,s’arrêter,véhicule d'urgence,pressé (travail ou vol),100m,50km/h
2625,ensoleillé,jour,mouillé,enfant,parle à quelqu'un,s’arrêter,camion,pressé (travail ou vol),100m,25km/h
2627,ensoleillé,jour,mouillé,enfant,parle à quelqu'un,s’arrêter,camion,pressé (travail ou vol),50m,50km/h
2648,ensoleillé,jour,mouillé,enfant,parle à quelqu'un,se déplacer en direction du passage piéton,voiture normale,urgence (vers hôpital),50m,25km/h
2677,ensoleillé,jour,mouillé,enfant,parle à quelqu'un,se déplacer en direction du passage piéton,camion,pressé (travail ou vol),10m,25km/h
2678,ensoleillé,jour,mouillé,enfant,parle à quelqu'un,se déplacer en direction du passage piéton,camion,pressé (travail ou vol),50m,25km/h
2679,ensoleillé,jour,mouillé,enfant,parle à quelqu'un,se déplacer en direction du passage piéton,camion,pressé (travail ou vol),100m,25km/h
2699,ensoleillé,jour,mouillé,enfant,parle à quelqu'un,se déplacer en direction du passage piéton,camion,aucun,50m,50km/h
2700,ensoleillé,jour,mouillé,enfant,parle à quelqu'un,se déplacer en direction du passage piéton,camion,aucun,100m,50km/h
2702,ensoleillé,jour,mouillé,enfant,parle à quelqu'un,se déplacer dans une direction autre que celle du passage piéton,voiture normale,urgence (vers hôpital),50m,25km/h
2704,ensoleillé,jour,mouillé,enfant,parle à quelqu'un,se déplacer dans une direction autre que celle du passage piéton,voiture normale,urgence (vers hôpital),10m,50km/h
2713,ensoleillé,jour,mouillé,enfant,parle à quelqu'un,se déplacer dans une direction autre que celle du passage piéton,camion,urgence (vers hôpital),10m,25km/h
2741,ensoleillé,jour,mouillé,enfant,parle à quelqu'un,se déplacer dans une direction autre que celle du passage piéton,voiture normale,aucun,50m,50km/h
2744,ensoleillé,jour,mouillé,enfant,parle à quelqu'un,se déplacer dans une direction autre que celle du passage piéton,véhicule d'urgence,aucun,50m,25km/h
2784,ensoleillé,jour,mouillé,enfant,regarde autour,s’arrêter,véhicule d'urgence,pressé (travail ou vol),100m,50km/h
2798,ensoleillé,jour,mouillé,enfant,regarde autour,s’arrêter,véhicule d'urgence,aucun,50m,25km/h
2815,ensoleillé,jour,mouillé,enfant,regarde autour,se déplacer en direction du passage piéton,véhicule d'urgence,urgence (vers hôpital),10m,25km/h
2827,ensoleillé,jour,mouillé,enfant,regarde autour,se déplacer en direction du passage piéton,voiture normale,pressé (travail ou vol),10m,25km/h
2857,ensoleillé,jour,mouillé,enfant,regarde autour,se déplacer en direction du passage piéton,camion,aucun,10m,25km/h
2860,ensoleillé,jour,mouillé,enfant,regarde autour,se déplacer en direction du passage piéton,camion,aucun,10m,50km/h
2865,ensoleillé,jour,mouillé,enfant,regarde autour,se déplacer dans une direction autre que celle du passage piéton,voiture normale,urgence (vers hôpital),100m,25km/h
2879,ensoleillé,jour,mouillé,enfant,regarde autour,se déplacer dans une direction autre que celle du passage piéton,camion,urgence (vers hôpital),50m,50km/h
2886,ensoleillé,jour,mouillé,enfant,regarde autour,se déplacer dans une direction autre que celle du passage piéton,voiture normale,pressé (travail ou vol),100m,50km/h
2911,ensoleillé,jour,mouillé,enfant,regarde autour,se déplacer dans une direction autre que celle du passage piéton,camion,aucun,10m,25km/h
2954,ensoleillé,jour,mouillé,personne âgée,regarde son téléphone,s’arrêter,voiture normale,aucun,50m,25km/h
2969,ensoleillé,jour,mouillé,personne âgée,regarde son téléphone,s’arrêter,camion,aucun,50m,50km/h
2975,ensoleillé,jour,mouillé,personne âgée,regarde son téléphone,se déplacer en direction du passage piéton,voiture normale,urgence (vers hôpital),50m,50km/h
3001,ensoleillé,jour,mouillé,personne âgée,regarde son téléphone,se déplacer en direction du passage piéton,camion,pressé (travail ou vol),10m,25km/h
3012,ensoleillé,jour,mouillé,personne âgée,regarde son téléphone,se déplacer en direction du passage piéton,voiture normale,aucun,100m,50km/h
3015,ensoleillé,jour,mouillé,personne âgée,regarde son téléphone,se déplacer en direction du passage piéton,véhicule d'urgence,aucun,100m,25km/h
3016,ensoleillé,jour,mouillé,personne âgée,regarde son téléphone,se déplacer en direction du passage piéton,véhicule d'urgence,aucun,10m,50km/h
3051,ensoleillé,jour,mouillé,personne âgée,regarde son téléphone,se déplacer dans une direction autre que celle du passage piéton,véhicule d'urgence,pressé (travail ou vol),100m,25km/h
3060,ensoleillé,jour,mouillé,personne âgée,regarde son téléphone,se déplacer dans une direction autre que celle du passage piéton,camion,pressé (travail ou vol),100m,50km/h
3063,ensoleillé,jour,mouillé,personne âgée,regarde son téléphone,se déplacer dans une direction autre que celle du passage piéton,voiture normale,aucun,100m,25km/h
3069,ensoleillé,jour,mouillé,personne âgée,regarde son téléphone,se déplacer dans une direction autre que celle du passage piéton,véhicule d'urgence,aucun,100m,25km/h
3078,ensoleillé,jour,mouillé,personne âgée,regarde son téléphone,se déplacer dans une direction autre que celle du passage piéton,camion,aucun,100m,50km/h
3106,ensoleillé,jour,mouillé,personne âgée,parle à quelqu'un,s’arrêter,véhicule d'urgence,pressé (travail ou vol),10m,50km/h
3112,ensoleillé,jour,mouillé,personne âgée,parle à quelqu'un,s’arrêter,camion,pressé (travail ou vol),10m,50km/h
3129,ensoleillé,jour,mouillé,personne âgée,parle à quelqu'un,s’arrêter,camion,aucun,100m,25km/h
3170,ensoleillé,jour,mouillé,personne âgée,parle à quelqu'un,se déplacer en direction du passage piéton,voiture normale,aucun,50m,25km/h
3185,ensoleillé,jour,mouillé,personne âgée,parle à quelqu'un,se déplacer en direction du passage piéton,camion,aucun,50m,50km/h
3201,ensoleillé,jour,mouillé,personne âgée,parle à quelqu'un,se déplacer dans une direction autre que celle du passage piéton,camion,urgence (vers hôpital),100m,25km/h
3205,ensoleillé,jour,mouillé,personne âgée,parle à quelqu'un,se déplacer dans une direction autre que celle du passage piéton,voiture normale,pressé (travail ou vol),10m,25km/h
3208,ensoleillé,jour,mouillé,personne âgée,parle à quelqu'un,se déplacer dans une direction autre que celle du passage piéton,voiture normale,pressé (travail ou vol),10m,50km/h
3231,ensoleillé,jour,mouillé,personne âgée,parle à quelqu'un,se déplacer dans une direction autre que celle du passage piéton,véhicule d'urgence,aucun,100m,25km/h
3264,ensoleillé,jour,mouillé,personne âgée,regarde autour,s’arrêter,voiture normale,pressé (travail ou vol),100m,50km/h
3270,ensoleillé,jour,mouillé,personne âgée,regarde autour,s’arrêter,véhicule d'urgence,pressé (travail ou vol),100m,50km/h
3283,ensoleillé,jour,mouillé,personne âgée,regarde autour,s’arrêter,véhicule d'urgence,aucun,10m,25km/h
3296,ensoleillé,jour,mouillé,personne âgée,regarde autour,se déplacer en direction du passage piéton,voiture normale,urgence (vers hôpital),50m,25km/h
3299,ensoleillé,jour,mouillé,personne âgée,regarde autour,se déplacer en direction du passage piéton,voiture normale,urgence (vers hôpital),50m,50km/h
3303,ensoleillé,jour,mouillé,personne âgée,regarde autour,se déplacer en direction du passage piéton,véhicule d'urgence,urgence (vers hôpital),100m,25km/h
3311,ensoleillé,jour,mouillé,personne âgée,regarde autour,se déplacer en direction du passage piéton,camion,urgence (vers hôpital),50m,50km/h
3315,ensoleillé,jour,mouillé,personne âgée,regarde autour,se déplacer en direction du passage piéton,voiture normale,pressé (travail ou vol),100m,25km/h
3335,ensoleillé,jour,mouillé,personne âgée,regarde autour,se déplacer en direction du passage piéton,voiture normale,aucun,50m,50km/h
3342,ensoleillé,jour,mouillé,personne âgée,regarde autour,se déplacer en direction du passage piéton,véhicule d'urgence,aucun,100m,50km/h
3353,ensoleillé,jour,mouillé,personne âgée,regarde autour,se déplacer dans une direction autre que celle du passage piéton,voiture normale,urgence (vers hôpital),50m,50km/h
3354,ensoleillé,jour,mouillé,personne âgée,regarde autour,se déplacer dans une direction autre que celle du passage piéton,voiture normale,urgence (vers hôpital),100m,50km/h
3367,ensoleillé,jour,mouillé,personne âgée,regarde autour,se déplacer dans une direction autre que celle du passage piéton,voiture normale,pressé (travail ou vol),10m,25km/h
3395,ensoleillé,jour,mouillé,personne âgée,regarde autour,se déplacer dans une direction autre que celle du passage piéton,véhicule d'urgence,aucun,50m,50km/h
3411,ensoleillé,jour,mouillé,policier,regarde son téléphone,s’arrêter,véhicule d'urgence,urgence (vers hôpital),100m,25km/h
3416,ensoleillé,jour,mouillé,policier,regarde son téléphone,s’arrêter,camion,urgence (vers hôpital),50m,25km/h
3422,ensoleillé,jour,mouillé,policier,regarde son téléphone,s’arrêter,voiture normale,pressé (travail ou vol),50m,25km/h
3426,ensoleillé,jour,mouillé,policier,regarde son téléphone,s’arrêter,voiture normale,pressé (travail ou vol),100m,50km/h
3430,ensoleillé,jour,mouillé,policier,regarde son téléphone,s’arrêter,véhicule d'urgence,pressé (travail ou vol),10m,50km/h
3434,ensoleillé,jour,mouillé,policier,regarde son téléphone,s’arrêter,camion,pressé (travail ou vol),50m,25km/h
3462,ensoleillé,jour,mouillé,policier,regarde son téléphone,se déplacer en direction du passage piéton,voiture normale,urgence (vers hôpital),100m,50km/h
3473,ensoleillé,jour,mouillé,policier,regarde son téléphone,se déplacer en direction du passage piéton,camion,urgence (vers hôpital),50m,50km/h
3475,ensoleillé,jour,mouillé,policier,regarde son téléphone,se déplacer en direction du passage piéton,voiture normale,pressé (travail ou vol),10m,25km/h
3480,ensoleillé,jour,mouillé,policier,regarde son téléphone,se déplacer en direction du passage piéton,voiture normale,pressé (travail ou vol),100m,50km/h
3482,ensoleillé,jour,mouillé,policier,regarde son téléphone,se déplacer en direction du passage piéton,véhicule d'urgence,pressé (travail ou vol),50m,25km/h
3486,ensoleillé,jour,mouillé,policier,regarde son téléphone,se déplacer en direction du passage piéton,véhicule d'urgence,pressé (travail ou vol),100m,50km/h
3489,ensoleillé,jour,mouillé,policier,regarde son téléphone,se déplacer en direction du passage piéton,camion,pressé (travail ou vol),100m,25km/h
3499,ensoleillé,jour,mouillé,policier,regarde son téléphone,se déplacer en direction du passage piéton,véhicule d'urgence,aucun,10m,25km/h
3508,ensoleillé,jour,mouillé,policier,regarde son téléphone,se déplacer en direction du passage piéton,camion,aucun,10m,50km/h
3523,ensoleillé,jour,mouillé,policier,regarde son téléphone,se déplacer dans une direction autre que celle du passage piéton,camion,urgence (vers hôpital),10m,25km/h
3538,ensoleillé,jour,mouillé,policier,regarde son téléphone,se déplacer dans une direction autre que celle du passage piéton,véhicule d'urgence,pressé (travail ou vol),10m,50km/h
3546,ensoleillé,jour,mouillé,policier,regarde son téléphone,se déplacer dans une direction autre que celle du passage piéton,camion,pressé (travail ou vol),100m,50km/h
3563,ensoleillé,jour,mouillé,policier,regarde son téléphone,se déplacer dans une direction autre que celle du passage piéton,camion,aucun,50m,50km/h
3572,ensoleillé,jour,mouillé,policier,parle à quelqu'un,s’arrêter,véhicule d'urgence,urgence (vers hôpital),50m,25km/h
3580,ensoleillé,jour,mouillé,policier,parle à quelqu'un,s’arrêter,camion,urgence (vers hôpital),10m,50km/h
3589,ensoleillé,jour,mouillé,policier,parle à quelqu'un,s’arrêter,véhicule d'urgence,pressé (travail ou vol),10m,25km/h
3610,ensoleillé,jour,mouillé,policier,parle à quelqu'un,s’arrêter,véhicule d'urgence,aucun,10m,50km/h
3624,ensoleillé,jour,mouillé,policier,parle à quelqu'un,se déplacer en direction du passage piéton,voiture normale,urgence (vers hôpital),100m,50km/h
3634,ensoleillé,jour,mouillé,policier,parle à quelqu'un,se déplacer en direction du passage piéton,camion,urgence (vers hôpital),10m,50km/h
3636,ensoleillé,jour,mouillé,policier,parle à quelqu'un,se déplacer en direction du passage piéton,camion,urgence (vers hôpital),100m,50km/h
3644,ensoleillé,jour,mouillé,policier,parle à quelqu'un,se déplacer en direction du passage piéton,véhicule d'urgence,pressé (travail ou vol),50m,25km/h
3653,ensoleillé,jour,mouillé,policier,parle à quelqu'un,se déplacer en direction du passage piéton,camion,pressé (travail ou vol),50m,50km/h
3657,ensoleillé,jour,mouillé,policier,parle à quelqu'un,se déplacer en direction du passage piéton,voiture normale,aucun,100m,25km/h
3687,ensoleillé,jour,mouillé,policier,parle à quelqu'un,se déplacer dans une direction autre que celle du passage piéton,camion,urgence (vers hôpital),100m,25km/h
3703,ensoleillé,jour,mouillé,policier,parle à quelqu'un,se déplacer dans une direction autre que celle du passage piéton,camion,pressé (travail ou vol),10m,25km/h
3704,ensoleillé,jour,mouillé,policier,parle à quelqu'un,se déplacer dans une direction autre que celle du passage piéton,camion,pressé (travail ou vol),50m,25km/h
3722,ensoleillé,jour,mouillé,policier,parle à quelqu'un,se déplacer dans une direction autre que celle du passage piéton,camion,aucun,50m,25km/h
3726,ensoleillé,jour,mouillé,policier,parle à quelqu'un,se déplacer dans une direction autre que celle du passage piéton,camion,aucun,100m,50km/h
3734,ensoleillé,jour,mouillé,policier,regarde autour,s’arrêter,véhicule d'urgence,urgence (vers hôpital),50m,25km/h
3754,ensoleillé,jour,mouillé,policier,regarde autour,s’arrêter,véhicule d'urgence,pressé (travail ou vol),10m,50km/h
3770,ensoleillé,jour,mouillé,policier,regarde autour,s’arrêter,véhicule d'urgence,aucun,50m,25km/h
3777,ensoleillé,jour,mouillé,policier,regarde autour,s’arrêter,camion,aucun,100m,25km/h
3779,ensoleillé,jour,mouillé,policier,regarde autour,s’arrêter,camion,aucun,50m,50km/h
3789,ensoleillé,jour,mouillé,policier,regarde autour,se déplacer en direction du passage piéton,véhicule d'urgence,urgence (vers hôpital),100m,25km/h
3795,ensoleillé,jour,mouillé,policier,regarde autour,se déplacer en direction du passage piéton,camion,urgence (vers hôpital),100m,25km/h
3822,ensoleillé,jour,mouillé,policier,regarde autour,se déplacer en direction du passage piéton,voiture normale,aucun,100m,50km/h
3844,ensoleillé,jour,mouillé,policier,regarde autour,se déplacer dans une direction autre que celle du passage piéton,véhicule d'urgence,urgence (vers hôpital),10m,50km/h
3845,ensoleillé,jour,mouillé,policier,regarde autour,se déplacer dans une direction autre que celle du passage piéton,véhicule d'urgence,urgence (vers hôpital),50m,50km/h
3847,ensoleillé,jour,mouillé,policier,regarde autour,se déplacer dans une direction autre que celle du passage piéton,camion,urgence (vers hôpital),10m,25km/h
3858,ensoleillé,jour,mouillé,policier,regarde autour,se déplacer dans une direction autre que celle du passage piéton,voiture normale,pressé (travail ou vol),100m,50km/h
3887,ensoleillé,jour,mouillé,policier,regarde autour,se déplacer dans une direction autre que celle du passage piéton,camion,aucun,50m,50km/h
3888,ensoleillé,jour,mouillé,policier,regarde autour,se déplacer dans une direction autre que celle du passage piéton,camion,aucun,100m,50km/h
3911,ensoleillé,jour,mouillé,femme enceinte,regarde son téléphone,s’arrêter,voiture normale,pressé (travail ou vol),50m,50km/h
3913,ensoleillé,jour,mouillé,femme enceinte,regarde son téléphone,s’arrêter,véhicule d'urgence,pressé (travail ou vol),10m,25km/h
3920,ensoleillé,jour,mouillé,femme enceinte,regarde son téléphone,s’arrêter,camion,pressé (travail ou vol),50m,25km/h
3966,ensoleillé,jour,mouillé,femme enceinte,regarde son téléphone,se déplacer en direction du passage piéton,voiture normale,pressé (travail ou vol),100m,50km/h
3985,ensoleillé,jour,mouillé,femme enceinte,regarde son téléphone,se déplacer en direction du passage piéton,véhicule d'urgence,aucun,10m,25km/h
3994,ensoleillé,jour,mouillé,femme enceinte,regarde son téléphone,se déplacer en direction du passage piéton,camion,aucun,10m,50km/h
4000,ensoleillé,jour,mouillé,femme enceinte,regarde son téléphone,se déplacer dans une direction autre que celle du passage piéton,voiture normale,urgence (vers hôpital),10m,50km/h
4008,ensoleillé,jour,mouillé,femme enceinte,regarde son téléphone,se déplacer dans une direction autre que celle du passage piéton,véhicule d'urgence,urgence (vers hôpital),100m,50km/h
4014,ensoleillé,jour,mouillé,femme enceinte,regarde son téléphone,se déplacer dans une direction autre que celle du passage piéton,camion,urgence (vers hôpital),100m,50km/h
4029,ensoleillé,jour,mouillé,femme enceinte,regarde son téléphone,se déplacer dans une direction autre que celle du passage piéton,camion,pressé (travail ou vol),100m,25km/h
4035,ensoleillé,jour,mouillé,femme enceinte,regarde son téléphone,se déplacer dans une direction autre que celle du passage piéton,voiture normale,aucun,100m,25km/h
4038,ensoleillé,jour,mouillé,femme enceinte,regarde son téléphone,se déplacer dans une direction autre que celle du passage piéton,voiture normale,aucun,100m,50km/h
4047,ensoleillé,jour,mouillé,femme enceinte,regarde son téléphone,se déplacer dans une direction autre que celle du passage piéton,camion,aucun,100m,25km/h
4050,ensoleillé,jour,mouillé,femme enceinte,regarde son téléphone,se déplacer dans une direction autre que celle du passage piéton,camion,aucun,100m,50km/h
4059,ensoleillé,jour,mouillé,femme enceinte,parle à quelqu'un,s’arrêter,véhicule d'urgence,urgence (vers hôpital),100m,25km/h
4070,ensoleillé,jour,mouillé,femme enceinte,parle à quelqu'un,s’arrêter,voiture normale,pressé (travail ou vol),50m,25km/h
4073,ensoleillé,jour,mouillé,femme enceinte,parle à quelqu'un,s’arrêter,voiture normale,pressé (travail ou vol),50m,50km/h
4075,ensoleillé,jour,mouillé,femme enceinte,parle à quelqu'un,s’arrêter,véhicule d'urgence,pressé (travail ou vol),10m,25km/h
4098,ensoleillé,jour,mouillé,femme enceinte,parle à quelqu'un,s’arrêter,véhicule d'urgence,aucun,100m,50km/h
4102,ensoleillé,jour,mouillé,femme enceinte,parle à quelqu'un,s’arrêter,camion,aucun,10m,50km/h
4111,ensoleillé,jour,mouillé,femme enceinte,parle à quelqu'un,se déplacer en direction du passage piéton,véhicule d'urgence,urgence (vers hôpital),10m,25km/h
4129,ensoleillé,jour,mouillé,femme enceinte,parle à quelqu'un,se déplacer en direction du passage piéton,véhicule d'urgence,pressé (travail ou vol),10m,25km/h
4141,ensoleillé,jour,mouillé,femme enceinte,parle à quelqu'un,se déplacer en direction du passage piéton,voiture normale,aucun,10m,25km/h
4150,ensoleillé,jour,mouillé,femme enceinte,parle à quelqu'un,se déplacer en direction du passage piéton,véhicule d'urgence,aucun,10m,50km/h
4157,ensoleillé,jour,mouillé,femme enceinte,parle à quelqu'un,se déplacer en direction du passage piéton,camion,aucun,50m,50km/h
4166,ensoleillé,jour,mouillé,femme enceinte,parle à quelqu'un,se déplacer dans une direction autre que celle du passage piéton,véhicule d'urgence,urgence (vers hôpital),50m,25km/h
4179,ensoleillé,jour,mouillé,femme enceinte,parle à quelqu'un,se déplacer dans une direction autre que celle du passage piéton,voiture normale,pressé (travail ou vol),100m,25km/h
4187,ensoleillé,jour,mouillé,femme enceinte,parle à quelqu'un,se déplacer dans une direction autre que celle du passage piéton,véhicule d'urgence,pressé (travail ou vol),50m,50km/h
4190,ensoleillé,jour,mouillé,femme enceinte,parle à quelqu'un,se déplacer dans une direction autre que celle du passage piéton,camion,pressé (travail ou vol),50m,25km/h
4198,ensoleillé,jour,mouillé,femme enceinte,parle à quelqu'un,se déplacer dans une direction autre que celle du passage piéton,voiture normale,aucun,10m,50km/h
4220,ensoleillé,jour,mouillé,femme enceinte,regarde autour,s’arrêter,véhicule d'urgence,urgence (vers hôpital),50m,25km/h
4231,ensoleillé,jour,mouillé,femme enceinte,regarde autour,s’arrêter,voiture normale,pressé (travail ou vol),10m,25km/h
4246,ensoleillé,jour,mouillé,femme enceinte,regarde autour,s’arrêter,camion,pressé (travail ou vol),10m,50km/h
4253,ensoleillé,jour,mouillé,femme enceinte,regarde autour,s’arrêter,voiture normale,aucun,50m,50km/h
4266,ensoleillé,jour,mouillé,femme enceinte,regarde autour,s’arrêter,camion,aucun,100m,50km/h
4280,ensoleillé,jour,mouillé,femme enceinte,regarde autour,se déplacer en direction du passage piéton,camion,urgence (vers hôpital),50m,25km/h
4287,ensoleillé,jour,mouillé,femme enceinte,regarde autour,se déplacer en direction du passage piéton,voiture normale,pressé (travail ou vol),100m,25km/h
4294,ensoleillé,jour,mouillé,femme enceinte,regarde autour,se déplacer en direction du passage piéton,véhicule d'urgence,pressé (travail ou vol),10m,50km/h
4304,ensoleillé,jour,mouillé,femme enceinte,regarde autour,se déplacer en direction du passage piéton,voiture normale,aucun,50m,25km/h
4319,ensoleillé,jour,mouillé,femme enceinte,regarde autour,se déplacer en direction du passage piéton,camion,aucun,50m,50km/h
4343,ensoleillé,jour,mouillé,femme enceinte,regarde autour,se déplacer dans une direction autre que celle du passage piéton,voiture normale,pressé (travail ou vol),50m,50km/h
4346,ensoleillé,jour,mouillé,femme enceinte,regarde autour,se déplacer dans une direction autre que celle du passage piéton,véhicule d'urgence,pressé (travail ou vol),50m,25km/h
4348,ensoleillé,jour,mouillé,femme enceinte,regarde autour,se déplacer dans une direction autre que celle du passage piéton,véhicule d'urgence,pressé (travail ou vol),10m,50km/h
4353,ensoleillé,jour,mouillé,femme enceinte,regarde autour,se déplacer dans une direction autre que celle du passage piéton,camion,pressé (travail ou vol),100m,25km/h
4372,ensoleillé,jour,mouillé,femme enceinte,regarde autour,se déplacer dans une direction autre que celle du passage piéton,camion,aucun,10m,50km/h
4374,ensoleillé,jour,mouillé,femme enceinte,regarde autour,se déplacer dans une direction autre que celle du passage piéton,camion,aucun,100m,50km/h
4376,ensoleillé,jour,mouillé,étudiant universitaire,regarde son téléphone,s’arrêter,voiture normale,urgence (vers hôpital),50m,25km/h
4386,ensoleillé,jour,mouillé,étudiant universitaire,regarde son téléphone,s’arrêter,véhicule d'urgence,urgence (vers hôpital),100m,50km/h
4388,ensoleillé,jour,mouillé,étudiant universitaire,regarde son téléphone,s’arrêter,camion,urgence (vers hôpital),50m,25km/h
4389,ensoleillé,jour,mouillé,étudiant universitaire,regarde son téléphone,s’arrêter,camion,urgence (vers hôpital),100m,25km/h
4392,ensoleillé,jour,mouillé,étudiant universitaire,regarde son téléphone,s’arrêter,camion,urgence (vers hôpital),100m,50km/h
4401,ensoleillé,jour,mouillé,étudiant universitaire,regarde son téléphone,s’arrêter,véhicule d'urgence,pressé (travail ou vol),100m,25km/h
4411,ensoleillé,jour,mouillé,étudiant universitaire,regarde son téléphone,s’arrêter,voiture normale,aucun,10m,25km/h
4412,ensoleillé,jour,mouillé,étudiant universitaire,regarde son téléphone,s’arrêter,voiture normale,aucun,50m,25km/h
4414,ensoleillé,jour,mouillé,étudiant universitaire,regarde son téléphone,s’arrêter,voiture normale,aucun,10m,50km/h
4437,ensoleillé,jour,mouillé,étudiant universitaire,regarde son téléphone,se déplacer en direction du passage piéton,véhicule d'urgence,urgence (vers hôpital),100m,25km/h
4439,ensoleillé,jour,mouillé,étudiant universitaire,regarde son téléphone,se déplacer en direction du passage piéton,véhicule d'urgence,urgence (vers hôpital),50m,50km/h
4443,ensoleillé,jour,mouillé,étudiant universitaire,regarde son téléphone,se déplacer en direction du passage piéton,camion,urgence (vers hôpital),100m,25km/h
4450,ensoleillé,jour,mouillé,étudiant universitaire,regarde son téléphone,se déplacer en direction du passage piéton,voiture normale,pressé (travail ou vol),10m,50km/h
4451,ensoleillé,jour,mouillé,étudiant universitaire,regarde son téléphone,se déplacer en direction du passage piéton,voiture normale,pressé (travail ou vol),50m,50km/h
4463,ensoleillé,jour,mouillé,étudiant universitaire,regarde son téléphone,se déplacer en direction du passage piéton,camion,pressé (travail ou vol),50m,50km/h
4473,ensoleillé,jour,mouillé,étudiant universitaire,regarde son téléphone,se déplacer en direction du passage piéton,véhicule d'urgence,aucun,100m,25km/h
4506,ensoleillé,jour,mouillé,étudiant universitaire,regarde son téléphone,se déplacer dans une direction autre que celle du passage piéton,voiture normale,pressé (travail ou vol),100m,50km/h
4510,ensoleillé,jour,mouillé,étudiant universitaire,regarde son téléphone,se déplacer dans une direction autre que celle du passage piéton,véhicule d'urgence,pressé (travail ou vol),10m,50km/h
4511,ensoleillé,jour,mouillé,étudiant universitaire,regarde son téléphone,se déplacer dans une direction autre que celle du passage piéton,véhicule d'urgence,pressé (travail ou vol),50m,50km/h
4520,ensoleillé,jour,mouillé,étudiant universitaire,regarde son téléphone,se déplacer dans une direction autre que celle du passage piéton,voiture normale,aucun,50m,25km/h
4526,ensoleillé,jour,mouillé,étudiant universitaire,regarde son téléphone,se déplacer dans une direction autre que celle du passage piéton,véhicule d'urgence,aucun,50m,25km/h
4541,ensoleillé,jour,mouillé,étudiant universitaire,parle à quelqu'un,s’arrêter,voiture normale,urgence (vers hôpital),50m,50km/h
4548,ensoleillé,jour,mouillé,étudiant universitaire,parle à quelqu'un,s’arrêter,véhicule d'urgence,urgence (vers hôpital),100m,50km/h
4565,ensoleillé,jour,mouillé,étudiant universitaire,parle à quelqu'un,s’arrêter,véhicule d'urgence,pressé (travail ou vol),50m,50km/h
4581,ensoleillé,jour,mouillé,étudiant universitaire,parle à quelqu'un,s’arrêter,véhicule d'urgence,aucun,100m,25km/h
4603,ensoleillé,jour,mouillé,étudiant universitaire,parle à quelqu'un,se déplacer en direction du passage piéton,camion,urgence (vers hôpital),10m,25km/h
4619,ensoleillé,jour,mouillé,étudiant universitaire,parle à quelqu'un,se déplacer en direction du passage piéton,véhicule d'urgence,pressé (travail ou vol),50m,50km/h
4623,ensoleillé,jour,mouillé,étudiant universitaire,parle à quelqu'un,se déplacer en direction du passage piéton,camion,pressé (travail ou vol),100m,25km/h
4668,ensoleillé,jour,mouillé,étudiant universitaire,parle à quelqu'un,se déplacer dans une direction autre que celle du passage piéton,voiture normale,pressé (travail ou vol),100m,50km/h
4703,ensoleillé,jour,mouillé,étudiant universitaire,regarde autour,s’arrêter,voiture normale,urgence (vers hôpital),50m,50km/h
4721,ensoleillé,jour,mouillé,étudiant universitaire,regarde autour,s’arrêter,voiture normale,pressé (travail ou vol),50m,50km/h
4725,ensoleillé,jour,mouillé,étudiant universitaire,regarde autour,s’arrêter,véhicule d'urgence,pressé (travail ou vol),100m,25km/h
4741,ensoleillé,jour,mouillé,étudiant universitaire,regarde autour,s’arrêter,véhicule d'urgence,aucun,10m,25km/h
4746,ensoleillé,jour,mouillé,étudiant universitaire,regarde autour,s’arrêter,véhicule d'urgence,aucun,100m,50km/h
4751,ensoleillé,jour,mouillé,étudiant universitaire,regarde autour,s’arrêter,camion,aucun,50m,50km/h
4756,ensoleillé,jour,mouillé,étudiant universitaire,regarde autour,se déplacer en direction du passage piéton,voiture normale,urgence (vers hôpital),10m,50km/h
4768,ensoleillé,jour,mouillé,étudiant universitaire,regarde autour,se déplacer en direction du passage piéton,camion,urgence (vers hôpital),10m,50km/h
4771,ensoleillé,jour,mouillé,étudiant universitaire,regarde autour,se déplacer en direction du passage piéton,voiture normale,pressé (travail ou vol),10m,25km/h
4789,ensoleillé,jour,mouillé,étudiant universitaire,regarde autour,se déplacer en direction du passage piéton,voiture normale,aucun,10m,25km/h
4817,ensoleillé,jour,mouillé,étudiant universitaire,regarde autour,se déplacer dans une direction autre que celle du passage piéton,véhicule d'urgence,urgence (vers hôpital),50m,50km/h
4843,ensoleillé,jour,mouillé,étudiant universitaire,regarde autour,se déplacer dans une direction autre que celle du passage piéton,voiture normale,aucun,10m,25km/h
4848,ensoleillé,jour,mouillé,étudiant universitaire,regarde autour,se déplacer dans une direction autre que celle du passage piéton,voiture normale,aucun,100m,50km/h
4875,ensoleillé,nuit,sec,enfant,regarde son téléphone,s’arrêter,camion,urgence (vers hôpital),100m,25km/h
4878,ensoleillé,nuit,sec,enfant,regarde son téléphone,s’arrêter,camion,urgence (vers hôpital),100m,50km/h
4881,ensoleillé,nuit,sec,enfant,regarde son téléphone,s’arrêter,voiture normale,pressé (travail ou vol),100m,25km/h
4895,ensoleillé,nuit,sec,enfant,regarde son téléphone,s’arrêter,camion,pressé (travail ou vol),50m,50km/h
4904,ensoleillé,nuit,sec,enfant,regarde son téléphone,s’arrêter,véhicule d'urgence,aucun,50m,25km/h
4908,ensoleillé,nuit,sec,enfant,regarde son téléphone,s’arrêter,véhicule d'urgence,aucun,100m,50km/h
4910,ensoleillé,nuit,sec,enfant,regarde son téléphone,s’arrêter,camion,aucun,50m,25km/h
4922,ensoleillé,nuit,sec,enfant,regarde son téléphone,se déplacer en direction du passage piéton,véhicule d'urgence,urgence (vers hôpital),50m,25km/h
4936,ensoleillé,nuit,sec,enfant,regarde son téléphone,se déplacer en direction du passage piéton,voiture normale,pressé (travail ou vol),10m,50km/h
4955,ensoleillé,nuit,sec,enfant,regarde son téléphone,se déplacer en direction du passage piéton,voiture normale,aucun,50m,50km/h
4983,ensoleillé,nuit,sec,enfant,regarde son téléphone,se déplacer dans une direction autre que celle du passage piéton,camion,urgence (vers hôpital),100m,25km/h
4984,ensoleillé,nuit,sec,enfant,regarde son téléphone,se déplacer dans une direction autre que celle du passage piéton,camion,urgence (vers hôpital),10m,50km/h
4986,ensoleillé,nuit,sec,enfant,regarde son téléphone,se déplacer dans une direction autre que celle du passage piéton,camion,urgence (vers hôpital),100m,50km/h
4990,ensoleillé,nuit,sec,enfant,regarde son téléphone,se déplacer dans une direction autre que celle du passage piéton,voiture normale,pressé (travail ou vol),10m,50km/h
5023,ensoleillé,nuit,sec,enfant,parle à quelqu'un,s’arrêter,voiture normale,urgence (vers hôpital),10m,25km/h
5029,ensoleillé,nuit,sec,enfant,parle à quelqu'un,s’arrêter,véhicule d'urgence,urgence (vers hôpital),10m,25km/h
5036,ensoleillé,nuit,sec,enfant,parle à quelqu'un,s’arrêter,camion,urgence (vers hôpital),50m,25km/h
5072,ensoleillé,nuit,sec,enfant,parle à quelqu'un,s’arrêter,camion,aucun,50m,25km/h
5095,ensoleillé,nuit,sec,enfant,parle à quelqu'un,se déplacer en direction du passage piéton,voiture normale,pressé (travail ou vol),10m,25km/h
5103,ensoleillé,nuit,sec,enfant,parle à quelqu'un,se déplacer en direction du passage piéton,véhicule d'urgence,pressé (travail ou vol),100m,25km/h
5116,ensoleillé,nuit,sec,enfant,parle à quelqu'un,se déplacer en direction du passage piéton,voiture normale,aucun,10m,50km/h
5117,ensoleillé,nuit,sec,enfant,parle à quelqu'un,se déplacer en direction du passage piéton,voiture normale,aucun,50m,50km/h
5118,ensoleillé,nuit,sec,enfant,parle à quelqu'un,se déplacer en direction du passage piéton,voiture normale,aucun,100m,50km/h
5129,ensoleillé,nuit,sec,enfant,parle à quelqu'un,se déplacer en direction du passage piéton,camion,aucun,50m,50km/h
5150,ensoleillé,nuit,sec,enfant,parle à quelqu'un,se déplacer dans une direction autre que celle du passage piéton,voiture normale,pressé (travail ou vol),50m,25km/h
5156,ensoleillé,nuit,sec,enfant,parle à quelqu'un,se déplacer dans une direction autre que celle du passage piéton,véhicule d'urgence,pressé (travail ou vol),50m,25km/h
5161,ensoleillé,nuit,sec,enfant,parle à quelqu'un,se déplacer dans une direction autre que celle du passage piéton,camion,pressé (travail ou vol),10m,25km/h
5171,ensoleillé,nuit,sec,enfant,parle à quelqu'un,se déplacer dans une direction autre que celle du passage piéton,voiture normale,aucun,50m,50km/h
5175,ensoleillé,nuit,sec,enfant,parle à quelqu'un,se déplacer dans une direction autre que celle du passage piéton,véhicule d'urgence,aucun,100m,25km/h
5195,ensoleillé,nuit,sec,enfant,regarde autour,s’arrêter,véhicule d'urgence,urgence (vers hôpital),50m,50km/h
5196,ensoleillé,nuit,sec,enfant,regarde autour,s’arrêter,véhicule d'urgence,urgence (vers hôpital),100m,50km/h
5212,ensoleillé,nuit,sec,enfant,regarde autour,s’arrêter,véhicule d'urgence,pressé (travail ou vol),10m,50km/h
5217,ensoleillé,nuit,sec,enfant,regarde autour,s’arrêter,camion,pressé (travail ou vol),100m,25km/h
5218,ensoleillé,nuit,sec,enfant,regarde autour,s’arrêter,camion,pressé (travail ou vol),10m,50km/h
5225,ensoleillé,nuit,sec,enfant,regarde autour,s’arrêter,voiture normale,aucun,50m,50km/h
5237,ensoleillé,nuit,sec,enfant,regarde autour,s’arrêter,camion,aucun,50m,50km/h
5251,ensoleillé,nuit,sec,enfant,regarde autour,se déplacer en direction du passage piéton,camion,urgence (vers hôpital),10m,25km/h
5253,ensoleillé,nuit,sec,enfant,regarde autour,se déplacer en direction du passage piéton,camion,urgence (vers hôpital),100m,25km/h
5268,ensoleillé,nuit,sec,enfant,regarde autour,se déplacer en direction du passage piéton,véhicule d'urgence,pressé (travail ou vol),100m,50km/h
5298,ensoleillé,nuit,sec,enfant,regarde autour,se déplacer dans une direction autre que celle du passage piéton,voiture normale,urgence (vers hôpital),100m,50km/h
5353,ensoleillé,nuit,sec,personne âgée,regarde son téléphone,s’arrêter,véhicule d'urgence,urgence (vers hôpital),10m,25km/h
5364,ensoleillé,nuit,sec,personne âgée,regarde son téléphone,s’arrêter,camion,urgence (vers hôpital),100m,50km/h
5365,ensoleillé,nuit,sec,personne âgée,regarde son téléphone,s’arrêter,voiture normale,pressé (travail ou vol),10m,25km/h
5383,ensoleillé,nuit,sec,personne âgée,regarde son téléphone,s’arrêter,voiture normale,aucun,10m,25km/h
5395,ensoleillé,nuit,sec,personne âgée,regarde son téléphone,s’arrêter,camion,aucun,10m,25km/h
5423,ensoleillé,nuit,sec,personne âgée,regarde son téléphone,se déplacer en direction du passage piéton,voiture normale,pressé (travail ou vol),50m,50km/h
5432,ensoleillé,nuit,sec,personne âgée,regarde son téléphone,se déplacer en direction du passage piéton,camion,pressé (travail ou vol),50m,25km/h
5437,ensoleillé,nuit,sec,personne âgée,regarde son téléphone,se déplacer en direction du passage piéton,voiture normale,aucun,10m,25km/h
5447,ensoleillé,nuit,sec,personne âgée,regarde son téléphone,se déplacer en direction du passage piéton,véhicule d'urgence,aucun,50m,50km/h
5454,ensoleillé,nuit,sec,personne âgée,regarde son téléphone,se déplacer en direction du passage piéton,camion,aucun,100m,50km/h
5497,ensoleillé,nuit,sec,personne âgée,regarde son téléphone,se déplacer dans une direction autre que celle du passage piéton,véhicule d'urgence,aucun,10m,25km/h
5503,ensoleillé,nuit,sec,personne âgée,regarde son téléphone,se déplacer dans une direction autre que celle du passage piéton,camion,aucun,10m,25km/h
5514,ensoleillé,nuit,sec,personne âgée,parle à quelqu'un,s’arrêter,voiture normale,urgence (vers hôpital),100m,50km/h
5515,ensoleillé,nuit,sec,personne âgée,parle à quelqu'un,s’arrêter,véhicule d'urgence,urgence (vers hôpital),10m,25km/h
5549,ensoleillé,nuit,sec,personne âgée,parle à quelqu'un,s’arrêter,voiture normale,aucun,50m,50km/h
5550,ensoleillé,nuit,sec,personne âgée,parle à quelqu'un,s’arrêter,voiture normale,aucun,100m,50km/h
5558,ensoleillé,nuit,sec,personne âgée,parle à quelqu'un,s’arrêter,camion,aucun,50m,25km/h
5565,ensoleillé,nuit,sec,personne âgée,parle à quelqu'un,se déplacer en direction du passage piéton,voiture normale,urgence (vers hôpital),100m,25km/h
5585,ensoleillé,nuit,sec,personne âgée,parle à quelqu'un,se déplacer en direction du passage piéton,voiture normale,pressé (travail ou vol),50m,50km/h
5590,ensoleillé,nuit,sec,personne âgée,parle à quelqu'un,se déplacer en direction du passage piéton,véhicule d'urgence,pressé (travail ou vol),10m,50km/h
5599,ensoleillé,nuit,sec,personne âgée,parle à quelqu'un,se déplacer en direction du passage piéton,voiture normale,aucun,10m,25km/h
5606,ensoleillé,nuit,sec,personne âgée,parle à quelqu'un,se déplacer en direction du passage piéton,véhicule d'urgence,aucun,50m,25km/h
5621,ensoleillé,nuit,sec,personne âgée,parle à quelqu'un,se déplacer dans une direction autre que celle du passage piéton,voiture normale,urgence (vers hôpital),50m,50km/h
5633,ensoleillé,nuit,sec,personne âgée,parle à quelqu'un,se déplacer dans une direction autre que celle du passage piéton,camion,urgence (vers hôpital),50m,50km/h
5654,ensoleillé,nuit,sec,personne âgée,parle à quelqu'un,se déplacer dans une direction autre que celle du passage piéton,voiture normale,aucun,50m,25km/h
5668,ensoleillé,nuit,sec,personne âgée,parle à quelqu'un,se déplacer dans une direction autre que celle du passage piéton,camion,aucun,10m,50km/h
5684,ensoleillé,nuit,sec,personne âgée,regarde autour,s’arrêter,camion,urgence (vers hôpital),50m,25km/h
5686,ensoleillé,nuit,sec,personne âgée,regarde autour,s’arrêter,camion,urgence (vers hôpital),10m,50km/h
5690,ensoleillé,nuit,sec,personne âgée,regarde autour,s’arrêter,voiture normale,pressé (travail ou vol),50m,25km/h
5702,ensoleillé,nuit,sec,personne âgée,regarde autour,s’arrêter,camion,pressé (travail ou vol),50m,25km/h
5703,ensoleillé,nuit,sec,personne âgée,regarde autour,s’arrêter,camion,pressé (travail ou vol),100m,25km/h
5710,ensoleillé,nuit,sec,personne âgée,regarde autour,s’arrêter,voiture normale,aucun,10m,50km/h
5715,ensoleillé,nuit,sec,personne âgée,regarde autour,s’arrêter,véhicule d'urgence,aucun,100m,25km/h
5717,ensoleillé,nuit,sec,personne âgée,regarde autour,s’arrêter,véhicule d'urgence,aucun,50m,50km/h
5737,ensoleillé,nuit,sec,personne âgée,regarde autour,se déplacer en direction du passage piéton,camion,urgence (vers hôpital),10m,25km/h
5747,ensoleillé,nuit,sec,personne âgée,regarde autour,se déplacer en direction du passage piéton,voiture normale,pressé (travail ou vol),50m,50km/h
5752,ensoleillé,nuit,sec,personne âgée,regarde autour,se déplacer en direction du passage piéton,véhicule d'urgence,pressé (travail ou vol),10m,50km/h
5764,ensoleillé,nuit,sec,personne âgée,regarde autour,se déplacer en direction du passage piéton,voiture normale,aucun,10m,50km/h
5793,ensoleillé,nuit,sec,personne âgée,regarde autour,se déplacer dans une direction autre que celle du passage piéton,camion,urgence (vers hôpital),100m,25km/h
5810,ensoleillé,nuit,sec,personne âgée,regarde autour,se déplacer dans une direction autre que celle du passage piéton,camion,pressé (travail ou vol),50m,25km/h
5815,ensoleillé,nuit,sec,personne âgée,regarde autour,se déplacer dans une direction autre que celle du passage piéton,voiture normale,aucun,10m,25km/h
5818,ensoleillé,nuit,sec,personne âgée,regarde autour,se déplacer dans une direction autre que celle du passage piéton,voiture normale,aucun,10m,50km/h
5847,ensoleillé,nuit,sec,policier,regarde son téléphone,s’arrêter,camion,urgence (vers hôpital),100m,25km/h
5850,ensoleillé,nuit,sec,policier,regarde son téléphone,s’arrêter,camion,urgence (vers hôpital),100m,50km/h
5863,ensoleillé,nuit,sec,policier,regarde son téléphone,s’arrêter,camion,pressé (travail ou vol),10m,25km/h
5865,ensoleillé,nuit,sec,policier,regarde son téléphone,s’arrêter,camion,pressé (travail ou vol),100m,25km/h
5866,ensoleillé,nuit,sec,policier,regarde son téléphone,s’arrêter,camion,pressé (travail ou vol),10m,50km/h
5886,ensoleillé,nuit,sec,policier,regarde son téléphone,s’arrêter,camion,aucun,100m,50km/h
5888,ensoleillé,nuit,sec,policier,regarde son téléphone,se déplacer en direction du passage piéton,voiture normale,urgence (vers hôpital),50m,25km/h
5889,ensoleillé,nuit,sec,policier,regarde son téléphone,se déplacer en direction du passage piéton,voiture normale,urgence (vers hôpital),100m,25km/h
5895,ensoleillé,nuit,sec,policier,regarde son téléphone,se déplacer en direction du passage piéton,véhicule d'urgence,urgence (vers hôpital),100m,25km/h
5924,ensoleillé,nuit,sec,policier,regarde son téléphone,se déplacer en direction du passage piéton,voiture normale,aucun,50m,25km/h
5926,ensoleillé,nuit,sec,policier,regarde son téléphone,se déplacer en direction du passage piéton,voiture normale,aucun,10m,50km/h
5938,ensoleillé,nuit,sec,policier,regarde son téléphone,se déplacer en direction du passage piéton,camion,aucun,10m,50km/h
5966,ensoleillé,nuit,sec,policier,regarde son téléphone,se déplacer dans une direction autre que celle du passage piéton,véhicule d'urgence,pressé (travail ou vol),50m,25km/h
5972,ensoleillé,nuit,sec,policier,regarde son téléphone,se déplacer dans une direction autre que celle du passage piéton,camion,pressé (travail ou vol),50m,25km/h
5991,ensoleillé,nuit,sec,policier,regarde son téléphone,se déplacer dans une direction autre que celle du passage piéton,camion,aucun,100m,25km/h
5993,ensoleillé,nuit,sec,policier,regarde son téléphone,se déplacer dans une direction autre que celle du passage piéton,camion,aucun,50m,50km/h
5999,ensoleillé,nuit,sec,policier,parle à quelqu'un,s’arrêter,voiture normale,urgence (vers hôpital),50m,50km/h
6000,ensoleillé,nuit,sec,policier,parle à quelqu'un,s’arrêter,voiture normale,urgence (vers hôpital),100m,50km/h
6012,ensoleillé,nuit,sec,policier,parle à quelqu'un,s’arrêter,camion,urgence (vers hôpital),100m,50km/h
6014,ensoleillé,nuit,sec,policier,parle à quelqu'un,s’arrêter,voiture normale,pressé (travail ou vol),50m,25km/h
6024,ensoleillé,nuit,sec,policier,parle à quelqu'un,s’arrêter,véhicule d'urgence,pressé (travail ou vol),100m,50km/h
6028,ensoleillé,nuit,sec,policier,parle à quelqu'un,s’arrêter,camion,pressé (travail ou vol),10m,50km/h
6063,ensoleillé,nuit,sec,policier,parle à quelqu'un,se déplacer en direction du passage piéton,camion,urgence (vers hôpital),100m,25km/h
6065,ensoleillé,nuit,sec,policier,parle à quelqu'un,se déplacer en direction du passage piéton,camion,urgence (vers hôpital),50m,50km/h
6067,ensoleillé,nuit,sec,policier,parle à quelqu'un,se déplacer en direction du passage piéton,voiture normale,pressé (travail ou vol),10m,25km/h
6070,ensoleillé,nuit,sec,policier,parle à quelqu'un,se déplacer en direction du passage piéton,voiture normale,pressé (travail ou vol),10m,50km/h
6077,ensoleillé,nuit,sec,policier,parle à quelqu'un,se déplacer en direction du passage piéton,véhicule d'urgence,pressé (travail ou vol),50m,50km/h
6085,ensoleillé,nuit,sec,policier,parle à quelqu'un,se déplacer en direction du passage piéton,voiture normale,aucun,10m,25km/h
6088,ensoleillé,nuit,sec,policier,parle à quelqu'un,se déplacer en direction du passage piéton,voiture normale,aucun,10m,50km/h
6109,ensoleillé,nuit,sec,policier,parle à quelqu'un,se déplacer dans une direction autre que celle du passage piéton,véhicule d'urgence,urgence (vers hôpital),10m,25km/h
6114,ensoleillé,nuit,sec,policier,parle à quelqu'un,se déplacer dans une direction autre que celle du passage piéton,véhicule d'urgence,urgence (vers hôpital),100m,50km/h
6120,ensoleillé,nuit,sec,policier,parle à quelqu'un,se déplacer dans une direction autre que celle du passage piéton,camion,urgence (vers hôpital),100m,50km/h
6135,ensoleillé,nuit,sec,policier,parle à quelqu'un,se déplacer dans une direction autre que celle du passage piéton,camion,pressé (travail ou vol),100m,25km/h
6138,ensoleillé,nuit,sec,policier,parle à quelqu'un,se déplacer dans une direction autre que celle du passage piéton,camion,pressé (travail ou vol),100m,50km/h
6139,ensoleillé,nuit,sec,policier,parle à quelqu'un,se déplacer dans une direction autre que celle du passage piéton,voiture normale,aucun,10m,25km/h
6144,ensoleillé,nuit,sec,policier,parle à quelqu'un,se déplacer dans une direction autre que celle du passage piéton,voiture normale,aucun,100m,50km/h
6146,ensoleillé,nuit,sec,policier,parle à quelqu'un,se déplacer dans une direction autre que celle du passage piéton,véhicule d'urgence,aucun,50m,25km/h
6149,ensoleillé,nuit,sec,policier,parle à quelqu'un,se déplacer dans une direction autre que celle du passage piéton,véhicule d'urgence,aucun,50m,50km/h
6166,ensoleillé,nuit,sec,policier,regarde autour,s’arrêter,véhicule d'urgence,urgence (vers hôpital),10m,50km/h
6180,ensoleillé,nuit,sec,policier,regarde autour,s’arrêter,voiture normale,pressé (travail ou vol),100m,50km/h
6181,ensoleillé,nuit,sec,policier,regarde autour,s’arrêter,véhicule d'urgence,pressé (travail ou vol),10m,25km/h
6203,ensoleillé,nuit,sec,policier,regarde autour,s’arrêter,véhicule d'urgence,aucun,50m,50km/h
6207,ensoleillé,nuit,sec,policier,regarde autour,s’arrêter,camion,aucun,100m,25km/h
6210,ensoleillé,nuit,sec,policier,regarde autour,s’arrêter,camion,aucun,100m,50km/h
6211,ensoleillé,nuit,sec,policier,regarde autour,se déplacer en direction du passage piéton,voiture normale,urgence (vers hôpital),10m,25km/h
6238,ensoleillé,nuit,sec,policier,regarde autour,se déplacer en direction du passage piéton,véhicule d'urgence,pressé (travail ou vol),10m,50km/h
6326,ensoleillé,nuit,sec,femme enceinte,regarde son téléphone,s’arrêter,véhicule d'urgence,urgence (vers hôpital),50m,25km/h
6368,ensoleillé,nuit,sec,femme enceinte,regarde son téléphone,s’arrêter,camion,aucun,50m,25km/h
6389,ensoleillé,nuit,sec,femme enceinte,regarde son téléphone,se déplacer en direction du passage piéton,camion,urgence (vers hôpital),50m,50km/h
6390,ensoleillé,nuit,sec,femme enceinte,regarde son téléphone,se déplacer en direction du passage piéton,camion,urgence (vers hôpital),100m,50km/h
6391,ensoleillé,nuit,sec,femme enceinte,regarde son téléphone,se déplacer en direction du passage piéton,voiture normale,pressé (travail ou vol),10m,25km/h
6403,ensoleillé,nuit,sec,femme enceinte,regarde son téléphone,se déplacer en direction du passage piéton,camion,pressé (travail ou vol),10m,25km/h
6422,ensoleillé,nuit,sec,femme enceinte,regarde son téléphone,se déplacer en direction du passage piéton,camion,aucun,50m,25km/h
6435,ensoleillé,nuit,sec,femme enceinte,regarde son téléphone,se déplacer dans une direction autre que celle du passage piéton,véhicule d'urgence,urgence (vers hôpital),100m,25km/h
6443,ensoleillé,nuit,sec,femme enceinte,regarde son téléphone,se déplacer dans une direction autre que celle du passage piéton,camion,urgence (vers hôpital),50m,50km/h
6464,ensoleillé,nuit,sec,femme enceinte,regarde son téléphone,se déplacer dans une direction autre que celle du passage piéton,voiture normale,aucun,50m,25km/h
6473,ensoleillé,nuit,sec,femme enceinte,regarde son téléphone,se déplacer dans une direction autre que celle du passage piéton,véhicule d'urgence,aucun,50m,50km/h
6474,ensoleillé,nuit,sec,femme enceinte,regarde son téléphone,se déplacer dans une direction autre que celle du passage piéton,véhicule d'urgence,aucun,100m,50km/h
6511,ensoleillé,nuit,sec,femme enceinte,parle à quelqu'un,s’arrêter,camion,pressé (travail ou vol),10m,25km/h
6516,ensoleillé,nuit,sec,femme enceinte,parle à quelqu'un,s’arrêter,camion,pressé (travail ou vol),100m,50km/h
6518,ensoleillé,nuit,sec,femme enceinte,parle à quelqu'un,s’arrêter,voiture normale,aucun,50m,25km/h
6533,ensoleillé,nuit,sec,femme enceinte,parle à quelqu'un,s’arrêter,camion,aucun,50m,50km/h
6546,ensoleillé,nuit,sec,femme enceinte,parle à quelqu'un,se déplacer en direction du passage piéton,véhicule d'urgence,urgence (vers hôpital),100m,50km/h
6600,ensoleillé,nuit,sec,femme enceinte,parle à quelqu'un,se déplacer dans une direction autre que celle du passage piéton,véhicule d'urgence,urgence (vers hôpital),100m,50km/h
6602,ensoleillé,nuit,sec,femme enceinte,parle à quelqu'un,se déplacer dans une direction autre que celle du passage piéton,camion,urgence (vers hôpital),50m,25km/h
6661,ensoleillé,nuit,sec,femme enceinte,regarde autour,s’arrêter,voiture normale,pressé (travail ou vol),10m,25km/h
6678,ensoleillé,nuit,sec,femme enceinte,regarde autour,s’arrêter,camion,pressé (travail ou vol),100m,50km/h
6686,ensoleillé,nuit,sec,femme enceinte,regarde autour,s’arrêter,véhicule d'urgence,aucun,50m,25km/h
6689,ensoleillé,nuit,sec,femme enceinte,regarde autour,s’arrêter,véhicule d'urgence,aucun,50m,50km/h
6696,ensoleillé,nuit,sec,femme enceinte,regarde autour,s’arrêter,camion,aucun,100m,50km/h
6718,ensoleillé,nuit,sec,femme enceinte,regarde autour,se déplacer en direction du passage piéton,voiture normale,pressé (travail ou vol),10m,50km/h
6735,ensoleillé,nuit,sec,femme enceinte,regarde autour,se déplacer en direction du passage piéton,voiture normale,aucun,100m,25km/h
6770,ensoleillé,nuit,sec,femme enceinte,regarde autour,se déplacer dans une direction autre que celle du passage piéton,voiture normale,pressé (travail ou vol),50m,25km/h
6799,ensoleillé,nuit,sec,femme enceinte,regarde autour,se déplacer dans une direction autre que celle du passage piéton,camion,aucun,10m,25km/h
6805,ensoleillé,nuit,sec,étudiant universitaire,regarde son téléphone,s’arrêter,voiture normale,urgence (vers hôpital),10m,25km/h
6813,ensoleillé,nuit,sec,étudiant universitaire,regarde son téléphone,s’arrêter,véhicule d'urgence,urgence (vers hôpital),100m,25km/h
6814,ensoleillé,nuit,sec,étudiant universitaire,regarde son téléphone,s’arrêter,véhicule d'urgence,urgence (vers hôpital),10m,50km/h
6836,ensoleillé,nuit,sec,étudiant universitaire,regarde son téléphone,s’arrêter,camion,pressé (travail ou vol),50m,25km/h
6837,ensoleillé,nuit,sec,étudiant universitaire,regarde son téléphone,s’arrêter,camion,pressé (travail ou vol),100m,25km/h
6847,ensoleillé,nuit,sec,étudiant universitaire,regarde son téléphone,s’arrêter,véhicule d'urgence,aucun,10m,25km/h
6848,ensoleillé,nuit,sec,étudiant universitaire,regarde son téléphone,s’arrêter,véhicule d'urgence,aucun,50m,25km/h
6849,ensoleillé,nuit,sec,étudiant universitaire,regarde son téléphone,s’arrêter,véhicule d'urgence,aucun,100m,25km/h
6864,ensoleillé,nuit,sec,étudiant universitaire,regarde son téléphone,se déplacer en direction du passage piéton,voiture normale,urgence (vers hôpital),100m,50km/h
6873,ensoleillé,nuit,sec,étudiant universitaire,regarde son téléphone,se déplacer en direction du passage piéton,camion,urgence (vers hôpital),100m,25km/h
6880,ensoleillé,nuit,sec,étudiant universitaire,regarde son téléphone,se déplacer en direction du passage piéton,voiture normale,pressé (travail ou vol),10m,50km/h
6881,ensoleillé,nuit,sec,étudiant universitaire,regarde son téléphone,se déplacer en direction du passage piéton,voiture normale,pressé (travail ou vol),50m,50km/h
6888,ensoleillé,nuit,sec,étudiant universitaire,regarde son téléphone,se déplacer en direction du passage piéton,véhicule d'urgence,pressé (travail ou vol),100m,50km/h
6897,ensoleillé,nuit,sec,étudiant universitaire,regarde son téléphone,se déplacer en direction du passage piéton,voiture normale,aucun,100m,25km/h
6905,ensoleillé,nuit,sec,étudiant universitaire,regarde son téléphone,se déplacer en direction du passage piéton,véhicule d'urgence,aucun,50m,50km/h
6908,ensoleillé,nuit,sec,étudiant universitaire,regarde son téléphone,se déplacer en direction du passage piéton,camion,aucun,50m,25km/h
6917,ensoleillé,nuit,sec,étudiant universitaire,regarde son téléphone,se déplacer dans une direction autre que celle du passage piéton,voiture normale,urgence (vers hôpital),50m,50km/h
6935,ensoleillé,nuit,sec,étudiant universitaire,regarde son téléphone,se déplacer dans une direction autre que celle du passage piéton,voiture normale,pressé (travail ou vol),50m,50km/h
6947,ensoleillé,nuit,sec,étudiant universitaire,regarde son téléphone,se déplacer dans une direction autre que celle du passage piéton,camion,pressé (travail ou vol),50m,50km/h
6957,ensoleillé,nuit,sec,étudiant universitaire,regarde son téléphone,se déplacer dans une direction autre que celle du passage piéton,véhicule d'urgence,aucun,100m,25km/h
7041,ensoleillé,nuit,sec,étudiant universitaire,parle à quelqu'un,se déplacer en direction du passage piéton,voiture normale,pressé (travail ou vol),100m,25km/h
7076,ensoleillé,nuit,sec,étudiant universitaire,parle à quelqu'un,se déplacer dans une direction autre que celle du passage piéton,voiture normale,urgence (vers hôpital),50m,25km/h
7095,ensoleillé,nuit,sec,étudiant universitaire,parle à quelqu'un,se déplacer dans une direction autre que celle du passage piéton,voiture normale,pressé (travail ou vol),100m,25km/h
7133,ensoleillé,nuit,sec,étudiant universitaire,regarde autour,s’arrêter,voiture normale,urgence (vers hôpital),50m,50km/h
7158,ensoleillé,nuit,sec,étudiant universitaire,regarde autour,s’arrêter,véhicule d'urgence,pressé (travail ou vol),100m,50km/h
7162,ensoleillé,nuit,sec,étudiant universitaire,regarde autour,s’arrêter,camion,pressé (travail ou vol),10m,50km/h
7200,ensoleillé,nuit,sec,étudiant universitaire,regarde autour,se déplacer en direction du passage piéton,camion,urgence (vers hôpital),100m,50km/h
7216,ensoleillé,nuit,sec,étudiant universitaire,regarde autour,se déplacer en direction du passage piéton,camion,pressé (travail ou vol),10m,50km/h
7225,ensoleillé,nuit,sec,étudiant universitaire,regarde autour,se déplacer en direction du passage piéton,véhicule d'urgence,aucun,10m,25km/h
7269,ensoleillé,nuit,sec,étudiant universitaire,regarde autour,se déplacer dans une direction autre que celle du passage piéton,camion,pressé (travail ou vol),100m,25km/h
7285,ensoleillé,nuit,sec,étudiant universitaire,regarde autour,se déplacer dans une direction autre que celle du passage piéton,camion,aucun,10m,25km/h
7294,ensoleillé,nuit,mouillé,enfant,regarde son téléphone,s’arrêter,voiture normale,urgence (vers hôpital),10m,50km/h
7304,ensoleillé,nuit,mouillé,enfant,regarde son téléphone,s’arrêter,camion,urgence (vers hôpital),50m,25km/h
7322,ensoleillé,nuit,mouillé,enfant,regarde son téléphone,s’arrêter,camion,pressé (travail ou vol),50m,25km/h
7325,ensoleillé,nuit,mouillé,enfant,regarde son téléphone,s’arrêter,camion,pressé (travail ou vol),50m,50km/h
7361,ensoleillé,nuit,mouillé,enfant,regarde son téléphone,se déplacer en direction du passage piéton,camion,urgence (vers hôpital),50m,50km/h
7376,ensoleillé,nuit,mouillé,enfant,regarde son téléphone,se déplacer en direction du passage piéton,camion,pressé (travail ou vol),50m,25km/h
7396,ensoleillé,nuit,mouillé,enfant,regarde son téléphone,se déplacer en direction du passage piéton,camion,aucun,10m,50km/h
7435,ensoleillé,nuit,mouillé,enfant,regarde son téléphone,se déplacer dans une direction autre que celle du passage piéton,voiture normale,aucun,10m,25km/h
7443,ensoleillé,nuit,mouillé,enfant,regarde son téléphone,se déplacer dans une direction autre que celle du passage piéton,véhicule d'urgence,aucun,100m,25km/h
7460,ensoleillé,nuit,mouillé,enfant,parle à quelqu'un,s’arrêter,véhicule d'urgence,urgence (vers hôpital),50m,25km/h
7464,ensoleillé,nuit,mouillé,enfant,parle à quelqu'un,s’arrêter,véhicule d'urgence,urgence (vers hôpital),100m,50km/h
7475,ensoleillé,nuit,mouillé,enfant,parle à quelqu'un,s’arrêter,voiture normale,pressé (travail ou vol),50m,50km/h
7477,ensoleillé,nuit,mouillé,enfant,parle à quelqu'un,s’arrêter,véhicule d'urgence,pressé (travail ou vol),10m,25km/h
7478,ensoleillé,nuit,mouillé,enfant,parle à quelqu'un,s’arrêter,véhicule d'urgence,pressé (travail ou vol),50m,25km/h
7500,ensoleillé,nuit,mouillé,enfant,parle à quelqu'un,s’arrêter,véhicule d'urgence,aucun,100m,50km/h
7509,ensoleillé,nuit,mouillé,enfant,parle à quelqu'un,se déplacer en direction du passage piéton,voiture normale,urgence (vers hôpital),100m,25km/h
7512,ensoleillé,nuit,mouillé,enfant,parle à quelqu'un,se déplacer en direction du passage piéton,voiture normale,urgence (vers hôpital),100m,50km/h
7514,ensoleillé,nuit,mouillé,enfant,parle à quelqu'un,se déplacer en direction du passage piéton,véhicule d'urgence,urgence (vers hôpital),50m,25km/h
7516,ensoleillé,nuit,mouillé,enfant,parle à quelqu'un,se déplacer en direction du passage piéton,véhicule d'urgence,urgence (vers hôpital),10m,50km/h
7519,ensoleillé,nuit,mouillé,enfant,parle à quelqu'un,se déplacer en direction du passage piéton,camion,urgence (vers hôpital),10m,25km/h
7536,ensoleillé,nuit,mouillé,enfant,parle à quelqu'un,se déplacer en direction du passage piéton,véhicule d'urgence,pressé (travail ou vol),100m,50km/h
7552,ensoleillé,nuit,mouillé,enfant,parle à quelqu'un,se déplacer en direction du passage piéton,véhicule d'urgence,aucun,10m,50km/h
7556,ensoleillé,nuit,mouillé,enfant,parle à quelqu'un,se déplacer en direction du passage piéton,camion,aucun,50m,25km/h
7559,ensoleillé,nuit,mouillé,enfant,parle à quelqu'un,se déplacer en direction du passage piéton,camion,aucun,50m,50km/h
7563,ensoleillé,nuit,mouillé,enfant,parle à quelqu'un,se déplacer dans une direction autre que celle du passage piéton,voiture normale,urgence (vers hôpital),100m,25km/h
7568,ensoleillé,nuit,mouillé,enfant,parle à quelqu'un,se déplacer dans une direction autre que celle du passage piéton,véhicule d'urgence,urgence (vers hôpital),50m,25km/h
7571,ensoleillé,nuit,mouillé,enfant,parle à quelqu'un,se déplacer dans une direction autre que celle du passage piéton,véhicule d'urgence,urgence (vers hôpital),50m,50km/h
7589,ensoleillé,nuit,mouillé,enfant,parle à quelqu'un,se déplacer dans une direction autre que celle du passage piéton,véhicule d'urgence,pressé (travail ou vol),50m,50km/h
7593,ensoleillé,nuit,mouillé,enfant,parle à quelqu'un,se déplacer dans une direction autre que celle du passage piéton,camion,pressé (travail ou vol),100m,25km/h
7604,ensoleillé,nuit,mouillé,enfant,parle à quelqu'un,se déplacer dans une direction autre que celle du passage piéton,véhicule d'urgence,aucun,50m,25km/h
7624,ensoleillé,nuit,mouillé,enfant,regarde autour,s’arrêter,véhicule d'urgence,urgence (vers hôpital),10m,50km/h
7639,ensoleillé,nuit,mouillé,enfant,regarde autour,s’arrêter,véhicule d'urgence,pressé (travail ou vol),10m,25km/h
7663,ensoleillé,nuit,mouillé,enfant,regarde autour,s’arrêter,camion,aucun,10m,25km/h
7664,ensoleillé,nuit,mouillé,enfant,regarde autour,s’arrêter,camion,aucun,50m,25km/h
7673,ensoleillé,nuit,mouillé,enfant,regarde autour,se déplacer en direction du passage piéton,voiture normale,urgence (vers hôpital),50m,50km/h
7683,ensoleillé,nuit,mouillé,enfant,regarde autour,se déplacer en direction du passage piéton,camion,urgence (vers hôpital),100m,25km/h
7692,ensoleillé,nuit,mouillé,enfant,regarde autour,se déplacer en direction du passage piéton,voiture normale,pressé (travail ou vol),100m,50km/h
7720,ensoleillé,nuit,mouillé,enfant,regarde autour,se déplacer en direction du passage piéton,camion,aucun,10m,50km/h
7722,ensoleillé,nuit,mouillé,enfant,regarde autour,se déplacer en direction du passage piéton,camion,aucun,100m,50km/h
7726,ensoleillé,nuit,mouillé,enfant,regarde autour,se déplacer dans une direction autre que celle du passage piéton,voiture normale,urgence (vers hôpital),10m,50km/h
7730,ensoleillé,nuit,mouillé,enfant,regarde autour,se déplacer dans une direction autre que celle du passage piéton,véhicule d'urgence,urgence (vers hôpital),50m,25km/h
7732,ensoleillé,nuit,mouillé,enfant,regarde autour,se déplacer dans une direction autre que celle du passage piéton,véhicule d'urgence,urgence (vers hôpital),10m,50km/h
7745,ensoleillé,nuit,mouillé,enfant,regarde autour,se déplacer dans une direction autre que celle du passage piéton,voiture normale,pressé (travail ou vol),50m,50km/h
7780,ensoleillé,nuit,mouillé,personne âgée,regarde son téléphone,s’arrêter,voiture normale,urgence (vers hôpital),10m,50km/h
7781,ensoleillé,nuit,mouillé,personne âgée,regarde son téléphone,s’arrêter,voiture normale,urgence (vers hôpital),50m,50km/h
7782,ensoleillé,nuit,mouillé,personne âgée,regarde son téléphone,s’arrêter,voiture normale,urgence (vers hôpital),100m,50km/h
7807,ensoleillé,nuit,mouillé,personne âgée,regarde son téléphone,s’arrêter,camion,pressé (travail ou vol),10m,25km/h
7811,ensoleillé,nuit,mouillé,personne âgée,regarde son téléphone,s’arrêter,camion,pressé (travail ou vol),50m,50km/h
7817,ensoleillé,nuit,mouillé,personne âgée,regarde son téléphone,s’arrêter,voiture normale,aucun,50m,50km/h
7829,ensoleillé,nuit,mouillé,personne âgée,regarde son téléphone,s’arrêter,camion,aucun,50m,50km/h
7859,ensoleillé,nuit,mouillé,personne âgée,regarde son téléphone,se déplacer en direction du passage piéton,véhicule d'urgence,pressé (travail ou vol),50m,50km/h
7882,ensoleillé,nuit,mouillé,personne âgée,regarde son téléphone,se déplacer en direction du passage piéton,camion,aucun,10m,50km/h
7898,ensoleillé,nuit,mouillé,personne âgée,regarde son téléphone,se déplacer dans une direction autre que celle du passage piéton,camion,urgence (vers hôpital),50m,25km/h
7920,ensoleillé,nuit,mouillé,personne âgée,regarde son téléphone,se déplacer dans une direction autre que celle du passage piéton,camion,pressé (travail ou vol),100m,50km/h
7923,ensoleillé,nuit,mouillé,personne âgée,regarde son téléphone,se déplacer dans une direction autre que celle du passage piéton,voiture normale,aucun,100m,25km/h
7933,ensoleillé,nuit,mouillé,personne âgée,regarde son téléphone,se déplacer dans une direction autre que celle du passage piéton,camion,aucun,10m,25km/h
7945,ensoleillé,nuit,mouillé,personne âgée,parle à quelqu'un,s’arrêter,véhicule d'urgence,urgence (vers hôpital),10m,25km/h
7946,ensoleillé,nuit,mouillé,personne âgée,parle à quelqu'un,s’arrêter,véhicule d'urgence,urgence (vers hôpital),50m,25km/h
7950,ensoleillé,nuit,mouillé,personne âgée,parle à quelqu'un,s’arrêter,véhicule d'urgence,urgence (vers hôpital),100m,50km/h
7970,ensoleillé,nuit,mouillé,personne âgée,parle à quelqu'un,s’arrêter,camion,pressé (travail ou vol),50m,25km/h
8019,ensoleillé,nuit,mouillé,personne âgée,parle à quelqu'un,se déplacer en direction du passage piéton,véhicule d'urgence,pressé (travail ou vol),100m,25km/h
8055,ensoleillé,nuit,mouillé,personne âgée,parle à quelqu'un,se déplacer dans une direction autre que celle du passage piéton,véhicule d'urgence,urgence (vers hôpital),100m,25km/h
8057,ensoleillé,nuit,mouillé,personne âgée,parle à quelqu'un,se déplacer dans une direction autre que celle du passage piéton,véhicule d'urgence,urgence (vers hôpital),50m,50km/h
8086,ensoleillé,nuit,mouillé,personne âgée,parle à quelqu'un,se déplacer dans une direction autre que celle du passage piéton,voiture normale,aucun,10m,50km/h
8088,ensoleillé,nuit,mouillé,personne âgée,parle à quelqu'un,se déplacer dans une direction autre que celle du passage piéton,voiture normale,aucun,100m,50km/h
8138,ensoleillé,nuit,mouillé,personne âgée,regarde autour,s’arrêter,voiture normale,aucun,50m,25km/h
8139,ensoleillé,nuit,mouillé,personne âgée,regarde autour,s’arrêter,voiture normale,aucun,100m,25km/h
8141,ensoleillé,nuit,mouillé,personne âgée,regarde autour,s’arrêter,voiture normale,aucun,50m,50km/h
8143,ensoleillé,nuit,mouillé,personne âgée,regarde autour,s’arrêter,véhicule d'urgence,aucun,10m,25km/h
8146,ensoleillé,nuit,mouillé,personne âgée,regarde autour,s’arrêter,véhicule d'urgence,aucun,10m,50km/h
8154,ensoleillé,nuit,mouillé,personne âgée,regarde autour,s’arrêter,camion,aucun,100m,50km/h
8193,ensoleillé,nuit,mouillé,personne âgée,regarde autour,se déplacer en direction du passage piéton,voiture normale,aucun,100m,25km/h
8201,ensoleillé,nuit,mouillé,personne âgée,regarde autour,se déplacer en direction du passage piéton,véhicule d'urgence,aucun,50m,50km/h
8212,ensoleillé,nuit,mouillé,personne âgée,regarde autour,se déplacer dans une direction autre que celle du passage piéton,voiture normale,urgence (vers hôpital),10m,50km/h
8214,ensoleillé,nuit,mouillé,personne âgée,regarde autour,se déplacer dans une direction autre que celle du passage piéton,voiture normale,urgence (vers hôpital),100m,50km/h
8238,ensoleillé,nuit,mouillé,personne âgée,regarde autour,se déplacer dans une direction autre que celle du passage piéton,véhicule d'urgence,pressé (travail ou vol),100m,50km/h
8239,ensoleillé,nuit,mouillé,personne âgée,regarde autour,se déplacer dans une direction autre que celle du passage piéton,camion,pressé (travail ou vol),10m,25km/h
8248,ensoleillé,nuit,mouillé,personne âgée,regarde autour,se déplacer dans une direction autre que celle du passage piéton,voiture normale,aucun,10m,50km/h
8261,ensoleillé,nuit,mouillé,personne âgée,regarde autour,se déplacer dans une direction autre que celle du passage piéton,camion,aucun,50m,50km/h
8271,ensoleillé,nuit,mouillé,policier,regarde son téléphone,s’arrêter,véhicule d'urgence,urgence (vers hôpital),100m,25km/h
8272,ensoleillé,nuit,mouillé,policier,regarde son téléphone,s’arrêter,véhicule d'urgence,urgence (vers hôpital),10m,50km/h
8281,ensoleillé,nuit,mouillé,policier,regarde son téléphone,s’arrêter,voiture normale,pressé (travail ou vol),10m,25km/h
8305,ensoleillé,nuit,mouillé,policier,regarde son téléphone,s’arrêter,véhicule d'urgence,aucun,10m,25km/h
8324,ensoleillé,nuit,mouillé,policier,regarde son téléphone,se déplacer en direction du passage piéton,véhicule d'urgence,urgence (vers hôpital),50m,25km/h
8328,ensoleillé,nuit,mouillé,policier,regarde son téléphone,se déplacer en direction du passage piéton,véhicule d'urgence,urgence (vers hôpital),100m,50km/h
8337,ensoleillé,nuit,mouillé,policier,regarde son téléphone,se déplacer en direction du passage piéton,voiture normale,pressé (travail ou vol),100m,25km/h
8349,ensoleillé,nuit,mouillé,policier,regarde son téléphone,se déplacer en direction du passage piéton,camion,pressé (travail ou vol),100m,25km/h
8361,ensoleillé,nuit,mouillé,policier,regarde son téléphone,se déplacer en direction du passage piéton,véhicule d'urgence,aucun,100m,25km/h
8362,ensoleillé,nuit,mouillé,policier,regarde son téléphone,se déplacer en direction du passage piéton,véhicule d'urgence,aucun,10m,50km/h
8378,ensoleillé,nuit,mouillé,policier,regarde son téléphone,se déplacer dans une direction autre que celle du passage piéton,véhicule d'urgence,urgence (vers hôpital),50m,25km/h
8396,ensoleillé,nuit,mouillé,policier,regarde son téléphone,se déplacer dans une direction autre que celle du passage piéton,véhicule d'urgence,pressé (travail ou vol),50m,25km/h
8404,ensoleillé,nuit,mouillé,policier,regarde son téléphone,se déplacer dans une direction autre que celle du passage piéton,camion,pressé (travail ou vol),10m,50km/h
8405,ensoleillé,nuit,mouillé,policier,regarde son téléphone,se déplacer dans une direction autre que celle du passage piéton,camion,pressé (travail ou vol),50m,50km/h
8411,ensoleillé,nuit,mouillé,policier,regarde son téléphone,se déplacer dans une direction autre que celle du passage piéton,voiture normale,aucun,50m,50km/h
8427,ensoleillé,nuit,mouillé,policier,parle à quelqu'un,s’arrêter,voiture normale,urgence (vers hôpital),100m,25km/h
8438,ensoleillé,nuit,mouillé,policier,parle à quelqu'un,s’arrêter,camion,urgence (vers hôpital),50m,25km/h
8444,ensoleillé,nuit,mouillé,policier,parle à quelqu'un,s’arrêter,voiture normale,pressé (travail ou vol),50m,25km/h
8452,ensoleillé,nuit,mouillé,policier,parle à quelqu'un,s’arrêter,véhicule d'urgence,pressé (travail ou vol),10m,50km/h
8453,ensoleillé,nuit,mouillé,policier,parle à quelqu'un,s’arrêter,véhicule d'urgence,pressé (travail ou vol),50m,50km/h
8454,ensoleillé,nuit,mouillé,policier,parle à quelqu'un,s’arrêter,véhicule d'urgence,pressé (travail ou vol),100m,50km/h
8488,ensoleillé,nuit,mouillé,policier,parle à quelqu'un,se déplacer en direction du passage piéton,véhicule d'urgence,urgence (vers hôpital),10m,50km/h
8493,ensoleillé,nuit,mouillé,policier,parle à quelqu'un,se déplacer en direction du passage piéton,camion,urgence (vers hôpital),100m,25km/h
8500,ensoleillé,nuit,mouillé,policier,parle à quelqu'un,se déplacer en direction du passage piéton,voiture normale,pressé (travail ou vol),10m,50km/h
8511,ensoleillé,nuit,mouillé,policier,parle à quelqu'un,se déplacer en direction du passage piéton,camion,pressé (travail ou vol),100m,25km/h
8518,ensoleillé,nuit,mouillé,policier,parle à quelqu'un,se déplacer en direction du passage piéton,voiture normale,aucun,10m,50km/h
8524,ensoleillé,nuit,mouillé,policier,parle à quelqu'un,se déplacer en direction du passage piéton,véhicule d'urgence,aucun,10m,50km/h
8526,ensoleillé,nuit,mouillé,policier,parle à quelqu'un,se déplacer en direction du passage piéton,véhicule d'urgence,aucun,100m,50km/h
8563,ensoleillé,nuit,mouillé,policier,parle à quelqu'un,se déplacer dans une direction autre que celle du passage piéton,camion,pressé (travail ou vol),10m,25km/h
8569,ensoleillé,nuit,mouillé,policier,parle à quelqu'un,se déplacer dans une direction autre que celle du passage piéton,voiture normale,aucun,10m,25km/h
8583,ensoleillé,nuit,mouillé,policier,parle à quelqu'un,se déplacer dans une direction autre que celle du passage piéton,camion,aucun,100m,25km/h
8585,ensoleillé,nuit,mouillé,policier,parle à quelqu'un,se déplacer dans une direction autre que celle du passage piéton,camion,aucun,50m,50km/h
8586,ensoleillé,nuit,mouillé,policier,parle à quelqu'un,se déplacer dans une direction autre que celle du passage piéton,camion,aucun,100m,50km/h
8611,ensoleillé,nuit,mouillé,policier,regarde autour,s’arrêter,véhicule d'urgence,pressé (travail ou vol),10m,25km/h
8613,ensoleillé,nuit,mouillé,policier,regarde autour,s’arrêter,véhicule d'urgence,pressé (travail ou vol),100m,25km/h
8633,ensoleillé,nuit,mouillé,policier,regarde autour,s’arrêter,véhicule d'urgence,aucun,50m,50km/h
8638,ensoleillé,nuit,mouillé,policier,regarde autour,s’arrêter,camion,aucun,10m,50km/h
8646,ensoleillé,nuit,mouillé,policier,regarde autour,se déplacer en direction du passage piéton,voiture normale,urgence (vers hôpital),100m,50km/h
8658,ensoleillé,nuit,mouillé,policier,regarde autour,se déplacer en direction du passage piéton,camion,urgence (vers hôpital),100m,50km/h
8661,ensoleillé,nuit,mouillé,policier,regarde autour,se déplacer en direction du passage piéton,voiture normale,pressé (travail ou vol),100m,25km/h
8680,ensoleillé,nuit,mouillé,policier,regarde autour,se déplacer en direction du passage piéton,voiture normale,aucun,10m,50km/h
8688,ensoleillé,nuit,mouillé,policier,regarde autour,se déplacer en direction du passage piéton,véhicule d'urgence,aucun,100m,50km/h
8723,ensoleillé,nuit,mouillé,policier,regarde autour,se déplacer dans une direction autre que celle du passage piéton,véhicule d'urgence,pressé (travail ou vol),50m,50km/h
8736,ensoleillé,nuit,mouillé,policier,regarde autour,se déplacer dans une direction autre que celle du passage piéton,voiture normale,aucun,100m,50km/h
8749,ensoleillé,nuit,mouillé,femme enceinte,regarde son téléphone,s’arrêter,voiture normale,urgence (vers hôpital),10m,25km/h
8758,ensoleillé,nuit,mouillé,femme enceinte,regarde son téléphone,s’arrêter,véhicule d'urgence,urgence (vers hôpital),10m,50km/h
8764,ensoleillé,nuit,mouillé,femme enceinte,regarde son téléphone,s’arrêter,camion,urgence (vers hôpital),10m,50km/h
8786,ensoleillé,nuit,mouillé,femme enceinte,regarde son téléphone,s’arrêter,voiture normale,aucun,50m,25km/h
8798,ensoleillé,nuit,mouillé,femme enceinte,regarde son téléphone,s’arrêter,camion,aucun,50m,25km/h
8815,ensoleillé,nuit,mouillé,femme enceinte,regarde son téléphone,se déplacer en direction du passage piéton,camion,urgence (vers hôpital),10m,25km/h
8827,ensoleillé,nuit,mouillé,femme enceinte,regarde son téléphone,se déplacer en direction du passage piéton,véhicule d'urgence,pressé (travail ou vol),10m,25km/h
8834,ensoleillé,nuit,mouillé,femme enceinte,regarde son téléphone,se déplacer en direction du passage piéton,camion,pressé (travail ou vol),50m,25km/h
8841,ensoleillé,nuit,mouillé,femme enceinte,regarde son téléphone,se déplacer en direction du passage piéton,voiture normale,aucun,100m,25km/h
8855,ensoleillé,nuit,mouillé,femme enceinte,regarde son téléphone,se déplacer en direction du passage piéton,camion,aucun,50m,50km/h
8883,ensoleillé,nuit,mouillé,femme enceinte,regarde son téléphone,se déplacer dans une direction autre que celle du passage piéton,véhicule d'urgence,pressé (travail ou vol),100m,25km/h
8893,ensoleillé,nuit,mouillé,femme enceinte,regarde son téléphone,se déplacer dans une direction autre que celle du passage piéton,voiture normale,aucun,10m,25km/h
8905,ensoleillé,nuit,mouillé,femme enceinte,regarde son téléphone,se déplacer dans une direction autre que celle du passage piéton,camion,aucun,10m,25km/h
8908,ensoleillé,nuit,mouillé,femme enceinte,regarde son téléphone,se déplacer dans une direction autre que celle du passage piéton,camion,aucun,10m,50km/h
8926,ensoleillé,nuit,mouillé,femme enceinte,parle à quelqu'un,s’arrêter,camion,urgence (vers hôpital),10m,50km/h
8931,ensoleillé,nuit,mouillé,femme enceinte,parle à quelqu'un,s’arrêter,voiture normale,pressé (travail ou vol),100m,25km/h
8937,ensoleillé,nuit,mouillé,femme enceinte,parle à quelqu'un,s’arrêter,véhicule d'urgence,pressé (travail ou vol),100m,25km/h
8940,ensoleillé,nuit,mouillé,femme enceinte,parle à quelqu'un,s’arrêter,véhicule d'urgence,pressé (travail ou vol),100m,50km/h
8949,ensoleillé,nuit,mouillé,femme enceinte,parle à quelqu'un,s’arrêter,voiture normale,aucun,100m,25km/h
8954,ensoleillé,nuit,mouillé,femme enceinte,parle à quelqu'un,s’arrêter,véhicule d'urgence,aucun,50m,25km/h
8956,ensoleillé,nuit,mouillé,femme enceinte,parle à quelqu'un,s’arrêter,véhicule d'urgence,aucun,10m,50km/h
8973,ensoleillé,nuit,mouillé,femme enceinte,parle à quelqu'un,se déplacer en direction du passage piéton,véhicule d'urgence,urgence (vers hôpital),100m,25km/h
8978,ensoleillé,nuit,mouillé,femme enceinte,parle à quelqu'un,se déplacer en direction du passage piéton,camion,urgence (vers hôpital),50m,25km/h
8987,ensoleillé,nuit,mouillé,femme enceinte,parle à quelqu'un,se déplacer en direction du passage piéton,voiture normale,pressé (travail ou vol),50m,50km/h
8994,ensoleillé,nuit,mouillé,femme enceinte,parle à quelqu'un,se déplacer en direction du passage piéton,véhicule d'urgence,pressé (travail ou vol),100m,50km/h
9001,ensoleillé,nuit,mouillé,femme enceinte,parle à quelqu'un,se déplacer en direction du passage piéton,voiture normale,aucun,10m,25km/h
9007,ensoleillé,nuit,mouillé,femme enceinte,parle à quelqu'un,se déplacer en direction du passage piéton,véhicule d'urgence,aucun,10m,25km/h
9043,ensoleillé,nuit,mouillé,femme enceinte,parle à quelqu'un,se déplacer dans une direction autre que celle du passage piéton,véhicule d'urgence,pressé (travail ou vol),10m,25km/h
9055,ensoleillé,nuit,mouillé,femme enceinte,parle à quelqu'un,se déplacer dans une direction autre que celle du passage piéton,voiture normale,aucun,10m,25km/h
9092,ensoleillé,nuit,mouillé,femme enceinte,regarde autour,s’arrêter,voiture normale,pressé (travail ou vol),50m,25km/h
9093,ensoleillé,nuit,mouillé,femme enceinte,regarde autour,s’arrêter,voiture normale,pressé (travail ou vol),100m,25km/h
9098,ensoleillé,nuit,mouillé,femme enceinte,regarde autour,s’arrêter,véhicule d'urgence,pressé (travail ou vol),50m,25km/h
9139,ensoleillé,nuit,mouillé,femme enceinte,regarde autour,se déplacer en direction du passage piéton,camion,urgence (vers hôpital),10m,25km/h
9158,ensoleillé,nuit,mouillé,femme enceinte,regarde autour,se déplacer en direction du passage piéton,camion,pressé (travail ou vol),50m,25km/h
9168,ensoleillé,nuit,mouillé,femme enceinte,regarde autour,se déplacer en direction du passage piéton,voiture normale,aucun,100m,50km/h
9190,ensoleillé,nuit,mouillé,femme enceinte,regarde autour,se déplacer dans une direction autre que celle du passage piéton,véhicule d'urgence,urgence (vers hôpital),10m,50km/h
9203,ensoleillé,nuit,mouillé,femme enceinte,regarde autour,se déplacer dans une direction autre que celle du passage piéton,voiture normale,pressé (travail ou vol),50m,50km/h
9210,ensoleillé,nuit,mouillé,femme enceinte,regarde autour,se déplacer dans une direction autre que celle du passage piéton,véhicule d'urgence,pressé (travail ou vol),100m,50km/h
9211,ensoleillé,nuit,mouillé,femme enceinte,regarde autour,se déplacer dans une direction autre que celle du passage piéton,camion,pressé (travail ou vol),10m,25km/h
9215,ensoleillé,nuit,mouillé,femme enceinte,regarde autour,se déplacer dans une direction autre que celle du passage piéton,camion,pressé (travail ou vol),50m,50km/h
9241,ensoleillé,nuit,mouillé,étudiant universitaire,regarde son téléphone,s’arrêter,véhicule d'urgence,urgence (vers hôpital),10m,25km/h
9243,ensoleillé,nuit,mouillé,étudiant universitaire,regarde son téléphone,s’arrêter,véhicule d'urgence,urgence (vers hôpital),100m,25km/h
9255,ensoleillé,nuit,mouillé,étudiant universitaire,regarde son téléphone,s’arrêter,voiture normale,pressé (travail ou vol),100m,25km/h
9271,ensoleillé,nuit,mouillé,étudiant universitaire,regarde son téléphone,s’arrêter,voiture normale,aucun,10m,25km/h
9277,ensoleillé,nuit,mouillé,étudiant universitaire,regarde son téléphone,s’arrêter,véhicule d'urgence,aucun,10m,25km/h
9287,ensoleillé,nuit,mouillé,étudiant universitaire,regarde son téléphone,s’arrêter,camion,aucun,50m,50km/h
9296,ensoleillé,nuit,mouillé,étudiant universitaire,regarde son téléphone,se déplacer en direction du passage piéton,véhicule d'urgence,urgence (vers hôpital),50m,25km/h
9300,ensoleillé,nuit,mouillé,étudiant universitaire,regarde son téléphone,se déplacer en direction du passage piéton,véhicule d'urgence,urgence (vers hôpital),100m,50km/h
9316,ensoleillé,nuit,mouillé,étudiant universitaire,regarde son téléphone,se déplacer en direction du passage piéton,véhicule d'urgence,pressé (travail ou vol),10m,50km/h
9326,ensoleillé,nuit,mouillé,étudiant universitaire,regarde son téléphone,se déplacer en direction du passage piéton,voiture normale,aucun,50m,25km/h
9327,ensoleillé,nuit,mouillé,étudiant universitaire,regarde son téléphone,se déplacer en direction du passage piéton,voiture normale,aucun,100m,25km/h
9329,ensoleillé,nuit,mouillé,étudiant universitaire,regarde son téléphone,se déplacer en direction du passage piéton,voiture normale,aucun,50m,50km/h
9339,ensoleillé,nuit,mouillé,étudiant universitaire,regarde son téléphone,se déplacer en direction du passage piéton,camion,aucun,100m,25km/h
9368,ensoleillé,nuit,mouillé,étudiant universitaire,regarde son téléphone,se déplacer dans une direction autre que celle du passage piéton,véhicule d'urgence,pressé (travail ou vol),50m,25km/h
9383,ensoleillé,nuit,mouillé,étudiant universitaire,regarde son téléphone,se déplacer dans une direction autre que celle du passage piéton,voiture normale,aucun,50m,50km/h
9387,ensoleillé,nuit,mouillé,étudiant universitaire,regarde son téléphone,se déplacer dans une direction autre que celle du passage piéton,véhicule d'urgence,aucun,100m,25km/h
9393,ensoleillé,nuit,mouillé,étudiant universitaire,regarde son téléphone,se déplacer dans une direction autre que celle du passage piéton,camion,aucun,100m,25km/h
9410,ensoleillé,nuit,mouillé,étudiant universitaire,parle à quelqu'un,s’arrêter,camion,urgence (vers hôpital),50m,25km/h
9412,ensoleillé,nuit,mouillé,étudiant universitaire,parle à quelqu'un,s’arrêter,camion,urgence (vers hôpital),10m,50km/h
9438,ensoleillé,nuit,mouillé,étudiant universitaire,parle à quelqu'un,s’arrêter,voiture normale,aucun,100m,50km/h
9442,ensoleillé,nuit,mouillé,étudiant universitaire,parle à quelqu'un,s’arrêter,véhicule d'urgence,aucun,10m,50km/h
9443,ensoleillé,nuit,mouillé,étudiant universitaire,parle à quelqu'un,s’arrêter,véhicule d'urgence,aucun,50m,50km/h
9458,ensoleillé,nuit,mouillé,étudiant universitaire,parle à quelqu'un,se déplacer en direction du passage piéton,véhicule d'urgence,urgence (vers hôpital),50m,25km/h
9464,ensoleillé,nuit,mouillé,étudiant universitaire,parle à quelqu'un,se déplacer en direction du passage piéton,camion,urgence (vers hôpital),50m,25km/h
9469,ensoleillé,nuit,mouillé,étudiant universitaire,parle à quelqu'un,se déplacer en direction du passage piéton,voiture normale,pressé (travail ou vol),10m,25km/h
9474,ensoleillé,nuit,mouillé,étudiant universitaire,parle à quelqu'un,se déplacer en direction du passage piéton,voiture normale,pressé (travail ou vol),100m,50km/h
9483,ensoleillé,nuit,mouillé,étudiant universitaire,parle à quelqu'un,se déplacer en direction du passage piéton,camion,pressé (travail ou vol),100m,25km/h
9516,ensoleillé,nuit,mouillé,étudiant universitaire,parle à quelqu'un,se déplacer dans une direction autre que celle du passage piéton,véhicule d'urgence,urgence (vers hôpital),100m,50km/h
9548,ensoleillé,nuit,mouillé,étudiant universitaire,parle à quelqu'un,se déplacer dans une direction autre que celle du passage piéton,véhicule d'urgence,aucun,50m,25km/h
9618,ensoleillé,nuit,mouillé,étudiant universitaire,regarde autour,se déplacer en direction du passage piéton,voiture normale,urgence (vers hôpital),100m,50km/h
9619,ensoleillé,nuit,mouillé,étudiant universitaire,regarde autour,se déplacer en direction du passage piéton,véhicule d'urgence,urgence (vers hôpital),10m,25km/h
9623,ensoleillé,nuit,mouillé,étudiant universitaire,regarde autour,se déplacer en direction du passage piéton,véhicule d'urgence,urgence (vers hôpital),50m,50km/h
9640,ensoleillé,nuit,mouillé,étudiant universitaire,regarde autour,se déplacer en direction du passage piéton,véhicule d'urgence,pressé (travail ou vol),10m,50km/h
9646,ensoleillé,nuit,mouillé,étudiant universitaire,regarde autour,se déplacer en direction du passage piéton,camion,pressé (travail ou vol),10m,50km/h
9653,ensoleillé,nuit,mouillé,étudiant universitaire,regarde autour,se déplacer en direction du passage piéton,voiture normale,aucun,50m,50km/h
9660,ensoleillé,nuit,mouillé,étudiant universitaire,regarde autour,se déplacer en direction du passage piéton,véhicule d'urgence,aucun,100m,50km/h
9682,ensoleillé,nuit,mouillé,étudiant universitaire,regarde autour,se déplacer dans une direction autre que celle du passage piéton,camion,urgence (vers hôpital),10m,50km/h
9694,ensoleillé,nuit,mouillé,étudiant universitaire,regarde autour,se déplacer dans une direction autre que celle du passage piéton,véhicule d'urgence,pressé (travail ou vol),10m,50km/h
9699,ensoleillé,nuit,mouillé,étudiant universitaire,regarde autour,se déplacer dans une direction autre que celle du passage piéton,camion,pressé (travail ou vol),100m,25km/h
9705,ensoleillé,nuit,mouillé,étudiant universitaire,regarde autour,se déplacer dans une direction autre que celle du passage piéton,voiture normale,aucun,100m,25km/h
9718,ensoleillé,nuit,mouillé,étudiant universitaire,regarde autour,se déplacer dans une direction autre que celle du passage piéton,camion,aucun,10m,50km/h
9721,pluvieux,jour,sec,enfant,regarde son téléphone,s’arrêter,voiture normale,urgence (vers hôpital),10m,25km/h
9724,pluvieux,jour,sec,enfant,regarde son téléphone,s’arrêter,voiture normale,urgence (vers hôpital),10m,50km/h
9726,pluvieux,jour,sec,enfant,regarde son téléphone,s’arrêter,voiture normale,urgence (vers hôpital),100m,50km/h
9768,pluvieux,jour,sec,enfant,regarde son téléphone,s’arrêter,véhicule d'urgence,aucun,100m,50km/h
9777,pluvieux,jour,sec,enfant,regarde son téléphone,se déplacer en direction du passage piéton,voiture normale,urgence (vers hôpital),100m,25km/h
9779,pluvieux,jour,sec,enfant,regarde son téléphone,se déplacer en direction du passage piéton,voiture normale,urgence (vers hôpital),50m,50km/h
9782,pluvieux,jour,sec,enfant,regarde son téléphone,se déplacer en direction du passage piéton,véhicule d'urgence,urgence (vers hôpital),50m,25km/h
9787,pluvieux,jour,sec,enfant,regarde son téléphone,se déplacer en direction du passage piéton,camion,urgence (vers hôpital),10m,25km/h
9801,pluvieux,jour,sec,enfant,regarde son téléphone,se déplacer en direction du passage piéton,véhicule d'urgence,pressé (travail ou vol),100m,25km/h
9810,pluvieux,jour,sec,enfant,regarde son téléphone,se déplacer en direction du passage piéton,camion,pressé (travail ou vol),100m,50km/h
9815,pluvieux,jour,sec,enfant,regarde son téléphone,se déplacer en direction du passage piéton,voiture normale,aucun,50m,50km/h
9828,pluvieux,jour,sec,enfant,regarde son téléphone,se déplacer en direction du passage piéton,camion,aucun,100m,50km/h
9855,pluvieux,jour,sec,enfant,regarde son téléphone,se déplacer dans une direction autre que celle du passage piéton,véhicule d'urgence,pressé (travail ou vol),100m,25km/h
9864,pluvieux,jour,sec,enfant,regarde son téléphone,se déplacer dans une direction autre que celle du passage piéton,camion,pressé (travail ou vol),100m,50km/h
9870,pluvieux,jour,sec,enfant,regarde son téléphone,se déplacer dans une direction autre que celle du passage piéton,voiture normale,aucun,100m,50km/h
9884,pluvieux,jour,sec,enfant,parle à quelqu'un,s’arrêter,voiture normale,urgence (vers hôpital),50m,25km/h
9890,pluvieux,jour,sec,enfant,parle à quelqu'un,s’arrêter,véhicule d'urgence,urgence (vers hôpital),50m,25km/h
9903,pluvieux,jour,sec,enfant,parle à quelqu'un,s’arrêter,voiture normale,pressé (travail ou vol),100m,25km/h
9911,pluvieux,jour,sec,enfant,parle à quelqu'un,s’arrêter,véhicule d'urgence,pressé (travail ou vol),50m,50km/h
9923,pluvieux,jour,sec,enfant,parle à quelqu'un,s’arrêter,voiture normale,aucun,50m,50km/h
9934,pluvieux,jour,sec,enfant,parle à quelqu'un,s’arrêter,camion,aucun,10m,50km/h
9939,pluvieux,jour,sec,enfant,parle à quelqu'un,se déplacer en direction du passage piéton,voiture normale,urgence (vers hôpital),100m,25km/h
9956,pluvieux,jour,sec,enfant,parle à quelqu'un,se déplacer en direction du passage piéton,voiture normale,pressé (travail ou vol),50m,25km/h
9959,pluvieux,jour,sec,enfant,parle à quelqu'un,se déplacer en direction du passage piéton,voiture normale,pressé (travail ou vol),50m,50km/h
9961,pluvieux,jour,sec,enfant,parle à quelqu'un,se déplacer en direction du passage piéton,véhicule d'urgence,pressé (travail ou vol),10m,25km/h
9971,pluvieux,jour,sec,enfant,parle à quelqu'un,se déplacer en direction du passage piéton,camion,pressé (travail ou vol),50m,50km/h
9977,pluvieux,jour,sec,enfant,parle à quelqu'un,se déplacer en direction du passage piéton,voiture normale,aucun,50m,50km/h
9979,pluvieux,jour,sec,enfant,parle à quelqu'un,se déplacer en direction du passage piéton,véhicule d'urgence,aucun,10m,25km/h
10011,pluvieux,jour,sec,enfant,parle à quelqu'un,se déplacer dans une direction autre que celle du passage piéton,voiture normale,pressé (travail ou vol),100m,25km/h
10012,pluvieux,jour,sec,enfant,parle à quelqu'un,se déplacer dans une direction autre que celle du passage piéton,voiture normale,pressé (travail ou vol),10m,50km/h
10022,pluvieux,jour,sec,enfant,parle à quelqu'un,se déplacer dans une direction autre que celle du passage piéton,camion,pressé (travail ou vol),50m,25km/h
10045,pluvieux,jour,sec,enfant,regarde autour,s’arrêter,voiture normale,urgence (vers hôpital),10m,25km/h
10057,pluvieux,jour,sec,enfant,regarde autour,s’arrêter,camion,urgence (vers hôpital),10m,25km/h
10073,pluvieux,jour,sec,enfant,regarde autour,s’arrêter,véhicule d'urgence,pressé (travail ou vol),50m,50km/h
10102,pluvieux,jour,sec,enfant,regarde autour,se déplacer en direction du passage piéton,voiture normale,urgence (vers hôpital),10m,50km/h
10116,pluvieux,jour,sec,enfant,regarde autour,se déplacer en direction du passage piéton,camion,urgence (vers hôpital),100m,50km/h
10156,pluvieux,jour,sec,enfant,regarde autour,se déplacer dans une direction autre que celle du passage piéton,voiture normale,urgence (vers hôpital),10m,50km/h
10157,pluvieux,jour,sec,enfant,regarde autour,se déplacer dans une direction autre que celle du passage piéton,voiture normale,urgence (vers hôpital),50m,50km/h
10158,pluvieux,jour,sec,enfant,regarde autour,se déplacer dans une direction autre que celle du passage piéton,voiture normale,urgence (vers hôpital),100m,50km/h
10164,pluvieux,jour,sec,enfant,regarde autour,se déplacer dans une direction autre que celle du passage piéton,véhicule d'urgence,urgence (vers hôpital),100m,50km/h
10171,pluvieux,jour,sec,enfant,regarde autour,se déplacer dans une direction autre que celle du passage piéton,voiture normale,pressé (travail ou vol),10m,25km/h
10205,pluvieux,jour,sec,enfant,regarde autour,se déplacer dans une direction autre que celle du passage piéton,camion,aucun,50m,50km/h
10209,pluvieux,jour,sec,personne âgée,regarde son téléphone,s’arrêter,voiture normale,urgence (vers hôpital),100m,25km/h
10229,pluvieux,jour,sec,personne âgée,regarde son téléphone,s’arrêter,voiture normale,pressé (travail ou vol),50m,50km/h
10255,pluvieux,jour,sec,personne âgée,regarde son téléphone,s’arrêter,camion,aucun,10m,25km/h
10262,pluvieux,jour,sec,personne âgée,regarde son téléphone,se déplacer en direction du passage piéton,voiture normale,urgence (vers hôpital),50m,25km/h
10263,pluvieux,jour,sec,personne âgée,regarde son téléphone,se déplacer en direction du passage piéton,voiture normale,urgence (vers hôpital),100m,25km/h
10265,pluvieux,jour,sec,personne âgée,regarde son téléphone,se déplacer en direction du passage piéton,voiture normale,urgence (vers hôpital),50m,50km/h
10283,pluvieux,jour,sec,personne âgée,regarde son téléphone,se déplacer en direction du passage piéton,voiture normale,pressé (travail ou vol),50m,50km/h
10324,pluvieux,jour,sec,personne âgée,regarde son téléphone,se déplacer dans une direction autre que celle du passage piéton,véhicule d'urgence,urgence (vers hôpital),10m,50km/h
10326,pluvieux,jour,sec,personne âgée,regarde son téléphone,se déplacer dans une direction autre que celle du passage piéton,véhicule d'urgence,urgence (vers hôpital),100m,50km/h
10347,pluvieux,jour,sec,personne âgée,regarde son téléphone,se déplacer dans une direction autre que celle du passage piéton,camion,pressé (travail ou vol),100m,25km/h
10371,pluvieux,jour,sec,personne âgée,parle à quelqu'un,s’arrêter,voiture normale,urgence (vers hôpital),100m,25km/h
10407,pluvieux,jour,sec,personne âgée,parle à quelqu'un,s’arrêter,voiture normale,aucun,100m,25km/h
10417,pluvieux,jour,sec,personne âgée,parle à quelqu'un,s’arrêter,camion,aucun,10m,25km/h
10423,pluvieux,jour,sec,personne âgée,parle à quelqu'un,se déplacer en direction du passage piéton,voiture normale,urgence (vers hôpital),10m,25km/h
10441,pluvieux,jour,sec,personne âgée,parle à quelqu'un,se déplacer en direction du passage piéton,voiture normale,pressé (travail ou vol),10m,25km/h
10447,pluvieux,jour,sec,personne âgée,parle à quelqu'un,se déplacer en direction du passage piéton,véhicule d'urgence,pressé (travail ou vol),10m,25km/h
10456,pluvieux,jour,sec,personne âgée,parle à quelqu'un,se déplacer en direction du passage piéton,camion,pressé (travail ou vol),10m,50km/h
10462,pluvieux,jour,sec,personne âgée,parle à quelqu'un,se déplacer en direction du passage piéton,voiture normale,aucun,10m,50km/h
10485,pluvieux,jour,sec,personne âgée,parle à quelqu'un,se déplacer dans une direction autre que celle du passage piéton,véhicule d'urgence,urgence (vers hôpital),100m,25km/h
10526,pluvieux,jour,sec,personne âgée,parle à quelqu'un,se déplacer dans une direction autre que celle du passage piéton,camion,aucun,50m,25km/h
10528,pluvieux,jour,sec,personne âgée,parle à quelqu'un,se déplacer dans une direction autre que celle du passage piéton,camion,aucun,10m,50km/h
10541,pluvieux,jour,sec,personne âgée,regarde autour,s’arrêter,véhicule d'urgence,urgence (vers hôpital),50m,50km/h
10560,pluvieux,jour,sec,personne âgée,regarde autour,s’arrêter,véhicule d'urgence,pressé (travail ou vol),100m,50km/h
10570,pluvieux,jour,sec,personne âgée,regarde autour,s’arrêter,voiture normale,aucun,10m,50km/h
10595,pluvieux,jour,sec,personne âgée,regarde autour,se déplacer en direction du passage piéton,véhicule d'urgence,urgence (vers hôpital),50m,50km/h
10605,pluvieux,jour,sec,personne âgée,regarde autour,se déplacer en direction du passage piéton,voiture normale,pressé (travail ou vol),100m,25km/h
10614,pluvieux,jour,sec,personne âgée,regarde autour,se déplacer en direction du passage piéton,véhicule d'urgence,pressé (travail ou vol),100m,50km/h
10622,pluvieux,jour,sec,personne âgée,regarde autour,se déplacer en direction du passage piéton,voiture normale,aucun,50m,25km/h
10649,pluvieux,jour,sec,personne âgée,regarde autour,se déplacer dans une direction autre que celle du passage piéton,véhicule d'urgence,urgence (vers hôpital),50m,50km/h
10679,pluvieux,jour,sec,personne âgée,regarde autour,se déplacer dans une direction autre que celle du passage piéton,voiture normale,aucun,50m,50km/h
10684,pluvieux,jour,sec,personne âgée,regarde autour,se déplacer dans une direction autre que celle du passage piéton,véhicule d'urgence,aucun,10m,50km/h
10685,pluvieux,jour,sec,personne âgée,regarde autour,se déplacer dans une direction autre que celle du passage piéton,véhicule d'urgence,aucun,50m,50km/h
10690,pluvieux,jour,sec,personne âgée,regarde autour,se déplacer dans une direction autre que celle du passage piéton,camion,aucun,10m,50km/h
10712,pluvieux,jour,sec,policier,regarde son téléphone,s’arrêter,voiture normale,pressé (travail ou vol),50m,25km/h
10713,pluvieux,jour,sec,policier,regarde son téléphone,s’arrêter,voiture normale,pressé (travail ou vol),100m,25km/h
10719,pluvieux,jour,sec,policier,regarde son téléphone,s’arrêter,véhicule d'urgence,pressé (travail ou vol),100m,25km/h
10731,pluvieux,jour,sec,policier,regarde son téléphone,s’arrêter,voiture normale,aucun,100m,25km/h
10743,pluvieux,jour,sec,policier,regarde son téléphone,s’arrêter,camion,aucun,100m,25km/h
10766,pluvieux,jour,sec,policier,regarde son téléphone,se déplacer en direction du passage piéton,voiture normale,pressé (travail ou vol),50m,25km/h
10770,pluvieux,jour,sec,policier,regarde son téléphone,se déplacer en direction du passage piéton,voiture normale,pressé (travail ou vol),100m,50km/h
10787,pluvieux,jour,sec,policier,regarde son téléphone,se déplacer en direction du passage piéton,voiture normale,aucun,50m,50km/h
10791,pluvieux,jour,sec,policier,regarde son téléphone,se déplacer en direction du passage piéton,véhicule d'urgence,aucun,100m,25km/h
10796,pluvieux,jour,sec,policier,regarde son téléphone,se déplacer en direction du passage piéton,camion,aucun,50m,25km/h
10808,pluvieux,jour,sec,policier,regarde son téléphone,se déplacer dans une direction autre que celle du passage piéton,véhicule d'urgence,urgence (vers hôpital),50m,25km/h
10837,pluvieux,jour,sec,policier,regarde son téléphone,se déplacer dans une direction autre que celle du passage piéton,voiture normale,aucun,10m,25km/h
10846,pluvieux,jour,sec,policier,regarde son téléphone,se déplacer dans une direction autre que celle du passage piéton,véhicule d'urgence,aucun,10m,50km/h
10869,pluvieux,jour,sec,policier,parle à quelqu'un,s’arrêter,camion,urgence (vers hôpital),100m,25km/h
10874,pluvieux,jour,sec,policier,parle à quelqu'un,s’arrêter,voiture normale,pressé (travail ou vol),50m,25km/h
10882,pluvieux,jour,sec,policier,parle à quelqu'un,s’arrêter,véhicule d'urgence,pressé (travail ou vol),10m,50km/h
10888,pluvieux,jour,sec,policier,parle à quelqu'un,s’arrêter,camion,pressé (travail ou vol),10m,50km/h
10889,pluvieux,jour,sec,policier,parle à quelqu'un,s’arrêter,camion,pressé (travail ou vol),50m,50km/h
10891,pluvieux,jour,sec,policier,parle à quelqu'un,s’arrêter,voiture normale,aucun,10m,25km/h
10896,pluvieux,jour,sec,policier,parle à quelqu'un,s’arrêter,voiture normale,aucun,100m,50km/h
10903,pluvieux,jour,sec,policier,parle à quelqu'un,s’arrêter,camion,aucun,10m,25km/h
10907,pluvieux,jour,sec,policier,parle à quelqu'un,s’arrêter,camion,aucun,50m,50km/h
10927,pluvieux,jour,sec,policier,parle à quelqu'un,se déplacer en direction du passage piéton,voiture normale,pressé (travail ou vol),10m,25km/h
10958,pluvieux,jour,sec,policier,parle à quelqu'un,se déplacer en direction du passage piéton,camion,aucun,50m,25km/h
10975,pluvieux,jour,sec,policier,parle à quelqu'un,se déplacer dans une direction autre que celle du passage piéton,camion,urgence (vers hôpital),10m,25km/h
10978,pluvieux,jour,sec,policier,parle à quelqu'un,se déplacer dans une direction autre que celle du passage piéton,camion,urgence (vers hôpital),10m,50km/h
10979,pluvieux,jour,sec,policier,parle à quelqu'un,se déplacer dans une direction autre que celle du passage piéton,camion,urgence (vers hôpital),50m,50km/h
11011,pluvieux,jour,sec,policier,parle à quelqu'un,se déplacer dans une direction autre que celle du passage piéton,camion,aucun,10m,25km/h
11013,pluvieux,jour,sec,policier,parle à quelqu'un,se déplacer dans une direction autre que celle du passage piéton,camion,aucun,100m,25km/h
11019,pluvieux,jour,sec,policier,regarde autour,s’arrêter,voiture normale,urgence (vers hôpital),100m,25km/h
11048,pluvieux,jour,sec,policier,regarde autour,s’arrêter,camion,pressé (travail ou vol),50m,25km/h
11063,pluvieux,jour,sec,policier,regarde autour,s’arrêter,véhicule d'urgence,aucun,50m,50km/h
11093,pluvieux,jour,sec,policier,regarde autour,se déplacer en direction du passage piéton,voiture normale,pressé (travail ou vol),50m,50km/h
11119,pluvieux,jour,sec,policier,regarde autour,se déplacer en direction du passage piéton,camion,aucun,10m,25km/h
11132,pluvieux,jour,sec,policier,regarde autour,se déplacer dans une direction autre que celle du passage piéton,véhicule d'urgence,urgence (vers hôpital),50m,25km/h
11148,pluvieux,jour,sec,policier,regarde autour,se déplacer dans une direction autre que celle du passage piéton,voiture normale,pressé (travail ou vol),100m,50km/h
11166,pluvieux,jour,sec,policier,regarde autour,se déplacer dans une direction autre que celle du passage piéton,voiture normale,aucun,100m,50km/h
11171,pluvieux,jour,sec,policier,regarde autour,se déplacer dans une direction autre que celle du passage piéton,véhicule d'urgence,aucun,50m,50km/h
11188,pluvieux,jour,sec,femme enceinte,regarde son téléphone,s’arrêter,véhicule d'urgence,urgence (vers hôpital),10m,50km/h
11192,pluvieux,jour,sec,femme enceinte,regarde son téléphone,s’arrêter,camion,urgence (vers hôpital),50m,25km/h
11193,pluvieux,jour,sec,femme enceinte,regarde son téléphone,s’arrêter,camion,urgence (vers hôpital),100m,25km/h
11263,pluvieux,jour,sec,femme enceinte,regarde son téléphone,se déplacer en direction du passage piéton,camion,pressé (travail ou vol),10m,25km/h
11287,pluvieux,jour,sec,femme enceinte,regarde son téléphone,se déplacer dans une direction autre que celle du passage piéton,voiture normale,urgence (vers hôpital),10m,25km/h
11298,pluvieux,jour,sec,femme enceinte,regarde son téléphone,se déplacer dans une direction autre que celle du passage piéton,véhicule d'urgence,urgence (vers hôpital),100m,50km/h
11322,pluvieux,jour,sec,femme enceinte,regarde son téléphone,se déplacer dans une direction autre que celle du passage piéton,camion,pressé (travail ou vol),100m,50km/h
11341,pluvieux,jour,sec,femme enceinte,parle à quelqu'un,s’arrêter,voiture normale,urgence (vers hôpital),10m,25km/h
11342,pluvieux,jour,sec,femme enceinte,parle à quelqu'un,s’arrêter,voiture normale,urgence (vers hôpital),50m,25km/h
11343,pluvieux,jour,sec,femme enceinte,parle à quelqu'un,s’arrêter,voiture normale,urgence (vers hôpital),100m,25km/h
11352,pluvieux,jour,sec,femme enceinte,parle à quelqu'un,s’arrêter,véhicule d'urgence,urgence (vers hôpital),100m,50km/h
11355,pluvieux,jour,sec,femme enceinte,parle à quelqu'un,s’arrêter,camion,urgence (vers hôpital),100m,25km/h
11360,pluvieux,jour,sec,femme enceinte,parle à quelqu'un,s’arrêter,voiture normale,pressé (travail ou vol),50m,25km/h
11370,pluvieux,jour,sec,femme enceinte,parle à quelqu'un,s’arrêter,véhicule d'urgence,pressé (travail ou vol),100m,50km/h
11371,pluvieux,jour,sec,femme enceinte,parle à quelqu'un,s’arrêter,camion,pressé (travail ou vol),10m,25km/h
11377,pluvieux,jour,sec,femme enceinte,parle à quelqu'un,s’arrêter,voiture normale,aucun,10m,25km/h
11402,pluvieux,jour,sec,femme enceinte,parle à quelqu'un,se déplacer en direction du passage piéton,véhicule d'urgence,urgence (vers hôpital),50m,25km/h
11403,pluvieux,jour,sec,femme enceinte,parle à quelqu'un,se déplacer en direction du passage piéton,véhicule d'urgence,urgence (vers hôpital),100m,25km/h
11417,pluvieux,jour,sec,femme enceinte,parle à quelqu'un,se déplacer en direction du passage piéton,voiture normale,pressé (travail ou vol),50m,50km/h
11427,pluvieux,jour,sec,femme enceinte,parle à quelqu'un,se déplacer en direction du passage piéton,camion,pressé (travail ou vol),100m,25km/h
11430,pluvieux,jour,sec,femme enceinte,parle à quelqu'un,se déplacer en direction du passage piéton,camion,pressé (travail ou vol),100m,50km/h
11431,pluvieux,jour,sec,femme enceinte,parle à quelqu'un,se déplacer en direction du passage piéton,voiture normale,aucun,10m,25km/h
11434,pluvieux,jour,sec,femme enceinte,parle à quelqu'un,se déplacer en direction du passage piéton,voiture normale,aucun,10m,50km/h
11452,pluvieux,jour,sec,femme enceinte,parle à quelqu'un,se déplacer dans une direction autre que celle du passage piéton,voiture normale,urgence (vers hôpital),10m,50km/h
11490,pluvieux,jour,sec,femme enceinte,parle à quelqu'un,se déplacer dans une direction autre que celle du passage piéton,voiture normale,aucun,100m,50km/h
11492,pluvieux,jour,sec,femme enceinte,parle à quelqu'un,se déplacer dans une direction autre que celle du passage piéton,véhicule d'urgence,aucun,50m,25km/h
11525,pluvieux,jour,sec,femme enceinte,regarde autour,s’arrêter,voiture normale,pressé (travail ou vol),50m,50km/h
11546,pluvieux,jour,sec,femme enceinte,regarde autour,s’arrêter,véhicule d'urgence,aucun,50m,25km/h
11552,pluvieux,jour,sec,femme enceinte,regarde autour,s’arrêter,camion,aucun,50m,25km/h
11572,pluvieux,jour,sec,femme enceinte,regarde autour,se déplacer en direction du passage piéton,camion,urgence (vers hôpital),10m,50km/h
11580,pluvieux,jour,sec,femme enceinte,regarde autour,se déplacer en direction du passage piéton,voiture normale,pressé (travail ou vol),100m,50km/h
11593,pluvieux,jour,sec,femme enceinte,regarde autour,se déplacer en direction du passage piéton,voiture normale,aucun,10m,25km/h
11604,pluvieux,jour,sec,femme enceinte,regarde autour,se déplacer en direction du passage piéton,véhicule d'urgence,aucun,100m,50km/h
11609,pluvieux,jour,sec,femme enceinte,regarde autour,se déplacer en direction du passage piéton,camion,aucun,50m,50km/h
11616,pluvieux,jour,sec,femme enceinte,regarde autour,se déplacer dans une direction autre que celle du passage piéton,voiture normale,urgence (vers hôpital),100m,50km/h
11617,pluvieux,jour,sec,femme enceinte,regarde autour,se déplacer dans une direction autre que celle du passage piéton,véhicule d'urgence,urgence (vers hôpital),10m,25km/h
11637,pluvieux,jour,sec,femme enceinte,regarde autour,se déplacer dans une direction autre que celle du passage piéton,véhicule d'urgence,pressé (travail ou vol),100m,25km/h
11645,pluvieux,jour,sec,femme enceinte,regarde autour,se déplacer dans une direction autre que celle du passage piéton,camion,pressé (travail ou vol),50m,50km/h
11652,pluvieux,jour,sec,femme enceinte,regarde autour,se déplacer dans une direction autre que celle du passage piéton,voiture normale,aucun,100m,50km/h
11655,pluvieux,jour,sec,femme enceinte,regarde autour,se déplacer dans une direction autre que celle du passage piéton,véhicule d'urgence,aucun,100m,25km/h
11661,pluvieux,jour,sec,femme enceinte,regarde autour,se déplacer dans une direction autre que celle du passage piéton,camion,aucun,100m,25km/h
11694,pluvieux,jour,sec,étudiant universitaire,regarde son téléphone,s’arrêter,véhicule d'urgence,pressé (travail ou vol),100m,50km/h
11699,pluvieux,jour,sec,étudiant universitaire,regarde son téléphone,s’arrêter,camion,pressé (travail ou vol),50m,50km/h
11700,pluvieux,jour,sec,étudiant universitaire,regarde son téléphone,s’arrêter,camion,pressé (travail ou vol),100m,50km/h
11718,pluvieux,jour,sec,étudiant universitaire,regarde son téléphone,s’arrêter,camion,aucun,100m,50km/h
11722,pluvieux,jour,sec,étudiant universitaire,regarde son téléphone,se déplacer en direction du passage piéton,voiture normale,urgence (vers hôpital),10m,50km/h
11726,pluvieux,jour,sec,étudiant universitaire,regarde son téléphone,se déplacer en direction du passage piéton,véhicule d'urgence,urgence (vers hôpital),50m,25km/h
11735,pluvieux,jour,sec,étudiant universitaire,regarde son téléphone,se déplacer en direction du passage piéton,camion,urgence (vers hôpital),50m,50km/h
11747,pluvieux,jour,sec,étudiant universitaire,regarde son téléphone,se déplacer en direction du passage piéton,véhicule d'urgence,pressé (travail ou vol),50m,50km/h
11757,pluvieux,jour,sec,étudiant universitaire,regarde son téléphone,se déplacer en direction du passage piéton,voiture normale,aucun,100m,25km/h
11763,pluvieux,jour,sec,étudiant universitaire,regarde son téléphone,se déplacer en direction du passage piéton,véhicule d'urgence,aucun,100m,25km/h
11785,pluvieux,jour,sec,étudiant universitaire,regarde son téléphone,se déplacer dans une direction autre que celle du passage piéton,camion,urgence (vers hôpital),10m,25km/h
11793,pluvieux,jour,sec,étudiant universitaire,regarde son téléphone,se déplacer dans une direction autre que celle du passage piéton,voiture normale,pressé (travail ou vol),100m,25km/h
11799,pluvieux,jour,sec,étudiant universitaire,regarde son téléphone,se déplacer dans une direction autre que celle du passage piéton,véhicule d'urgence,pressé (travail ou vol),100m,25km/h
11812,pluvieux,jour,sec,étudiant universitaire,regarde son téléphone,se déplacer dans une direction autre que celle du passage piéton,voiture normale,aucun,10m,50km/h
11828,pluvieux,jour,sec,étudiant universitaire,parle à quelqu'un,s’arrêter,voiture normale,urgence (vers hôpital),50m,25km/h
11845,pluvieux,jour,sec,étudiant universitaire,parle à quelqu'un,s’arrêter,voiture normale,pressé (travail ou vol),10m,25km/h
11854,pluvieux,jour,sec,étudiant universitaire,parle à quelqu'un,s’arrêter,véhicule d'urgence,pressé (travail ou vol),10m,50km/h
11867,pluvieux,jour,sec,étudiant universitaire,parle à quelqu'un,s’arrêter,voiture normale,aucun,50m,50km/h
11880,pluvieux,jour,sec,étudiant universitaire,parle à quelqu'un,s’arrêter,camion,aucun,100m,50km/h
11884,pluvieux,jour,sec,étudiant universitaire,parle à quelqu'un,se déplacer en direction du passage piéton,voiture normale,urgence (vers hôpital),10m,50km/h
11899,pluvieux,jour,sec,étudiant universitaire,parle à quelqu'un,se déplacer en direction du passage piéton,voiture normale,pressé (travail ou vol),10m,25km/h
11907,pluvieux,jour,sec,étudiant universitaire,parle à quelqu'un,se déplacer en direction du passage piéton,véhicule d'urgence,pressé (travail ou vol),100m,25km/h
11932,pluvieux,jour,sec,étudiant universitaire,parle à quelqu'un,se déplacer en direction du passage piéton,camion,aucun,10m,50km/h
11938,pluvieux,jour,sec,étudiant universitaire,parle à quelqu'un,se déplacer dans une direction autre que celle du passage piéton,voiture normale,urgence (vers hôpital),10m,50km/h
11948,pluvieux,jour,sec,étudiant universitaire,parle à quelqu'un,se déplacer dans une direction autre que celle du passage piéton,camion,urgence (vers hôpital),50m,25km/h
11953,pluvieux,jour,sec,étudiant universitaire,parle à quelqu'un,se déplacer dans une direction autre que celle du passage piéton,voiture normale,pressé (travail ou vol),10m,25km/h
11998,pluvieux,jour,sec,étudiant universitaire,regarde autour,s’arrêter,véhicule d'urgence,urgence (vers hôpital),10m,50km/h
12033,pluvieux,jour,sec,étudiant universitaire,regarde autour,s’arrêter,véhicule d'urgence,aucun,100m,25km/h
12053,pluvieux,jour,sec,étudiant universitaire,regarde autour,se déplacer en direction du passage piéton,véhicule d'urgence,urgence (vers hôpital),50m,50km/h
12078,pluvieux,jour,sec,étudiant universitaire,regarde autour,se déplacer en direction du passage piéton,camion,pressé (travail ou vol),100m,50km/h
12114,pluvieux,jour,sec,étudiant universitaire,regarde autour,se déplacer dans une direction autre que celle du passage piéton,camion,urgence (vers hôpital),100m,50km/h
12117,pluvieux,jour,sec,étudiant universitaire,regarde autour,se déplacer dans une direction autre que celle du passage piéton,voiture normale,pressé (travail ou vol),100m,25km/h
12120,pluvieux,jour,sec,étudiant universitaire,regarde autour,se déplacer dans une direction autre que celle du passage piéton,voiture normale,pressé (travail ou vol),100m,50km/h
12137,pluvieux,jour,sec,étudiant universitaire,regarde autour,se déplacer dans une direction autre que celle du passage piéton,voiture normale,aucun,50m,50km/h
12152,pluvieux,jour,mouillé,enfant,regarde son téléphone,s’arrêter,voiture normale,urgence (vers hôpital),50m,25km/h
12165,pluvieux,jour,mouillé,enfant,regarde son téléphone,s’arrêter,camion,urgence (vers hôpital),100m,25km/h
12166,pluvieux,jour,mouillé,enfant,regarde son téléphone,s’arrêter,camion,urgence (vers hôpital),10m,50km/h
12197,pluvieux,jour,mouillé,enfant,regarde son téléphone,s’arrêter,véhicule d'urgence,aucun,50m,50km/h
12244,pluvieux,jour,mouillé,enfant,regarde son téléphone,se déplacer en direction du passage piéton,voiture normale,aucun,10m,50km/h
12292,pluvieux,jour,mouillé,enfant,regarde son téléphone,se déplacer dans une direction autre que celle du passage piéton,camion,pressé (travail ou vol),10m,50km/h
12327,pluvieux,jour,mouillé,enfant,parle à quelqu'un,s’arrêter,camion,urgence (vers hôpital),100m,25km/h
12348,pluvieux,jour,mouillé,enfant,parle à quelqu'un,s’arrêter,camion,pressé (travail ou vol),100m,50km/h
12355,pluvieux,jour,mouillé,enfant,parle à quelqu'un,s’arrêter,véhicule d'urgence,aucun,10m,25km/h
12386,pluvieux,jour,mouillé,enfant,parle à quelqu'un,se déplacer en direction du passage piéton,voiture normale,pressé (travail ou vol),50m,25km/h
12391,pluvieux,jour,mouillé,enfant,parle à quelqu'un,se déplacer en direction du passage piéton,véhicule d'urgence,pressé (travail ou vol),10m,25km/h
12399,pluvieux,jour,mouillé,enfant,parle à quelqu'un,se déplacer en direction du passage piéton,camion,pressé (travail ou vol),100m,25km/h
12442,pluvieux,jour,mouillé,enfant,parle à quelqu'un,se déplacer dans une direction autre que celle du passage piéton,voiture normale,pressé (travail ou vol),10m,50km/h
12444,pluvieux,jour,mouillé,enfant,parle à quelqu'un,se déplacer dans une direction autre que celle du passage piéton,voiture normale,pressé (travail ou vol),100m,50km/h
12461,pluvieux,jour,mouillé,enfant,parle à quelqu'un,se déplacer dans une direction autre que celle du passage piéton,voiture normale,aucun,50m,50km/h
12478,pluvieux,jour,mouillé,enfant,regarde autour,s’arrêter,voiture normale,urgence (vers hôpital),10m,50km/h
12488,pluvieux,jour,mouillé,enfant,regarde autour,s’arrêter,camion,urgence (vers hôpital),50m,25km/h
12494,pluvieux,jour,mouillé,enfant,regarde autour,s’arrêter,voiture normale,pressé (travail ou vol),50m,25km/h
12510,pluvieux,jour,mouillé,enfant,regarde autour,s’arrêter,camion,pressé (travail ou vol),100m,50km/h
12511,pluvieux,jour,mouillé,enfant,regarde autour,s’arrêter,voiture normale,aucun,10m,25km/h
12521,pluvieux,jour,mouillé,enfant,regarde autour,s’arrêter,véhicule d'urgence,aucun,50m,50km/h
12523,pluvieux,jour,mouillé,enfant,regarde autour,s’arrêter,camion,aucun,10m,25km/h
12529,pluvieux,jour,mouillé,enfant,regarde autour,se déplacer en direction du passage piéton,voiture normale,urgence (vers hôpital),10m,25km/h
12532,pluvieux,jour,mouillé,enfant,regarde autour,se déplacer en direction du passage piéton,voiture normale,urgence (vers hôpital),10m,50km/h
12550,pluvieux,jour,mouillé,enfant,regarde autour,se déplacer en direction du passage piéton,voiture normale,pressé (travail ou vol),10m,50km/h
12598,pluvieux,jour,mouillé,enfant,regarde autour,se déplacer dans une direction autre que celle du passage piéton,camion,urgence (vers hôpital),10m,50km/h
12613,pluvieux,jour,mouillé,enfant,regarde autour,se déplacer dans une direction autre que celle du passage piéton,camion,pressé (travail ou vol),10m,25km/h
12619,pluvieux,jour,mouillé,enfant,regarde autour,se déplacer dans une direction autre que celle du passage piéton,voiture normale,aucun,10m,25km/h
12628,pluvieux,jour,mouillé,enfant,regarde autour,se déplacer dans une direction autre que celle du passage piéton,véhicule d'urgence,aucun,10m,50km/h
12656,pluvieux,jour,mouillé,personne âgée,regarde son téléphone,s’arrêter,voiture normale,pressé (travail ou vol),50m,25km/h
12668,pluvieux,jour,mouillé,personne âgée,regarde son téléphone,s’arrêter,camion,pressé (travail ou vol),50m,25km/h
12673,pluvieux,jour,mouillé,personne âgée,regarde son téléphone,s’arrêter,voiture normale,aucun,10m,25km/h
12676,pluvieux,jour,mouillé,personne âgée,regarde son téléphone,s’arrêter,voiture normale,aucun,10m,50km/h
12695,pluvieux,jour,mouillé,personne âgée,regarde son téléphone,se déplacer en direction du passage piéton,voiture normale,urgence (vers hôpital),50m,50km/h
12732,pluvieux,jour,mouillé,personne âgée,regarde son téléphone,se déplacer en direction du passage piéton,voiture normale,aucun,100m,50km/h
12753,pluvieux,jour,mouillé,personne âgée,regarde son téléphone,se déplacer dans une direction autre que celle du passage piéton,véhicule d'urgence,urgence (vers hôpital),100m,25km/h
12757,pluvieux,jour,mouillé,personne âgée,regarde son téléphone,se déplacer dans une direction autre que celle du passage piéton,camion,urgence (vers hôpital),10m,25km/h
12782,pluvieux,jour,mouillé,personne âgée,regarde son téléphone,se déplacer dans une direction autre que celle du passage piéton,voiture normale,aucun,50m,25km/h
12784,pluvieux,jour,mouillé,personne âgée,regarde son téléphone,se déplacer dans une direction autre que celle du passage piéton,voiture normale,aucun,10m,50km/h
12794,pluvieux,jour,mouillé,personne âgée,regarde son téléphone,se déplacer dans une direction autre que celle du passage piéton,camion,aucun,50m,25km/h
12812,pluvieux,jour,mouillé,personne âgée,parle à quelqu'un,s’arrêter,camion,urgence (vers hôpital),50m,25km/h
12823,pluvieux,jour,mouillé,personne âgée,parle à quelqu'un,s’arrêter,véhicule d'urgence,pressé (travail ou vol),10m,25km/h
12830,pluvieux,jour,mouillé,personne âgée,parle à quelqu'un,s’arrêter,camion,pressé (travail ou vol),50m,25km/h
12839,pluvieux,jour,mouillé,personne âgée,parle à quelqu'un,s’arrêter,voiture normale,aucun,50m,50km/h
12842,pluvieux,jour,mouillé,personne âgée,parle à quelqu'un,s’arrêter,véhicule d'urgence,aucun,50m,25km/h
12898,pluvieux,jour,mouillé,personne âgée,parle à quelqu'un,se déplacer en direction du passage piéton,véhicule d'urgence,aucun,10m,50km/h
12899,pluvieux,jour,mouillé,personne âgée,parle à quelqu'un,se déplacer en direction du passage piéton,véhicule d'urgence,aucun,50m,50km/h
12901,pluvieux,jour,mouillé,personne âgée,parle à quelqu'un,se déplacer en direction du passage piéton,camion,aucun,10m,25km/h
12912,pluvieux,jour,mouillé,personne âgée,parle à quelqu'un,se déplacer dans une direction autre que celle du passage piéton,voiture normale,urgence (vers hôpital),100m,50km/h
12913,pluvieux,jour,mouillé,personne âgée,parle à quelqu'un,se déplacer dans une direction autre que celle du passage piéton,véhicule d'urgence,urgence (vers hôpital),10m,25km/h
12927,pluvieux,jour,mouillé,personne âgée,parle à quelqu'un,se déplacer dans une direction autre que celle du passage piéton,voiture normale,pressé (travail ou vol),100m,25km/h
12954,pluvieux,jour,mouillé,personne âgée,parle à quelqu'un,se déplacer dans une direction autre que celle du passage piéton,véhicule d'urgence,aucun,100m,50km/h
12966,pluvieux,jour,mouillé,personne âgée,regarde autour,s’arrêter,voiture normale,urgence (vers hôpital),100m,50km/h
12989,pluvieux,jour,mouillé,personne âgée,regarde autour,s’arrêter,véhicule d'urgence,pressé (travail ou vol),50m,50km/h
13001,pluvieux,jour,mouillé,personne âgée,regarde autour,s’arrêter,voiture normale,aucun,50m,50km/h
13012,pluvieux,jour,mouillé,personne âgée,regarde autour,s’arrêter,camion,aucun,10m,50km/h
13036,pluvieux,jour,mouillé,personne âgée,regarde autour,se déplacer en direction du passage piéton,voiture normale,pressé (travail ou vol),10m,50km/h
13063,pluvieux,jour,mouillé,personne âgée,regarde autour,se déplacer en direction du passage piéton,camion,aucun,10m,25km/h
13064,pluvieux,jour,mouillé,personne âgée,regarde autour,se déplacer en direction du passage piéton,camion,aucun,50m,25km/h
13065,pluvieux,jour,mouillé,personne âgée,regarde autour,se déplacer en direction du passage piéton,camion,aucun,100m,25km/h
13067,pluvieux,jour,mouillé,personne âgée,regarde autour,se déplacer en direction du passage piéton,camion,aucun,50m,50km/h
13074,pluvieux,jour,mouillé,personne âgée,regarde autour,se déplacer dans une direction autre que celle du passage piéton,voiture normale,urgence (vers hôpital),100m,50km/h
13095,pluvieux,jour,mouillé,personne âgée,regarde autour,se déplacer dans une direction autre que celle du passage piéton,véhicule d'urgence,pressé (travail ou vol),100m,25km/h
13104,pluvieux,jour,mouillé,personne âgée,regarde autour,se déplacer dans une direction autre que celle du passage piéton,camion,pressé (travail ou vol),100m,50km/h
13124,pluvieux,jour,mouillé,policier,regarde son téléphone,s’arrêter,voiture normale,urgence (vers hôpital),50m,25km/h
13148,pluvieux,jour,mouillé,policier,regarde son téléphone,s’arrêter,véhicule d'urgence,pressé (travail ou vol),50m,25km/h
13152,pluvieux,jour,mouillé,policier,regarde son téléphone,s’arrêter,véhicule d'urgence,pressé (travail ou vol),100m,50km/h
13155,pluvieux,jour,mouillé,policier,regarde son téléphone,s’arrêter,camion,pressé (travail ou vol),100m,25km/h
13192,pluvieux,jour,mouillé,policier,regarde son téléphone,se déplacer en direction du passage piéton,camion,urgence (vers hôpital),10m,50km/h
13196,pluvieux,jour,mouillé,policier,regarde son téléphone,se déplacer en direction du passage piéton,voiture normale,pressé (travail ou vol),50m,25km/h
13198,pluvieux,jour,mouillé,policier,regarde son téléphone,se déplacer en direction du passage piéton,voiture normale,pressé (travail ou vol),10m,50km/h
13218,pluvieux,jour,mouillé,policier,regarde son téléphone,se déplacer en direction du passage piéton,voiture normale,aucun,100m,50km/h
13223,pluvieux,jour,mouillé,policier,regarde son téléphone,se déplacer en direction du passage piéton,véhicule d'urgence,aucun,50m,50km/h
13229,pluvieux,jour,mouillé,policier,regarde son téléphone,se déplacer en direction du passage piéton,camion,aucun,50m,50km/h
13230,pluvieux,jour,mouillé,policier,regarde son téléphone,se déplacer en direction du passage piéton,camion,aucun,100m,50km/h
13239,pluvieux,jour,mouillé,policier,regarde son téléphone,se déplacer dans une direction autre que celle du passage piéton,véhicule d'urgence,urgence (vers hôpital),100m,25km/h
13264,pluvieux,jour,mouillé,policier,regarde son téléphone,se déplacer dans une direction autre que celle du passage piéton,camion,pressé (travail ou vol),10m,50km/h
13266,pluvieux,jour,mouillé,policier,regarde son téléphone,se déplacer dans une direction autre que celle du passage piéton,camion,pressé (travail ou vol),100m,50km/h
13278,pluvieux,jour,mouillé,policier,regarde son téléphone,se déplacer dans une direction autre que celle du passage piéton,véhicule d'urgence,aucun,100m,50km/h
13307,pluvieux,jour,mouillé,policier,parle à quelqu'un,s’arrêter,voiture normale,pressé (travail ou vol),50m,50km/h
13310,pluvieux,jour,mouillé,policier,parle à quelqu'un,s’arrêter,véhicule d'urgence,pressé (travail ou vol),50m,25km/h
13323,pluvieux,jour,mouillé,policier,parle à quelqu'un,s’arrêter,voiture normale,aucun,100m,25km/h
13329,pluvieux,jour,mouillé,policier,parle à quelqu'un,s’arrêter,véhicule d'urgence,aucun,100m,25km/h
13336,pluvieux,jour,mouillé,policier,parle à quelqu'un,s’arrêter,camion,aucun,10m,50km/h
13339,pluvieux,jour,mouillé,policier,parle à quelqu'un,se déplacer en direction du passage piéton,voiture normale,urgence (vers hôpital),10m,25km/h
13355,pluvieux,jour,mouillé,policier,parle à quelqu'un,se déplacer en direction du passage piéton,camion,urgence (vers hôpital),50m,50km/h
13357,pluvieux,jour,mouillé,policier,parle à quelqu'un,se déplacer en direction du passage piéton,voiture normale,pressé (travail ou vol),10m,25km/h
13366,pluvieux,jour,mouillé,policier,parle à quelqu'un,se déplacer en direction du passage piéton,véhicule d'urgence,pressé (travail ou vol),10m,50km/h
13368,pluvieux,jour,mouillé,policier,parle à quelqu'un,se déplacer en direction du passage piéton,véhicule d'urgence,pressé (travail ou vol),100m,50km/h
13425,pluvieux,jour,mouillé,policier,parle à quelqu'un,se déplacer dans une direction autre que celle du passage piéton,camion,pressé (travail ou vol),100m,25km/h
13428,pluvieux,jour,mouillé,policier,parle à quelqu'un,se déplacer dans une direction autre que celle du passage piéton,camion,pressé (travail ou vol),100m,50km/h
13450,pluvieux,jour,mouillé,policier,regarde autour,s’arrêter,voiture normale,urgence (vers hôpital),10m,50km/h
13495,pluvieux,jour,mouillé,policier,regarde autour,s’arrêter,camion,aucun,10m,25km/h
13496,pluvieux,jour,mouillé,policier,regarde autour,s’arrêter,camion,aucun,50m,25km/h
13498,pluvieux,jour,mouillé,policier,regarde autour,s’arrêter,camion,aucun,10m,50km/h
13500,pluvieux,jour,mouillé,policier,regarde autour,s’arrêter,camion,aucun,100m,50km/h
13526,pluvieux,jour,mouillé,policier,regarde autour,se déplacer en direction du passage piéton,véhicule d'urgence,pressé (travail ou vol),50m,25km/h
13533,pluvieux,jour,mouillé,policier,regarde autour,se déplacer en direction du passage piéton,camion,pressé (travail ou vol),100m,25km/h
13550,pluvieux,jour,mouillé,policier,regarde autour,se déplacer en direction du passage piéton,camion,aucun,50m,25km/h
13554,pluvieux,jour,mouillé,policier,regarde autour,se déplacer en direction du passage piéton,camion,aucun,100m,50km/h
13567,pluvieux,jour,mouillé,policier,regarde autour,se déplacer dans une direction autre que celle du passage piéton,camion,urgence (vers hôpital),10m,25km/h
13583,pluvieux,jour,mouillé,policier,regarde autour,se déplacer dans une direction autre que celle du passage piéton,véhicule d'urgence,pressé (travail ou vol),50m,50km/h
13590,pluvieux,jour,mouillé,policier,regarde autour,se déplacer dans une direction autre que celle du passage piéton,camion,pressé (travail ou vol),100m,50km/h
13604,pluvieux,jour,mouillé,policier,regarde autour,se déplacer dans une direction autre que celle du passage piéton,camion,aucun,50m,25km/h
13610,pluvieux,jour,mouillé,femme enceinte,regarde son téléphone,s’arrêter,voiture normale,urgence (vers hôpital),50m,25km/h
13698,pluvieux,jour,mouillé,femme enceinte,regarde son téléphone,se déplacer en direction du passage piéton,camion,pressé (travail ou vol),100m,50km/h
13727,pluvieux,jour,mouillé,femme enceinte,regarde son téléphone,se déplacer dans une direction autre que celle du passage piéton,véhicule d'urgence,urgence (vers hôpital),50m,50km/h
13746,pluvieux,jour,mouillé,femme enceinte,regarde son téléphone,se déplacer dans une direction autre que celle du passage piéton,véhicule d'urgence,pressé (travail ou vol),100m,50km/h
13759,pluvieux,jour,mouillé,femme enceinte,regarde son téléphone,se déplacer dans une direction autre que celle du passage piéton,véhicule d'urgence,aucun,10m,25km/h
13777,pluvieux,jour,mouillé,femme enceinte,parle à quelqu'un,s’arrêter,véhicule d'urgence,urgence (vers hôpital),10m,25km/h
13796,pluvieux,jour,mouillé,femme enceinte,parle à quelqu'un,s’arrêter,véhicule d'urgence,pressé (travail ou vol),50m,25km/h
13810,pluvieux,jour,mouillé,femme enceinte,parle à quelqu'un,s’arrêter,voiture normale,aucun,10m,50km/h
13818,pluvieux,jour,mouillé,femme enceinte,parle à quelqu'un,s’arrêter,véhicule d'urgence,aucun,100m,50km/h
13820,pluvieux,jour,mouillé,femme enceinte,parle à quelqu'un,s’arrêter,camion,aucun,50m,25km/h
13821,pluvieux,jour,mouillé,femme enceinte,parle à quelqu'un,s’arrêter,camion,aucun,100m,25km/h
13837,pluvieux,jour,mouillé,femme enceinte,parle à quelqu'un,se déplacer en direction du passage piéton,camion,urgence (vers hôpital),10m,25km/h
13838,pluvieux,jour,mouillé,femme enceinte,parle à quelqu'un,se déplacer en direction du passage piéton,camion,urgence (vers hôpital),50m,25km/h
13871,pluvieux,jour,mouillé,femme enceinte,parle à quelqu'un,se déplacer en direction du passage piéton,véhicule d'urgence,aucun,50m,50km/h
13872,pluvieux,jour,mouillé,femme enceinte,parle à quelqu'un,se déplacer en direction du passage piéton,véhicule d'urgence,aucun,100m,50km/h
13876,pluvieux,jour,mouillé,femme enceinte,parle à quelqu'un,se déplacer en direction du passage piéton,camion,aucun,10m,50km/h
13899,pluvieux,jour,mouillé,femme enceinte,parle à quelqu'un,se déplacer dans une direction autre que celle du passage piéton,voiture normale,pressé (travail ou vol),100m,25km/h
13902,pluvieux,jour,mouillé,femme enceinte,parle à quelqu'un,se déplacer dans une direction autre que celle du passage piéton,voiture normale,pressé (travail ou vol),100m,50km/h
13928,pluvieux,jour,mouillé,femme enceinte,parle à quelqu'un,se déplacer dans une direction autre que celle du passage piéton,camion,aucun,50m,25km/h
13936,pluvieux,jour,mouillé,femme enceinte,regarde autour,s’arrêter,voiture normale,urgence (vers hôpital),10m,50km/h
13942,pluvieux,jour,mouillé,femme enceinte,regarde autour,s’arrêter,véhicule d'urgence,urgence (vers hôpital),10m,50km/h
13943,pluvieux,jour,mouillé,femme enceinte,regarde autour,s’arrêter,véhicule d'urgence,urgence (vers hôpital),50m,50km/h
13955,pluvieux,jour,mouillé,femme enceinte,regarde autour,s’arrêter,voiture normale,pressé (travail ou vol),50m,50km/h
13986,pluvieux,jour,mouillé,femme enceinte,regarde autour,s’arrêter,camion,aucun,100m,50km/h
14002,pluvieux,jour,mouillé,femme enceinte,regarde autour,se déplacer en direction du passage piéton,camion,urgence (vers hôpital),10m,50km/h
14030,pluvieux,jour,mouillé,femme enceinte,regarde autour,se déplacer en direction du passage piéton,véhicule d'urgence,aucun,50m,25km/h
14041,pluvieux,jour,mouillé,femme enceinte,regarde autour,se déplacer dans une direction autre que celle du passage piéton,voiture normale,urgence (vers hôpital),10m,25km/h
14046,pluvieux,jour,mouillé,femme enceinte,regarde autour,se déplacer dans une direction autre que celle du passage piéton,voiture normale,urgence (vers hôpital),100m,50km/h
14051,pluvieux,jour,mouillé,femme enceinte,regarde autour,se déplacer dans une direction autre que celle du passage piéton,véhicule d'urgence,urgence (vers hôpital),50m,50km/h
14055,pluvieux,jour,mouillé,femme enceinte,regarde autour,se déplacer dans une direction autre que celle du passage piéton,camion,urgence (vers hôpital),100m,25km/h
14069,pluvieux,jour,mouillé,femme enceinte,regarde autour,se déplacer dans une direction autre que celle du passage piéton,véhicule d'urgence,pressé (travail ou vol),50m,50km/h
14074,pluvieux,jour,mouillé,femme enceinte,regarde autour,se déplacer dans une direction autre que celle du passage piéton,camion,pressé (travail ou vol),10m,50km/h
14085,pluvieux,jour,mouillé,femme enceinte,regarde autour,se déplacer dans une direction autre que celle du passage piéton,véhicule d'urgence,aucun,100m,25km/h
14096,pluvieux,jour,mouillé,étudiant universitaire,regarde son téléphone,s’arrêter,voiture normale,urgence (vers hôpital),50m,25km/h
14133,pluvieux,jour,mouillé,étudiant universitaire,regarde son téléphone,s’arrêter,voiture normale,aucun,100m,25km/h
14147,pluvieux,jour,mouillé,étudiant universitaire,regarde son téléphone,s’arrêter,camion,aucun,50m,50km/h
14152,pluvieux,jour,mouillé,étudiant universitaire,regarde son téléphone,se déplacer en direction du passage piéton,voiture normale,urgence (vers hôpital),10m,50km/h
14174,pluvieux,jour,mouillé,étudiant universitaire,regarde son téléphone,se déplacer en direction du passage piéton,véhicule d'urgence,pressé (travail ou vol),50m,25km/h
14180,pluvieux,jour,mouillé,étudiant universitaire,regarde son téléphone,se déplacer en direction du passage piéton,camion,pressé (travail ou vol),50m,25km/h
14222,pluvieux,jour,mouillé,étudiant universitaire,regarde son téléphone,se déplacer dans une direction autre que celle du passage piéton,voiture normale,pressé (travail ou vol),50m,25km/h
14230,pluvieux,jour,mouillé,étudiant universitaire,regarde son téléphone,se déplacer dans une direction autre que celle du passage piéton,véhicule d'urgence,pressé (travail ou vol),10m,50km/h
14245,pluvieux,jour,mouillé,étudiant universitaire,regarde son téléphone,se déplacer dans une direction autre que celle du passage piéton,véhicule d'urgence,aucun,10m,25km/h
14264,pluvieux,jour,mouillé,étudiant universitaire,parle à quelqu'un,s’arrêter,véhicule d'urgence,urgence (vers hôpital),50m,25km/h
14294,pluvieux,jour,mouillé,étudiant universitaire,parle à quelqu'un,s’arrêter,voiture normale,aucun,50m,25km/h
14318,pluvieux,jour,mouillé,étudiant universitaire,parle à quelqu'un,se déplacer en direction du passage piéton,véhicule d'urgence,urgence (vers hôpital),50m,25km/h
14338,pluvieux,jour,mouillé,étudiant universitaire,parle à quelqu'un,se déplacer en direction du passage piéton,véhicule d'urgence,pressé (travail ou vol),10m,50km/h
14362,pluvieux,jour,mouillé,étudiant universitaire,parle à quelqu'un,se déplacer en direction du passage piéton,camion,aucun,10m,50km/h
14372,pluvieux,jour,mouillé,étudiant universitaire,parle à quelqu'un,se déplacer dans une direction autre que celle du passage piéton,véhicule d'urgence,urgence (vers hôpital),50m,25km/h
14375,pluvieux,jour,mouillé,étudiant universitaire,parle à quelqu'un,se déplacer dans une direction autre que celle du passage piéton,véhicule d'urgence,urgence (vers hôpital),50m,50km/h
14378,pluvieux,jour,mouillé,étudiant universitaire,parle à quelqu'un,se déplacer dans une direction autre que celle du passage piéton,camion,urgence (vers hôpital),50m,25km/h
14390,pluvieux,jour,mouillé,étudiant universitaire,parle à quelqu'un,se déplacer dans une direction autre que celle du passage piéton,véhicule d'urgence,pressé (travail ou vol),50m,25km/h
14393,pluvieux,jour,mouillé,étudiant universitaire,parle à quelqu'un,se déplacer dans une direction autre que celle du passage piéton,véhicule d'urgence,pressé (travail ou vol),50m,50km/h
14400,pluvieux,jour,mouillé,étudiant universitaire,parle à quelqu'un,se déplacer dans une direction autre que celle du passage piéton,camion,pressé (travail ou vol),100m,50km/h
14402,pluvieux,jour,mouillé,étudiant universitaire,parle à quelqu'un,se déplacer dans une direction autre que celle du passage piéton,voiture normale,aucun,50m,25km/h
14409,pluvieux,jour,mouillé,étudiant universitaire,parle à quelqu'un,se déplacer dans une direction autre que celle du passage piéton,véhicule d'urgence,aucun,100m,25km/h
14418,pluvieux,jour,mouillé,étudiant universitaire,parle à quelqu'un,se déplacer dans une direction autre que celle du passage piéton,camion,aucun,100m,50km/h
14420,pluvieux,jour,mouillé,étudiant universitaire,regarde autour,s’arrêter,voiture normale,urgence (vers hôpital),50m,25km/h
14430,pluvieux,jour,mouillé,étudiant universitaire,regarde autour,s’arrêter,véhicule d'urgence,urgence (vers hôpital),100m,50km/h
14434,pluvieux,jour,mouillé,étudiant universitaire,regarde autour,s’arrêter,camion,urgence (vers hôpital),10m,50km/h
14436,pluvieux,jour,mouillé,étudiant universitaire,regarde autour,s’arrêter,camion,urgence (vers hôpital),100m,50km/h
14470,pluvieux,jour,mouillé,étudiant universitaire,regarde autour,s’arrêter,camion,aucun,10m,50km/h
14484,pluvieux,jour,mouillé,étudiant universitaire,regarde autour,se déplacer en direction du passage piéton,véhicule d'urgence,urgence (vers hôpital),100m,50km/h
14494,pluvieux,jour,mouillé,étudiant universitaire,regarde autour,se déplacer en direction du passage piéton,voiture normale,pressé (travail ou vol),10m,50km/h
14514,pluvieux,jour,mouillé,étudiant universitaire,regarde autour,se déplacer en direction du passage piéton,voiture normale,aucun,100m,50km/h
14519,pluvieux,jour,mouillé,étudiant universitaire,regarde autour,se déplacer en direction du passage piéton,véhicule d'urgence,aucun,50m,50km/h
14539,pluvieux,jour,mouillé,étudiant universitaire,regarde autour,se déplacer dans une direction autre que celle du passage piéton,camion,urgence (vers hôpital),10m,25km/h
14540,pluvieux,jour,mouillé,étudiant universitaire,regarde autour,se déplacer dans une direction autre que celle du passage piéton,camion,urgence (vers hôpital),50m,25km/h
14541,pluvieux,jour,mouillé,étudiant universitaire,regarde autour,se déplacer dans une direction autre que celle du passage piéton,camion,urgence (vers hôpital),100m,25km/h
14547,pluvieux,jour,mouillé,étudiant universitaire,regarde autour,se déplacer dans une direction autre que celle du passage piéton,voiture normale,pressé (travail ou vol),100m,25km/h
14551,pluvieux,jour,mouillé,étudiant universitaire,regarde autour,se déplacer dans une direction autre que celle du passage piéton,véhicule d'urgence,pressé (travail ou vol),10m,25km/h
14565,pluvieux,jour,mouillé,étudiant universitaire,regarde autour,se déplacer dans une direction autre que celle du passage piéton,voiture normale,aucun,100m,25km/h
14582,pluvieux,nuit,sec,enfant,regarde son téléphone,s’arrêter,voiture normale,urgence (vers hôpital),50m,25km/h
14592,pluvieux,nuit,sec,enfant,regarde son téléphone,s’arrêter,véhicule d'urgence,urgence (vers hôpital),100m,50km/h
14593,pluvieux,nuit,sec,enfant,regarde son téléphone,s’arrêter,camion,urgence (vers hôpital),10m,25km/h
14601,pluvieux,nuit,sec,enfant,regarde son téléphone,s’arrêter,voiture normale,pressé (travail ou vol),100m,25km/h
14603,pluvieux,nuit,sec,enfant,regarde son téléphone,s’arrêter,voiture normale,pressé (travail ou vol),50m,50km/h
14606,pluvieux,nuit,sec,enfant,regarde son téléphone,s’arrêter,véhicule d'urgence,pressé (travail ou vol),50m,25km/h
14618,pluvieux,nuit,sec,enfant,regarde son téléphone,s’arrêter,voiture normale,aucun,50m,25km/h
14623,pluvieux,nuit,sec,enfant,regarde son téléphone,s’arrêter,véhicule d'urgence,aucun,10m,25km/h
14628,pluvieux,nuit,sec,enfant,regarde son téléphone,s’arrêter,véhicule d'urgence,aucun,100m,50km/h
14635,pluvieux,nuit,sec,enfant,regarde son téléphone,se déplacer en direction du passage piéton,voiture normale,urgence (vers hôpital),10m,25km/h
14683,pluvieux,nuit,sec,enfant,regarde son téléphone,se déplacer en direction du passage piéton,camion,aucun,10m,25km/h
14699,pluvieux,nuit,sec,enfant,regarde son téléphone,se déplacer dans une direction autre que celle du passage piéton,véhicule d'urgence,urgence (vers hôpital),50m,50km/h
14706,pluvieux,nuit,sec,enfant,regarde son téléphone,se déplacer dans une direction autre que celle du passage piéton,camion,urgence (vers hôpital),100m,50km/h
14708,pluvieux,nuit,sec,enfant,regarde son téléphone,se déplacer dans une direction autre que celle du passage piéton,voiture normale,pressé (travail ou vol),50m,25km/h
14712,pluvieux,nuit,sec,enfant,regarde son téléphone,se déplacer dans une direction autre que celle du passage piéton,voiture normale,pressé (travail ou vol),100m,50km/h
14733,pluvieux,nuit,sec,enfant,regarde son téléphone,se déplacer dans une direction autre que celle du passage piéton,véhicule d'urgence,aucun,100m,25km/h
14745,pluvieux,nuit,sec,enfant,parle à quelqu'un,s’arrêter,voiture normale,urgence (vers hôpital),100m,25km/h
14764,pluvieux,nuit,sec,enfant,parle à quelqu'un,s’arrêter,voiture normale,pressé (travail ou vol),10m,50km/h
14771,pluvieux,nuit,sec,enfant,parle à quelqu'un,s’arrêter,véhicule d'urgence,pressé (travail ou vol),50m,50km/h
14777,pluvieux,nuit,sec,enfant,parle à quelqu'un,s’arrêter,camion,pressé (travail ou vol),50m,50km/h
14813,pluvieux,nuit,sec,enfant,parle à quelqu'un,se déplacer en direction du passage piéton,camion,urgence (vers hôpital),50m,50km/h
14826,pluvieux,nuit,sec,enfant,parle à quelqu'un,se déplacer en direction du passage piéton,véhicule d'urgence,pressé (travail ou vol),100m,50km/h
14830,pluvieux,nuit,sec,enfant,parle à quelqu'un,se déplacer en direction du passage piéton,camion,pressé (travail ou vol),10m,50km/h
14858,pluvieux,nuit,sec,enfant,parle à quelqu'un,se déplacer dans une direction autre que celle du passage piéton,véhicule d'urgence,urgence (vers hôpital),50m,25km/h
14879,pluvieux,nuit,sec,enfant,parle à quelqu'un,se déplacer dans une direction autre que celle du passage piéton,véhicule d'urgence,pressé (travail ou vol),50m,50km/h
14906,pluvieux,nuit,sec,enfant,regarde autour,s’arrêter,voiture normale,urgence (vers hôpital),50m,25km/h
14926,pluvieux,nuit,sec,enfant,regarde autour,s’arrêter,voiture normale,pressé (travail ou vol),10m,50km/h
14931,pluvieux,nuit,sec,enfant,regarde autour,s’arrêter,véhicule d'urgence,pressé (travail ou vol),100m,25km/h
14939,pluvieux,nuit,sec,enfant,regarde autour,s’arrêter,camion,pressé (travail ou vol),50m,50km/h
14945,pluvieux,nuit,sec,enfant,regarde autour,s’arrêter,voiture normale,aucun,50m,50km/h
14955,pluvieux,nuit,sec,enfant,regarde autour,s’arrêter,camion,aucun,100m,25km/h
14978,pluvieux,nuit,sec,enfant,regarde autour,se déplacer en direction du passage piéton,voiture normale,pressé (travail ou vol),50m,25km/h
14980,pluvieux,nuit,sec,enfant,regarde autour,se déplacer en direction du passage piéton,voiture normale,pressé (travail ou vol),10m,50km/h
14998,pluvieux,nuit,sec,enfant,regarde autour,se déplacer en direction du passage piéton,voiture normale,aucun,10m,50km/h
15055,pluvieux,nuit,sec,enfant,regarde autour,se déplacer dans une direction autre que celle du passage piéton,véhicule d'urgence,aucun,10m,25km/h
15060,pluvieux,nuit,sec,enfant,regarde autour,se déplacer dans une direction autre que celle du passage piéton,véhicule d'urgence,aucun,100m,50km/h
15061,pluvieux,nuit,sec,enfant,regarde autour,se déplacer dans une direction autre que celle du passage piéton,camion,aucun,10m,25km/h
15081,pluvieux,nuit,sec,personne âgée,regarde son téléphone,s’arrêter,camion,urgence (vers hôpital),100m,25km/h
15108,pluvieux,nuit,sec,personne âgée,regarde son téléphone,s’arrêter,voiture normale,aucun,100m,50km/h
15131,pluvieux,nuit,sec,personne âgée,regarde son téléphone,se déplacer en direction du passage piéton,véhicule d'urgence,urgence (vers hôpital),50m,50km/h
15137,pluvieux,nuit,sec,personne âgée,regarde son téléphone,se déplacer en direction du passage piéton,camion,urgence (vers hôpital),50m,50km/h
15162,pluvieux,nuit,sec,personne âgée,regarde son téléphone,se déplacer en direction du passage piéton,voiture normale,aucun,100m,50km/h
15165,pluvieux,nuit,sec,personne âgée,regarde son téléphone,se déplacer en direction du passage piéton,véhicule d'urgence,aucun,100m,25km/h
15182,pluvieux,nuit,sec,personne âgée,regarde son téléphone,se déplacer dans une direction autre que celle du passage piéton,véhicule d'urgence,urgence (vers hôpital),50m,25km/h
15195,pluvieux,nuit,sec,personne âgée,regarde son téléphone,se déplacer dans une direction autre que celle du passage piéton,voiture normale,pressé (travail ou vol),100m,25km/h
15197,pluvieux,nuit,sec,personne âgée,regarde son téléphone,se déplacer dans une direction autre que celle du passage piéton,voiture normale,pressé (travail ou vol),50m,50km/h
15221,pluvieux,nuit,sec,personne âgée,regarde son téléphone,se déplacer dans une direction autre que celle du passage piéton,véhicule d'urgence,aucun,50m,50km/h
15246,pluvieux,nuit,sec,personne âgée,parle à quelqu'un,s’arrêter,camion,urgence (vers hôpital),100m,50km/h
15248,pluvieux,nuit,sec,personne âgée,parle à quelqu'un,s’arrêter,voiture normale,pressé (travail ou vol),50m,25km/h
15269,pluvieux,nuit,sec,personne âgée,parle à quelqu'un,s’arrêter,voiture normale,aucun,50m,50km/h
15290,pluvieux,nuit,sec,personne âgée,parle à quelqu'un,se déplacer en direction du passage piéton,véhicule d'urgence,urgence (vers hôpital),50m,25km/h
15295,pluvieux,nuit,sec,personne âgée,parle à quelqu'un,se déplacer en direction du passage piéton,camion,urgence (vers hôpital),10m,25km/h
15301,pluvieux,nuit,sec,personne âgée,parle à quelqu'un,se déplacer en direction du passage piéton,voiture normale,pressé (travail ou vol),10m,25km/h
15315,pluvieux,nuit,sec,personne âgée,parle à quelqu'un,se déplacer en direction du passage piéton,camion,pressé (travail ou vol),100m,25km/h
15357,pluvieux,nuit,sec,personne âgée,parle à quelqu'un,se déplacer dans une direction autre que celle du passage piéton,voiture normale,pressé (travail ou vol),100m,25km/h
15368,pluvieux,nuit,sec,personne âgée,parle à quelqu'un,se déplacer dans une direction autre que celle du passage piéton,camion,pressé (travail ou vol),50m,25km/h
15407,pluvieux,nuit,sec,personne âgée,regarde autour,s’arrêter,camion,urgence (vers hôpital),50m,50km/h
15425,pluvieux,nuit,sec,personne âgée,regarde autour,s’arrêter,camion,pressé (travail ou vol),50m,50km/h
15428,pluvieux,nuit,sec,personne âgée,regarde autour,s’arrêter,voiture normale,aucun,50m,25km/h
15436,pluvieux,nuit,sec,personne âgée,regarde autour,s’arrêter,véhicule d'urgence,aucun,10m,50km/h
15457,pluvieux,nuit,sec,personne âgée,regarde autour,se déplacer en direction du passage piéton,camion,urgence (vers hôpital),10m,25km/h
15481,pluvieux,nuit,sec,personne âgée,regarde autour,se déplacer en direction du passage piéton,voiture normale,aucun,10m,25km/h
15488,pluvieux,nuit,sec,personne âgée,regarde autour,se déplacer en direction du passage piéton,véhicule d'urgence,aucun,50m,25km/h
15501,pluvieux,nuit,sec,personne âgée,regarde autour,se déplacer dans une direction autre que celle du passage piéton,voiture normale,urgence (vers hôpital),100m,25km/h
15519,pluvieux,nuit,sec,personne âgée,regarde autour,se déplacer dans une direction autre que celle du passage piéton,voiture normale,pressé (travail ou vol),100m,25km/h
15540,pluvieux,nuit,sec,personne âgée,regarde autour,se déplacer dans une direction autre que celle du passage piéton,voiture normale,aucun,100m,50km/h
15558,pluvieux,nuit,sec,policier,regarde son téléphone,s’arrêter,voiture normale,urgence (vers hôpital),100m,50km/h
15568,pluvieux,nuit,sec,policier,regarde son téléphone,s’arrêter,camion,urgence (vers hôpital),10m,50km/h
15573,pluvieux,nuit,sec,policier,regarde son téléphone,s’arrêter,voiture normale,pressé (travail ou vol),100m,25km/h
15585,pluvieux,nuit,sec,policier,regarde son téléphone,s’arrêter,camion,pressé (travail ou vol),100m,25km/h
15604,pluvieux,nuit,sec,policier,regarde son téléphone,s’arrêter,camion,aucun,10m,50km/h
15610,pluvieux,nuit,sec,policier,regarde son téléphone,se déplacer en direction du passage piéton,voiture normale,urgence (vers hôpital),10m,50km/h
15641,pluvieux,nuit,sec,policier,regarde son téléphone,se déplacer en direction du passage piéton,camion,pressé (travail ou vol),50m,50km/h
15646,pluvieux,nuit,sec,policier,regarde son téléphone,se déplacer en direction du passage piéton,voiture normale,aucun,10m,50km/h
15656,pluvieux,nuit,sec,policier,regarde son téléphone,se déplacer en direction du passage piéton,camion,aucun,50m,25km/h
15658,pluvieux,nuit,sec,policier,regarde son téléphone,se déplacer en direction du passage piéton,camion,aucun,10m,50km/h
15673,pluvieux,nuit,sec,policier,regarde son téléphone,se déplacer dans une direction autre que celle du passage piéton,camion,urgence (vers hôpital),10m,25km/h
15700,pluvieux,nuit,sec,policier,regarde son téléphone,se déplacer dans une direction autre que celle du passage piéton,voiture normale,aucun,10m,50km/h
15720,pluvieux,nuit,sec,policier,parle à quelqu'un,s’arrêter,voiture normale,urgence (vers hôpital),100m,50km/h
15724,pluvieux,nuit,sec,policier,parle à quelqu'un,s’arrêter,véhicule d'urgence,urgence (vers hôpital),10m,50km/h
15747,pluvieux,nuit,sec,policier,parle à quelqu'un,s’arrêter,camion,pressé (travail ou vol),100m,25km/h
15757,pluvieux,nuit,sec,policier,parle à quelqu'un,s’arrêter,véhicule d'urgence,aucun,10m,25km/h
15764,pluvieux,nuit,sec,policier,parle à quelqu'un,s’arrêter,camion,aucun,50m,25km/h
15772,pluvieux,nuit,sec,policier,parle à quelqu'un,se déplacer en direction du passage piéton,voiture normale,urgence (vers hôpital),10m,50km/h
15774,pluvieux,nuit,sec,policier,parle à quelqu'un,se déplacer en direction du passage piéton,voiture normale,urgence (vers hôpital),100m,50km/h
15784,pluvieux,nuit,sec,policier,parle à quelqu'un,se déplacer en direction du passage piéton,camion,urgence (vers hôpital),10m,50km/h
15810,pluvieux,nuit,sec,policier,parle à quelqu'un,se déplacer en direction du passage piéton,voiture normale,aucun,100m,50km/h
15811,pluvieux,nuit,sec,policier,parle à quelqu'un,se déplacer en direction du passage piéton,véhicule d'urgence,aucun,10m,25km/h
15816,pluvieux,nuit,sec,policier,parle à quelqu'un,se déplacer en direction du passage piéton,véhicule d'urgence,aucun,100m,50km/h
15820,pluvieux,nuit,sec,policier,parle à quelqu'un,se déplacer en direction du passage piéton,camion,aucun,10m,50km/h
15843,pluvieux,nuit,sec,policier,parle à quelqu'un,se déplacer dans une direction autre que celle du passage piéton,voiture normale,pressé (travail ou vol),100m,25km/h
15860,pluvieux,nuit,sec,policier,parle à quelqu'un,se déplacer dans une direction autre que celle du passage piéton,voiture normale,aucun,50m,25km/h
15863,pluvieux,nuit,sec,policier,parle à quelqu'un,se déplacer dans une direction autre que celle du passage piéton,voiture normale,aucun,50m,50km/h
15882,pluvieux,nuit,sec,policier,regarde autour,s’arrêter,voiture normale,urgence (vers hôpital),100m,50km/h
15917,pluvieux,nuit,sec,policier,regarde autour,s’arrêter,voiture normale,aucun,50m,50km/h
15930,pluvieux,nuit,sec,policier,regarde autour,s’arrêter,camion,aucun,100m,50km/h
15938,pluvieux,nuit,sec,policier,regarde autour,se déplacer en direction du passage piéton,véhicule d'urgence,urgence (vers hôpital),50m,25km/h
15941,pluvieux,nuit,sec,policier,regarde autour,se déplacer en direction du passage piéton,véhicule d'urgence,urgence (vers hôpital),50m,50km/h
15977,pluvieux,nuit,sec,policier,regarde autour,se déplacer en direction du passage piéton,véhicule d'urgence,aucun,50m,50km/h
15988,pluvieux,nuit,sec,policier,regarde autour,se déplacer dans une direction autre que celle du passage piéton,voiture normale,urgence (vers hôpital),10m,50km/h
15994,pluvieux,nuit,sec,policier,regarde autour,se déplacer dans une direction autre que celle du passage piéton,véhicule d'urgence,urgence (vers hôpital),10m,50km/h
16007,pluvieux,nuit,sec,policier,regarde autour,se déplacer dans une direction autre que celle du passage piéton,voiture normale,pressé (travail ou vol),50m,50km/h
16009,pluvieux,nuit,sec,policier,regarde autour,se déplacer dans une direction autre que celle du passage piéton,véhicule d'urgence,pressé (travail ou vol),10m,25km/h
16027,pluvieux,nuit,sec,policier,regarde autour,se déplacer dans une direction autre que celle du passage piéton,véhicule d'urgence,aucun,10m,25km/h
16040,pluvieux,nuit,sec,femme enceinte,regarde son téléphone,s’arrêter,voiture normale,urgence (vers hôpital),50m,25km/h
16042,pluvieux,nuit,sec,femme enceinte,regarde son téléphone,s’arrêter,voiture normale,urgence (vers hôpital),10m,50km/h
16047,pluvieux,nuit,sec,femme enceinte,regarde son téléphone,s’arrêter,véhicule d'urgence,urgence (vers hôpital),100m,25km/h
16058,pluvieux,nuit,sec,femme enceinte,regarde son téléphone,s’arrêter,voiture normale,pressé (travail ou vol),50m,25km/h
16076,pluvieux,nuit,sec,femme enceinte,regarde son téléphone,s’arrêter,voiture normale,aucun,50m,25km/h
16108,pluvieux,nuit,sec,femme enceinte,regarde son téléphone,se déplacer en direction du passage piéton,camion,urgence (vers hôpital),10m,50km/h
16110,pluvieux,nuit,sec,femme enceinte,regarde son téléphone,se déplacer en direction du passage piéton,camion,urgence (vers hôpital),100m,50km/h
16122,pluvieux,nuit,sec,femme enceinte,regarde son téléphone,se déplacer en direction du passage piéton,véhicule d'urgence,pressé (travail ou vol),100m,50km/h
16153,pluvieux,nuit,sec,femme enceinte,regarde son téléphone,se déplacer dans une direction autre que celle du passage piéton,véhicule d'urgence,urgence (vers hôpital),10m,25km/h
16156,pluvieux,nuit,sec,femme enceinte,regarde son téléphone,se déplacer dans une direction autre que celle du passage piéton,véhicule d'urgence,urgence (vers hôpital),10m,50km/h
16162,pluvieux,nuit,sec,femme enceinte,regarde son téléphone,se déplacer dans une direction autre que celle du passage piéton,camion,urgence (vers hôpital),10m,50km/h
16172,pluvieux,nuit,sec,femme enceinte,regarde son téléphone,se déplacer dans une direction autre que celle du passage piéton,véhicule d'urgence,pressé (travail ou vol),50m,25km/h
16176,pluvieux,nuit,sec,femme enceinte,regarde son téléphone,se déplacer dans une direction autre que celle du passage piéton,véhicule d'urgence,pressé (travail ou vol),100m,50km/h
16196,pluvieux,nuit,sec,femme enceinte,regarde son téléphone,se déplacer dans une direction autre que celle du passage piéton,camion,aucun,50m,25km/h
16254,pluvieux,nuit,sec,femme enceinte,parle à quelqu'un,s’arrêter,camion,aucun,100m,50km/h
16306,pluvieux,nuit,sec,femme enceinte,parle à quelqu'un,se déplacer en direction du passage piéton,camion,aucun,10m,50km/h
16312,pluvieux,nuit,sec,femme enceinte,parle à quelqu'un,se déplacer dans une direction autre que celle du passage piéton,voiture normale,urgence (vers hôpital),10m,50km/h
16325,pluvieux,nuit,sec,femme enceinte,parle à quelqu'un,se déplacer dans une direction autre que celle du passage piéton,camion,urgence (vers hôpital),50m,50km/h
16342,pluvieux,nuit,sec,femme enceinte,parle à quelqu'un,se déplacer dans une direction autre que celle du passage piéton,camion,pressé (travail ou vol),10m,50km/h
16343,pluvieux,nuit,sec,femme enceinte,parle à quelqu'un,se déplacer dans une direction autre que celle du passage piéton,camion,pressé (travail ou vol),50m,50km/h
16344,pluvieux,nuit,sec,femme enceinte,parle à quelqu'un,se déplacer dans une direction autre que celle du passage piéton,camion,pressé (travail ou vol),100m,50km/h
16350,pluvieux,nuit,sec,femme enceinte,parle à quelqu'un,se déplacer dans une direction autre que celle du passage piéton,voiture normale,aucun,100m,50km/h
16355,pluvieux,nuit,sec,femme enceinte,parle à quelqu'un,se déplacer dans une direction autre que celle du passage piéton,véhicule d'urgence,aucun,50m,50km/h
16363,pluvieux,nuit,sec,femme enceinte,regarde autour,s’arrêter,voiture normale,urgence (vers hôpital),10m,25km/h
16396,pluvieux,nuit,sec,femme enceinte,regarde autour,s’arrêter,camion,pressé (travail ou vol),10m,50km/h
16400,pluvieux,nuit,sec,femme enceinte,regarde autour,s’arrêter,voiture normale,aucun,50m,25km/h
16451,pluvieux,nuit,sec,femme enceinte,regarde autour,se déplacer en direction du passage piéton,camion,pressé (travail ou vol),50m,50km/h
16452,pluvieux,nuit,sec,femme enceinte,regarde autour,se déplacer en direction du passage piéton,camion,pressé (travail ou vol),100m,50km/h
16461,pluvieux,nuit,sec,femme enceinte,regarde autour,se déplacer en direction du passage piéton,véhicule d'urgence,aucun,100m,25km/h
16465,pluvieux,nuit,sec,femme enceinte,regarde autour,se déplacer en direction du passage piéton,camion,aucun,10m,25km/h
16474,pluvieux,nuit,sec,femme enceinte,regarde autour,se déplacer dans une direction autre que celle du passage piéton,voiture normale,urgence (vers hôpital),10m,50km/h
16496,pluvieux,nuit,sec,femme enceinte,regarde autour,se déplacer dans une direction autre que celle du passage piéton,véhicule d'urgence,pressé (travail ou vol),50m,25km/h
16527,pluvieux,nuit,sec,étudiant universitaire,regarde son téléphone,s’arrêter,voiture normale,urgence (vers hôpital),100m,25km/h
16545,pluvieux,nuit,sec,étudiant universitaire,regarde son téléphone,s’arrêter,voiture normale,pressé (travail ou vol),100m,25km/h
16561,pluvieux,nuit,sec,étudiant universitaire,regarde son téléphone,s’arrêter,voiture normale,aucun,10m,25km/h
16565,pluvieux,nuit,sec,étudiant universitaire,regarde son téléphone,s’arrêter,voiture normale,aucun,50m,50km/h
16569,pluvieux,nuit,sec,étudiant universitaire,regarde son téléphone,s’arrêter,véhicule d'urgence,aucun,100m,25km/h
16583,pluvieux,nuit,sec,étudiant universitaire,regarde son téléphone,se déplacer en direction du passage piéton,voiture normale,urgence (vers hôpital),50m,50km/h
16585,pluvieux,nuit,sec,étudiant universitaire,regarde son téléphone,se déplacer en direction du passage piéton,véhicule d'urgence,urgence (vers hôpital),10m,25km/h
16587,pluvieux,nuit,sec,étudiant universitaire,regarde son téléphone,se déplacer en direction du passage piéton,véhicule d'urgence,urgence (vers hôpital),100m,25km/h
16590,pluvieux,nuit,sec,étudiant universitaire,regarde son téléphone,se déplacer en direction du passage piéton,véhicule d'urgence,urgence (vers hôpital),100m,50km/h
16608,pluvieux,nuit,sec,étudiant universitaire,regarde son téléphone,se déplacer en direction du passage piéton,véhicule d'urgence,pressé (travail ou vol),100m,50km/h
16614,pluvieux,nuit,sec,étudiant universitaire,regarde son téléphone,se déplacer en direction du passage piéton,camion,pressé (travail ou vol),100m,50km/h
16618,pluvieux,nuit,sec,étudiant universitaire,regarde son téléphone,se déplacer en direction du passage piéton,voiture normale,aucun,10m,50km/h
16624,pluvieux,nuit,sec,étudiant universitaire,regarde son téléphone,se déplacer en direction du passage piéton,véhicule d'urgence,aucun,10m,50km/h
16656,pluvieux,nuit,sec,étudiant universitaire,regarde son téléphone,se déplacer dans une direction autre que celle du passage piéton,voiture normale,pressé (travail ou vol),100m,50km/h
16661,pluvieux,nuit,sec,étudiant universitaire,regarde son téléphone,se déplacer dans une direction autre que celle du passage piéton,véhicule d'urgence,pressé (travail ou vol),50m,50km/h
16671,pluvieux,nuit,sec,étudiant universitaire,regarde son téléphone,se déplacer dans une direction autre que celle du passage piéton,voiture normale,aucun,100m,25km/h
16678,pluvieux,nuit,sec,étudiant universitaire,regarde son téléphone,se déplacer dans une direction autre que celle du passage piéton,véhicule d'urgence,aucun,10m,50km/h
16681,pluvieux,nuit,sec,étudiant universitaire,regarde son téléphone,se déplacer dans une direction autre que celle du passage piéton,camion,aucun,10m,25km/h
16706,pluvieux,nuit,sec,étudiant universitaire,parle à quelqu'un,s’arrêter,voiture normale,pressé (travail ou vol),50m,25km/h
16720,pluvieux,nuit,sec,étudiant universitaire,parle à quelqu'un,s’arrêter,camion,pressé (travail ou vol),10m,50km/h
16745,pluvieux,nuit,sec,étudiant universitaire,parle à quelqu'un,se déplacer en direction du passage piéton,voiture normale,urgence (vers hôpital),50m,50km/h
16746,pluvieux,nuit,sec,étudiant universitaire,parle à quelqu'un,se déplacer en direction du passage piéton,voiture normale,urgence (vers hôpital),100m,50km/h
16748,pluvieux,nuit,sec,étudiant universitaire,parle à quelqu'un,se déplacer en direction du passage piéton,véhicule d'urgence,urgence (vers hôpital),50m,25km/h
16764,pluvieux,nuit,sec,étudiant universitaire,parle à quelqu'un,se déplacer en direction du passage piéton,voiture normale,pressé (travail ou vol),100m,50km/h
16789,pluvieux,nuit,sec,étudiant universitaire,parle à quelqu'un,se déplacer en direction du passage piéton,camion,aucun,10m,25km/h
16805,pluvieux,nuit,sec,étudiant universitaire,parle à quelqu'un,se déplacer dans une direction autre que celle du passage piéton,véhicule d'urgence,urgence (vers hôpital),50m,50km/h
16809,pluvieux,nuit,sec,étudiant universitaire,parle à quelqu'un,se déplacer dans une direction autre que celle du passage piéton,camion,urgence (vers hôpital),100m,25km/h
16812,pluvieux,nuit,sec,étudiant universitaire,parle à quelqu'un,se déplacer dans une direction autre que celle du passage piéton,camion,urgence (vers hôpital),100m,50km/h
16829,pluvieux,nuit,sec,étudiant universitaire,parle à quelqu'un,se déplacer dans une direction autre que celle du passage piéton,camion,pressé (travail ou vol),50m,50km/h
16834,pluvieux,nuit,sec,étudiant universitaire,parle à quelqu'un,se déplacer dans une direction autre que celle du passage piéton,voiture normale,aucun,10m,50km/h
16837,pluvieux,nuit,sec,étudiant universitaire,parle à quelqu'un,se déplacer dans une direction autre que celle du passage piéton,véhicule d'urgence,aucun,10m,25km/h
16857,pluvieux,nuit,sec,étudiant universitaire,regarde autour,s’arrêter,véhicule d'urgence,urgence (vers hôpital),100m,25km/h
16865,pluvieux,nuit,sec,étudiant universitaire,regarde autour,s’arrêter,camion,urgence (vers hôpital),50m,50km/h
16872,pluvieux,nuit,sec,étudiant universitaire,regarde autour,s’arrêter,voiture normale,pressé (travail ou vol),100m,50km/h
16880,pluvieux,nuit,sec,étudiant universitaire,regarde autour,s’arrêter,camion,pressé (travail ou vol),50m,25km/h
16883,pluvieux,nuit,sec,étudiant universitaire,regarde autour,s’arrêter,camion,pressé (travail ou vol),50m,50km/h
16894,pluvieux,nuit,sec,étudiant universitaire,regarde autour,s’arrêter,véhicule d'urgence,aucun,10m,50km/h
16900,pluvieux,nuit,sec,étudiant universitaire,regarde autour,s’arrêter,camion,aucun,10m,50km/h
16914,pluvieux,nuit,sec,étudiant universitaire,regarde autour,se déplacer en direction du passage piéton,véhicule d'urgence,urgence (vers hôpital),100m,50km/h
16917,pluvieux,nuit,sec,étudiant universitaire,regarde autour,se déplacer en direction du passage piéton,camion,urgence (vers hôpital),100m,25km/h
16919,pluvieux,nuit,sec,étudiant universitaire,regarde autour,se déplacer en direction du passage piéton,camion,urgence (vers hôpital),50m,50km/h
16927,pluvieux,nuit,sec,étudiant universitaire,regarde autour,se déplacer en direction du passage piéton,véhicule d'urgence,pressé (travail ou vol),10m,25km/h
16930,pluvieux,nuit,sec,étudiant universitaire,regarde autour,se déplacer en direction du passage piéton,véhicule d'urgence,pressé (travail ou vol),10m,50km/h
16933,pluvieux,nuit,sec,étudiant universitaire,regarde autour,se déplacer en direction du passage piéton,camion,pressé (travail ou vol),10m,25km/h
16947,pluvieux,nuit,sec,étudiant universitaire,regarde autour,se déplacer en direction du passage piéton,véhicule d'urgence,aucun,100m,25km/h
16955,pluvieux,nuit,sec,étudiant universitaire,regarde autour,se déplacer en direction du passage piéton,camion,aucun,50m,50km/h
16989,pluvieux,nuit,sec,étudiant universitaire,regarde autour,se déplacer dans une direction autre que celle du passage piéton,camion,pressé (travail ou vol),100m,25km/h
17003,pluvieux,nuit,sec,étudiant universitaire,regarde autour,se déplacer dans une direction autre que celle du passage piéton,véhicule d'urgence,aucun,50m,50km/h
17004,pluvieux,nuit,sec,étudiant universitaire,regarde autour,se déplacer dans une direction autre que celle du passage piéton,véhicule d'urgence,aucun,100m,50km/h
17012,pluvieux,nuit,mouillé,enfant,regarde son téléphone,s’arrêter,voiture normale,urgence (vers hôpital),50m,25km/h
17025,pluvieux,nuit,mouillé,enfant,regarde son téléphone,s’arrêter,camion,urgence (vers hôpital),100m,25km/h
17033,pluvieux,nuit,mouillé,enfant,regarde son téléphone,s’arrêter,voiture normale,pressé (travail ou vol),50m,50km/h
17036,pluvieux,nuit,mouillé,enfant,regarde son téléphone,s’arrêter,véhicule d'urgence,pressé (travail ou vol),50m,25km/h
17038,pluvieux,nuit,mouillé,enfant,regarde son téléphone,s’arrêter,véhicule d'urgence,pressé (travail ou vol),10m,50km/h
17057,pluvieux,nuit,mouillé,enfant,regarde son téléphone,s’arrêter,véhicule d'urgence,aucun,50m,50km/h
17062,pluvieux,nuit,mouillé,enfant,regarde son téléphone,s’arrêter,camion,aucun,10m,50km/h
17065,pluvieux,nuit,mouillé,enfant,regarde son téléphone,se déplacer en direction du passage piéton,voiture normale,urgence (vers hôpital),10m,25km/h
17087,pluvieux,nuit,mouillé,enfant,regarde son téléphone,se déplacer en direction du passage piéton,voiture normale,pressé (travail ou vol),50m,50km/h
17093,pluvieux,nuit,mouillé,enfant,regarde son téléphone,se déplacer en direction du passage piéton,véhicule d'urgence,pressé (travail ou vol),50m,50km/h
17106,pluvieux,nuit,mouillé,enfant,regarde son téléphone,se déplacer en direction du passage piéton,voiture normale,aucun,100m,50km/h
17113,pluvieux,nuit,mouillé,enfant,regarde son téléphone,se déplacer en direction du passage piéton,camion,aucun,10m,25km/h
17130,pluvieux,nuit,mouillé,enfant,regarde son téléphone,se déplacer dans une direction autre que celle du passage piéton,véhicule d'urgence,urgence (vers hôpital),100m,50km/h
17174,pluvieux,nuit,mouillé,enfant,parle à quelqu'un,s’arrêter,voiture normale,urgence (vers hôpital),50m,25km/h
17194,pluvieux,nuit,mouillé,enfant,parle à quelqu'un,s’arrêter,voiture normale,pressé (travail ou vol),10m,50km/h
17212,pluvieux,nuit,mouillé,enfant,parle à quelqu'un,s’arrêter,voiture normale,aucun,10m,50km/h
17225,pluvieux,nuit,mouillé,enfant,parle à quelqu'un,s’arrêter,camion,aucun,50m,50km/h
17240,pluvieux,nuit,mouillé,enfant,parle à quelqu'un,se déplacer en direction du passage piéton,camion,urgence (vers hôpital),50m,25km/h
17251,pluvieux,nuit,mouillé,enfant,parle à quelqu'un,se déplacer en direction du passage piéton,véhicule d'urgence,pressé (travail ou vol),10m,25km/h
17266,pluvieux,nuit,mouillé,enfant,parle à quelqu'un,se déplacer en direction du passage piéton,voiture normale,aucun,10m,50km/h
17275,pluvieux,nuit,mouillé,enfant,parle à quelqu'un,se déplacer en direction du passage piéton,camion,aucun,10m,25km/h
17306,pluvieux,nuit,mouillé,enfant,parle à quelqu'un,se déplacer dans une direction autre que celle du passage piéton,véhicule d'urgence,pressé (travail ou vol),50m,25km/h
17330,pluvieux,nuit,mouillé,enfant,parle à quelqu'un,se déplacer dans une direction autre que celle du passage piéton,camion,aucun,50m,25km/h
17333,pluvieux,nuit,mouillé,enfant,parle à quelqu'un,se déplacer dans une direction autre que celle du passage piéton,camion,aucun,50m,50km/h
17345,pluvieux,nuit,mouillé,enfant,regarde autour,s’arrêter,véhicule d'urgence,urgence (vers hôpital),50m,50km/h
17356,pluvieux,nuit,mouillé,enfant,regarde autour,s’arrêter,voiture normale,pressé (travail ou vol),10m,50km/h
17380,pluvieux,nuit,mouillé,enfant,regarde autour,s’arrêter,véhicule d'urgence,aucun,10m,50km/h
17402,pluvieux,nuit,mouillé,enfant,regarde autour,se déplacer en direction du passage piéton,camion,urgence (vers hôpital),50m,25km/h
17408,pluvieux,nuit,mouillé,enfant,regarde autour,se déplacer en direction du passage piéton,voiture normale,pressé (travail ou vol),50m,25km/h
17421,pluvieux,nuit,mouillé,enfant,regarde autour,se déplacer en direction du passage piéton,camion,pressé (travail ou vol),100m,25km/h
17436,pluvieux,nuit,mouillé,enfant,regarde autour,se déplacer en direction du passage piéton,véhicule d'urgence,aucun,100m,50km/h
17442,pluvieux,nuit,mouillé,enfant,regarde autour,se déplacer en direction du passage piéton,camion,aucun,100m,50km/h
17452,pluvieux,nuit,mouillé,enfant,regarde autour,se déplacer dans une direction autre que celle du passage piéton,véhicule d'urgence,urgence (vers hôpital),10m,50km/h
17476,pluvieux,nuit,mouillé,enfant,regarde autour,se déplacer dans une direction autre que celle du passage piéton,camion,pressé (travail ou vol),10m,50km/h
17486,pluvieux,nuit,mouillé,enfant,regarde autour,se déplacer dans une direction autre que celle du passage piéton,véhicule d'urgence,aucun,50m,25km/h
17492,pluvieux,nuit,mouillé,enfant,regarde autour,se déplacer dans une direction autre que celle du passage piéton,camion,aucun,50m,25km/h
17495,pluvieux,nuit,mouillé,enfant,regarde autour,se déplacer dans une direction autre que celle du passage piéton,camion,aucun,50m,50km/h
17516,pluvieux,nuit,mouillé,personne âgée,regarde son téléphone,s’arrêter,voiture normale,pressé (travail ou vol),50m,25km/h
17522,pluvieux,nuit,mouillé,personne âgée,regarde son téléphone,s’arrêter,véhicule d'urgence,pressé (travail ou vol),50m,25km/h
17524,pluvieux,nuit,mouillé,personne âgée,regarde son téléphone,s’arrêter,véhicule d'urgence,pressé (travail ou vol),10m,50km/h
17535,pluvieux,nuit,mouillé,personne âgée,regarde son téléphone,s’arrêter,voiture normale,aucun,100m,25km/h
17544,pluvieux,nuit,mouillé,personne âgée,regarde son téléphone,s’arrêter,véhicule d'urgence,aucun,100m,50km/h
17549,pluvieux,nuit,mouillé,personne âgée,regarde son téléphone,s’arrêter,camion,aucun,50m,50km/h
17551,pluvieux,nuit,mouillé,personne âgée,regarde son téléphone,se déplacer en direction du passage piéton,voiture normale,urgence (vers hôpital),10m,25km/h
17570,pluvieux,nuit,mouillé,personne âgée,regarde son téléphone,se déplacer en direction du passage piéton,voiture normale,pressé (travail ou vol),50m,25km/h
17589,pluvieux,nuit,mouillé,personne âgée,regarde son téléphone,se déplacer en direction du passage piéton,voiture normale,aucun,100m,25km/h
17592,pluvieux,nuit,mouillé,personne âgée,regarde son téléphone,se déplacer en direction du passage piéton,voiture normale,aucun,100m,50km/h
17598,pluvieux,nuit,mouillé,personne âgée,regarde son téléphone,se déplacer en direction du passage piéton,véhicule d'urgence,aucun,100m,50km/h
17599,pluvieux,nuit,mouillé,personne âgée,regarde son téléphone,se déplacer en direction du passage piéton,camion,aucun,10m,25km/h
17602,pluvieux,nuit,mouillé,personne âgée,regarde son téléphone,se déplacer en direction du passage piéton,camion,aucun,10m,50km/h
17615,pluvieux,nuit,mouillé,personne âgée,regarde son téléphone,se déplacer dans une direction autre que celle du passage piéton,véhicule d'urgence,urgence (vers hôpital),50m,50km/h
17624,pluvieux,nuit,mouillé,personne âgée,regarde son téléphone,se déplacer dans une direction autre que celle du passage piéton,voiture normale,pressé (travail ou vol),50m,25km/h
17625,pluvieux,nuit,mouillé,personne âgée,regarde son téléphone,se déplacer dans une direction autre que celle du passage piéton,voiture normale,pressé (travail ou vol),100m,25km/h
17630,pluvieux,nuit,mouillé,personne âgée,regarde son téléphone,se déplacer dans une direction autre que celle du passage piéton,véhicule d'urgence,pressé (travail ou vol),50m,25km/h
17662,pluvieux,nuit,mouillé,personne âgée,parle à quelqu'un,s’arrêter,voiture normale,urgence (vers hôpital),10m,50km/h
17683,pluvieux,nuit,mouillé,personne âgée,parle à quelqu'un,s’arrêter,véhicule d'urgence,pressé (travail ou vol),10m,25km/h
17690,pluvieux,nuit,mouillé,personne âgée,parle à quelqu'un,s’arrêter,camion,pressé (travail ou vol),50m,25km/h
17695,pluvieux,nuit,mouillé,personne âgée,parle à quelqu'un,s’arrêter,voiture normale,aucun,10m,25km/h
17710,pluvieux,nuit,mouillé,personne âgée,parle à quelqu'un,s’arrêter,camion,aucun,10m,50km/h
17728,pluvieux,nuit,mouillé,personne âgée,parle à quelqu'un,se déplacer en direction du passage piéton,camion,urgence (vers hôpital),10m,50km/h
17778,pluvieux,nuit,mouillé,personne âgée,parle à quelqu'un,se déplacer dans une direction autre que celle du passage piéton,véhicule d'urgence,urgence (vers hôpital),100m,50km/h
17780,pluvieux,nuit,mouillé,personne âgée,parle à quelqu'un,se déplacer dans une direction autre que celle du passage piéton,camion,urgence (vers hôpital),50m,25km/h
17792,pluvieux,nuit,mouillé,personne âgée,parle à quelqu'un,se déplacer dans une direction autre que celle du passage piéton,véhicule d'urgence,pressé (travail ou vol),50m,25km/h
17793,pluvieux,nuit,mouillé,personne âgée,parle à quelqu'un,se déplacer dans une direction autre que celle du passage piéton,véhicule d'urgence,pressé (travail ou vol),100m,25km/h
17801,pluvieux,nuit,mouillé,personne âgée,parle à quelqu'un,se déplacer dans une direction autre que celle du passage piéton,camion,pressé (travail ou vol),50m,50km/h
17821,pluvieux,nuit,mouillé,personne âgée,regarde autour,s’arrêter,voiture normale,urgence (vers hôpital),10m,25km/h
17833,pluvieux,nuit,mouillé,personne âgée,regarde autour,s’arrêter,camion,urgence (vers hôpital),10m,25km/h
17834,pluvieux,nuit,mouillé,personne âgée,regarde autour,s’arrêter,camion,urgence (vers hôpital),50m,25km/h
17838,pluvieux,nuit,mouillé,personne âgée,regarde autour,s’arrêter,camion,urgence (vers hôpital),100m,50km/h
17841,pluvieux,nuit,mouillé,personne âgée,regarde autour,s’arrêter,voiture normale,pressé (travail ou vol),100m,25km/h
17855,pluvieux,nuit,mouillé,personne âgée,regarde autour,s’arrêter,camion,pressé (travail ou vol),50m,50km/h
17884,pluvieux,nuit,mouillé,personne âgée,regarde autour,se déplacer en direction du passage piéton,véhicule d'urgence,urgence (vers hôpital),10m,50km/h
17930,pluvieux,nuit,mouillé,personne âgée,regarde autour,se déplacer dans une direction autre que celle du passage piéton,voiture normale,urgence (vers hôpital),50m,25km/h
17931,pluvieux,nuit,mouillé,personne âgée,regarde autour,se déplacer dans une direction autre que celle du passage piéton,voiture normale,urgence (vers hôpital),100m,25km/h
17937,pluvieux,nuit,mouillé,personne âgée,regarde autour,se déplacer dans une direction autre que celle du passage piéton,véhicule d'urgence,urgence (vers hôpital),100m,25km/h
17969,pluvieux,nuit,mouillé,personne âgée,regarde autour,se déplacer dans une direction autre que celle du passage piéton,voiture normale,aucun,50m,50km/h
17971,pluvieux,nuit,mouillé,personne âgée,regarde autour,se déplacer dans une direction autre que celle du passage piéton,véhicule d'urgence,aucun,10m,25km/h
17992,pluvieux,nuit,mouillé,policier,regarde son téléphone,s’arrêter,véhicule d'urgence,urgence (vers hôpital),10m,50km/h
18005,pluvieux,nuit,mouillé,policier,regarde son téléphone,s’arrêter,voiture normale,pressé (travail ou vol),50m,50km/h
18007,pluvieux,nuit,mouillé,policier,regarde son téléphone,s’arrêter,véhicule d'urgence,pressé (travail ou vol),10m,25km/h
18021,pluvieux,nuit,mouillé,policier,regarde son téléphone,s’arrêter,voiture normale,aucun,100m,25km/h
18039,pluvieux,nuit,mouillé,policier,regarde son téléphone,se déplacer en direction du passage piéton,voiture normale,urgence (vers hôpital),100m,25km/h
18053,pluvieux,nuit,mouillé,policier,regarde son téléphone,se déplacer en direction du passage piéton,camion,urgence (vers hôpital),50m,50km/h
18058,pluvieux,nuit,mouillé,policier,regarde son téléphone,se déplacer en direction du passage piéton,voiture normale,pressé (travail ou vol),10m,50km/h
18067,pluvieux,nuit,mouillé,policier,regarde son téléphone,se déplacer en direction du passage piéton,camion,pressé (travail ou vol),10m,25km/h
18120,pluvieux,nuit,mouillé,policier,regarde son téléphone,se déplacer dans une direction autre que celle du passage piéton,véhicule d'urgence,pressé (travail ou vol),100m,50km/h
18130,pluvieux,nuit,mouillé,policier,regarde son téléphone,se déplacer dans une direction autre que celle du passage piéton,voiture normale,aucun,10m,50km/h
18141,pluvieux,nuit,mouillé,policier,regarde son téléphone,se déplacer dans une direction autre que celle du passage piéton,camion,aucun,100m,25km/h
18172,pluvieux,nuit,mouillé,policier,parle à quelqu'un,s’arrêter,véhicule d'urgence,pressé (travail ou vol),10m,50km/h
18173,pluvieux,nuit,mouillé,policier,parle à quelqu'un,s’arrêter,véhicule d'urgence,pressé (travail ou vol),50m,50km/h
18184,pluvieux,nuit,mouillé,policier,parle à quelqu'un,s’arrêter,voiture normale,aucun,10m,50km/h
18203,pluvieux,nuit,mouillé,policier,parle à quelqu'un,se déplacer en direction du passage piéton,voiture normale,urgence (vers hôpital),50m,50km/h
18208,pluvieux,nuit,mouillé,policier,parle à quelqu'un,se déplacer en direction du passage piéton,véhicule d'urgence,urgence (vers hôpital),10m,50km/h
18218,pluvieux,nuit,mouillé,policier,parle à quelqu'un,se déplacer en direction du passage piéton,voiture normale,pressé (travail ou vol),50m,25km/h
18236,pluvieux,nuit,mouillé,policier,parle à quelqu'un,se déplacer en direction du passage piéton,voiture normale,aucun,50m,25km/h
18243,pluvieux,nuit,mouillé,policier,parle à quelqu'un,se déplacer en direction du passage piéton,véhicule d'urgence,aucun,100m,25km/h
18267,pluvieux,nuit,mouillé,policier,parle à quelqu'un,se déplacer dans une direction autre que celle du passage piéton,camion,urgence (vers hôpital),100m,25km/h
18271,pluvieux,nuit,mouillé,policier,parle à quelqu'un,se déplacer dans une direction autre que celle du passage piéton,voiture normale,pressé (travail ou vol),10m,25km/h
18328,pluvieux,nuit,mouillé,policier,regarde autour,s’arrêter,voiture normale,pressé (travail ou vol),10m,50km/h
18333,pluvieux,nuit,mouillé,policier,regarde autour,s’arrêter,véhicule d'urgence,pressé (travail ou vol),100m,25km/h
18354,pluvieux,nuit,mouillé,policier,regarde autour,s’arrêter,véhicule d'urgence,aucun,100m,50km/h
18357,pluvieux,nuit,mouillé,policier,regarde autour,s’arrêter,camion,aucun,100m,25km/h
18362,pluvieux,nuit,mouillé,policier,regarde autour,se déplacer en direction du passage piéton,voiture normale,urgence (vers hôpital),50m,25km/h
18381,pluvieux,nuit,mouillé,policier,regarde autour,se déplacer en direction du passage piéton,voiture normale,pressé (travail ou vol),100m,25km/h
18389,pluvieux,nuit,mouillé,policier,regarde autour,se déplacer en direction du passage piéton,véhicule d'urgence,pressé (travail ou vol),50m,50km/h
18393,pluvieux,nuit,mouillé,policier,regarde autour,se déplacer en direction du passage piéton,camion,pressé (travail ou vol),100m,25km/h
18408,pluvieux,nuit,mouillé,policier,regarde autour,se déplacer en direction du passage piéton,véhicule d'urgence,aucun,100m,50km/h
18424,pluvieux,nuit,mouillé,policier,regarde autour,se déplacer dans une direction autre que celle du passage piéton,véhicule d'urgence,urgence (vers hôpital),10m,50km/h
18443,pluvieux,nuit,mouillé,policier,regarde autour,se déplacer dans une direction autre que celle du passage piéton,véhicule d'urgence,pressé (travail ou vol),50m,50km/h
18467,pluvieux,nuit,mouillé,policier,regarde autour,se déplacer dans une direction autre que celle du passage piéton,camion,aucun,50m,50km/h
18482,pluvieux,nuit,mouillé,femme enceinte,regarde son téléphone,s’arrêter,camion,urgence (vers hôpital),50m,25km/h
18505,pluvieux,nuit,mouillé,femme enceinte,regarde son téléphone,s’arrêter,voiture normale,aucun,10m,25km/h
18515,pluvieux,nuit,mouillé,femme enceinte,regarde son téléphone,s’arrêter,véhicule d'urgence,aucun,50m,50km/h
18531,pluvieux,nuit,mouillé,femme enceinte,regarde son téléphone,se déplacer en direction du passage piéton,véhicule d'urgence,urgence (vers hôpital),100m,25km/h
18548,pluvieux,nuit,mouillé,femme enceinte,regarde son téléphone,se déplacer en direction du passage piéton,véhicule d'urgence,pressé (travail ou vol),50m,25km/h
18567,pluvieux,nuit,mouillé,femme enceinte,regarde son téléphone,se déplacer en direction du passage piéton,véhicule d'urgence,aucun,100m,25km/h
18611,pluvieux,nuit,mouillé,femme enceinte,regarde son téléphone,se déplacer dans une direction autre que celle du passage piéton,camion,pressé (travail ou vol),50m,50km/h
18631,pluvieux,nuit,mouillé,femme enceinte,parle à quelqu'un,s’arrêter,voiture normale,urgence (vers hôpital),10m,25km/h
18649,pluvieux,nuit,mouillé,femme enceinte,parle à quelqu'un,s’arrêter,voiture normale,pressé (travail ou vol),10m,25km/h
18657,pluvieux,nuit,mouillé,femme enceinte,parle à quelqu'un,s’arrêter,véhicule d'urgence,pressé (travail ou vol),100m,25km/h
18672,pluvieux,nuit,mouillé,femme enceinte,parle à quelqu'un,s’arrêter,voiture normale,aucun,100m,50km/h
18673,pluvieux,nuit,mouillé,femme enceinte,parle à quelqu'un,s’arrêter,véhicule d'urgence,aucun,10m,25km/h
18688,pluvieux,nuit,mouillé,femme enceinte,parle à quelqu'un,se déplacer en direction du passage piéton,voiture normale,urgence (vers hôpital),10m,50km/h
18689,pluvieux,nuit,mouillé,femme enceinte,parle à quelqu'un,se déplacer en direction du passage piéton,voiture normale,urgence (vers hôpital),50m,50km/h
18696,pluvieux,nuit,mouillé,femme enceinte,parle à quelqu'un,se déplacer en direction du passage piéton,véhicule d'urgence,urgence (vers hôpital),100m,50km/h
18707,pluvieux,nuit,mouillé,femme enceinte,parle à quelqu'un,se déplacer en direction du passage piéton,voiture normale,pressé (travail ou vol),50m,50km/h
18719,pluvieux,nuit,mouillé,femme enceinte,parle à quelqu'un,se déplacer en direction du passage piéton,camion,pressé (travail ou vol),50m,50km/h
18751,pluvieux,nuit,mouillé,femme enceinte,parle à quelqu'un,se déplacer dans une direction autre que celle du passage piéton,camion,urgence (vers hôpital),10m,25km/h
18753,pluvieux,nuit,mouillé,femme enceinte,parle à quelqu'un,se déplacer dans une direction autre que celle du passage piéton,camion,urgence (vers hôpital),100m,25km/h
18754,pluvieux,nuit,mouillé,femme enceinte,parle à quelqu'un,se déplacer dans une direction autre que celle du passage piéton,camion,urgence (vers hôpital),10m,50km/h
18782,pluvieux,nuit,mouillé,femme enceinte,parle à quelqu'un,se déplacer dans une direction autre que celle du passage piéton,véhicule d'urgence,aucun,50m,25km/h
18800,pluvieux,nuit,mouillé,femme enceinte,regarde autour,s’arrêter,véhicule d'urgence,urgence (vers hôpital),50m,25km/h
18803,pluvieux,nuit,mouillé,femme enceinte,regarde autour,s’arrêter,véhicule d'urgence,urgence (vers hôpital),50m,50km/h
18826,pluvieux,nuit,mouillé,femme enceinte,regarde autour,s’arrêter,camion,pressé (travail ou vol),10m,50km/h
18842,pluvieux,nuit,mouillé,femme enceinte,regarde autour,s’arrêter,camion,aucun,50m,25km/h
18854,pluvieux,nuit,mouillé,femme enceinte,regarde autour,se déplacer en direction du passage piéton,véhicule d'urgence,urgence (vers hôpital),50m,25km/h
18856,pluvieux,nuit,mouillé,femme enceinte,regarde autour,se déplacer en direction du passage piéton,véhicule d'urgence,urgence (vers hôpital),10m,50km/h
18859,pluvieux,nuit,mouillé,femme enceinte,regarde autour,se déplacer en direction du passage piéton,camion,urgence (vers hôpital),10m,25km/h
18860,pluvieux,nuit,mouillé,femme enceinte,regarde autour,se déplacer en direction du passage piéton,camion,urgence (vers hôpital),50m,25km/h
18866,pluvieux,nuit,mouillé,femme enceinte,regarde autour,se déplacer en direction du passage piéton,voiture normale,pressé (travail ou vol),50m,25km/h
18917,pluvieux,nuit,mouillé,femme enceinte,regarde autour,se déplacer dans une direction autre que celle du passage piéton,camion,urgence (vers hôpital),50m,50km/h
18937,pluvieux,nuit,mouillé,femme enceinte,regarde autour,se déplacer dans une direction autre que celle du passage piéton,voiture normale,aucun,10m,25km/h
18940,pluvieux,nuit,mouillé,femme enceinte,regarde autour,se déplacer dans une direction autre que celle du passage piéton,voiture normale,aucun,10m,50km/h
18961,pluvieux,nuit,mouillé,étudiant universitaire,regarde son téléphone,s’arrêter,véhicule d'urgence,urgence (vers hôpital),10m,25km/h
18967,pluvieux,nuit,mouillé,étudiant universitaire,regarde son téléphone,s’arrêter,camion,urgence (vers hôpital),10m,25km/h
18970,pluvieux,nuit,mouillé,étudiant universitaire,regarde son téléphone,s’arrêter,camion,urgence (vers hôpital),10m,50km/h
18983,pluvieux,nuit,mouillé,étudiant universitaire,regarde son téléphone,s’arrêter,véhicule d'urgence,pressé (travail ou vol),50m,50km/h
19010,pluvieux,nuit,mouillé,étudiant universitaire,regarde son téléphone,se déplacer en direction du passage piéton,voiture normale,urgence (vers hôpital),50m,25km/h
19011,pluvieux,nuit,mouillé,étudiant universitaire,regarde son téléphone,se déplacer en direction du passage piéton,voiture normale,urgence (vers hôpital),100m,25km/h
19070,pluvieux,nuit,mouillé,étudiant universitaire,regarde son téléphone,se déplacer dans une direction autre que celle du passage piéton,véhicule d'urgence,urgence (vers hôpital),50m,25km/h
19090,pluvieux,nuit,mouillé,étudiant universitaire,regarde son téléphone,se déplacer dans une direction autre que celle du passage piéton,véhicule d'urgence,pressé (travail ou vol),10m,50km/h
19106,pluvieux,nuit,mouillé,étudiant universitaire,regarde son téléphone,se déplacer dans une direction autre que celle du passage piéton,véhicule d'urgence,aucun,50m,25km/h
19114,pluvieux,nuit,mouillé,étudiant universitaire,regarde son téléphone,se déplacer dans une direction autre que celle du passage piéton,camion,aucun,10m,50km/h
19122,pluvieux,nuit,mouillé,étudiant universitaire,parle à quelqu'un,s’arrêter,voiture normale,urgence (vers hôpital),100m,50km/h
19126,pluvieux,nuit,mouillé,étudiant universitaire,parle à quelqu'un,s’arrêter,véhicule d'urgence,urgence (vers hôpital),10m,50km/h
19166,pluvieux,nuit,mouillé,étudiant universitaire,parle à quelqu'un,s’arrêter,camion,aucun,50m,25km/h
19173,pluvieux,nuit,mouillé,étudiant universitaire,parle à quelqu'un,se déplacer en direction du passage piéton,voiture normale,urgence (vers hôpital),100m,25km/h
19190,pluvieux,nuit,mouillé,étudiant universitaire,parle à quelqu'un,se déplacer en direction du passage piéton,voiture normale,pressé (travail ou vol),50m,25km/h
19212,pluvieux,nuit,mouillé,étudiant universitaire,parle à quelqu'un,se déplacer en direction du passage piéton,voiture normale,aucun,100m,50km/h
19214,pluvieux,nuit,mouillé,étudiant universitaire,parle à quelqu'un,se déplacer en direction du passage piéton,véhicule d'urgence,aucun,50m,25km/h
19234,pluvieux,nuit,mouillé,étudiant universitaire,parle à quelqu'un,se déplacer dans une direction autre que celle du passage piéton,véhicule d'urgence,urgence (vers hôpital),10m,50km/h
19258,pluvieux,nuit,mouillé,étudiant universitaire,parle à quelqu'un,se déplacer dans une direction autre que celle du passage piéton,camion,pressé (travail ou vol),10m,50km/h
19267,pluvieux,nuit,mouillé,étudiant universitaire,parle à quelqu'un,se déplacer dans une direction autre que celle du passage piéton,véhicule d'urgence,aucun,10m,25km/h
19274,pluvieux,nuit,mouillé,étudiant universitaire,parle à quelqu'un,se déplacer dans une direction autre que celle du passage piéton,camion,aucun,50m,25km/h
19275,pluvieux,nuit,mouillé,étudiant universitaire,parle à quelqu'un,se déplacer dans une direction autre que celle du passage piéton,camion,aucun,100m,25km/h
19295,pluvieux,nuit,mouillé,étudiant universitaire,regarde autour,s’arrêter,camion,urgence (vers hôpital),50m,50km/h
19327,pluvieux,nuit,mouillé,étudiant universitaire,regarde autour,s’arrêter,camion,aucun,10m,25km/h
19330,pluvieux,nuit,mouillé,étudiant universitaire,regarde autour,s’arrêter,camion,aucun,10m,50km/h
19349,pluvieux,nuit,mouillé,étudiant universitaire,regarde autour,se déplacer en direction du passage piéton,camion,urgence (vers hôpital),50m,50km/h
19360,pluvieux,nuit,mouillé,étudiant universitaire,regarde autour,se déplacer en direction du passage piéton,véhicule d'urgence,pressé (travail ou vol),10m,50km/h
19406,pluvieux,nuit,mouillé,étudiant universitaire,regarde autour,se déplacer dans une direction autre que celle du passage piéton,voiture normale,pressé (travail ou vol),50m,25km/h
19413,pluvieux,nuit,mouillé,étudiant universitaire,regarde autour,se déplacer dans une direction autre que celle du passage piéton,véhicule d'urgence,pressé (travail ou vol),100m,25km/h
19416,pluvieux,nuit,mouillé,étudiant universitaire,regarde autour,se déplacer dans une direction autre que celle du passage piéton,véhicule d'urgence,pressé (travail ou vol),100m,50km/h
19434,pluvieux,nuit,mouillé,étudiant universitaire,regarde autour,se déplacer dans une direction autre que celle du passage piéton,véhicule d'urgence,aucun,100m,50km/h
19439,pluvieux,nuit,mouillé,étudiant universitaire,regarde autour,se déplacer dans une direction autre que celle du passage piéton,camion,aucun,50m,50km/h
