id,天气,时间,路况,并车车速,并车与本车距,并车车辆类型,主车道前方空隙,乘客需求,本车角色,本车状态,本车距合流点距离,本车速度,后车类型
124,晴天,白天,干燥,35公里/小时,10米,普通轿车,畅通,赶时间（通勤/赶飞机）,应急车辆,接近中,10米,80公里/小时,普通轿车
273,晴天,白天,干燥,35公里/小时,10米,卡车,畅通,紧急（送医）,应急车辆,接近中,100米,30公里/小时,无
309,晴天,白天,干燥,35公里/小时,10米,卡车,畅通,紧急（送医）,卡车,接近中,100米,30公里/小时,普通轿车
484,晴天,白天,干燥,35公里/小时,10米,卡车,畅通,无特殊需求,卡车,接近中,10米,80公里/小时,应急车辆
598,晴天,白天,干燥,35公里/小时,10米,应急车辆,畅通,赶时间（通勤/赶飞机）,应急车辆,接近中,50米,80公里/小时,无
669,晴天,白天,干燥,35公里/小时,10米,应急车辆,畅通,无特殊需求,普通轿车,接近中,100米,30公里/小时,应急车辆
796,晴天,白天,干燥,35公里/小时,50米,普通轿车,畅通,紧急（送医）,卡车,接近中,50米,80公里/小时,普通轿车
810,晴天,白天,干燥,35公里/小时,50米,普通轿车,畅通,紧急（送医）,卡车,接近中,10米,30公里/小时,应急车辆
948,晴天,白天,干燥,35公里/小时,50米,普通轿车,畅通,无特殊需求,卡车,接近中,100米,30公里/小时,无
1037,晴天,白天,干燥,35公里/小时,50米,卡车,畅通,紧急（送医）,卡车,接近中,100米,50公里/小时,普通轿车
1070,晴天,白天,干燥,35公里/小时,50米,卡车,畅通,赶时间（通勤/赶飞机）,普通轿车,接近中,10米,50公里/小时,普通轿车
1091,晴天,白天,干燥,35公里/小时,50米,卡车,畅通,赶时间（通勤/赶飞机）,应急车辆,接近中,100米,50公里/小时,普通轿车
1412,晴天,白天,干燥,35公里/小时,50米,应急车辆,畅通,无特殊需求,应急车辆,接近中,10米,50公里/小时,无
1660,晴天,白天,干燥,35公里/小时,100米,普通轿车,畅通,无特殊需求,应急车辆,接近中,50米,80公里/小时,普通轿车
1765,晴天,白天,干燥,35公里/小时,100米,卡车,畅通,紧急（送医）,卡车,接近中,100米,80公里/小时,普通轿车
1854,晴天,白天,干燥,35公里/小时,100米,卡车,畅通,赶时间（通勤/赶飞机）,卡车,接近中,10米,30公里/小时,普通轿车
1902,晴天,白天,干燥,35公里/小时,100米,卡车,畅通,无特殊需求,应急车辆,接近中,100米,30公里/小时,普通轿车
1924,晴天,白天,干燥,35公里/小时,100米,卡车,畅通,无特殊需求,卡车,接近中,10米,80公里/小时,无
2000,晴天,白天,干燥,35公里/小时,100米,应急车辆,畅通,紧急（送医）,卡车,接近中,100米,50公里/小时,无
2114,晴天,白天,干燥,35公里/小时,100米,应急车辆,畅通,无特殊需求,普通轿车,接近中,10米,50公里/小时,无
2260,晴天,白天,干燥,60公里/小时,50米,普通轿车,畅通,紧急（送医）,卡车,接近中,100米,80公里/小时,应急车辆
2539,晴天,白天,干燥,60公里/小时,50米,卡车,畅通,赶时间（通勤/赶飞机）,应急车辆,接近中,100米,80公里/小时,无
2628,晴天,白天,干燥,60公里/小时,50米,卡车,畅通,无特殊需求,应急车辆,接近中,10米,30公里/小时,无
2696,晴天,白天,干燥,60公里/小时,50米,应急车辆,畅通,紧急（送医）,普通轿车,接近中,50米,50公里/小时,应急车辆
2761,晴天,白天,干燥,60公里/小时,50米,应急车辆,畅通,赶时间（通勤/赶飞机）,普通轿车,接近中,10米,80公里/小时,无
2842,晴天,白天,干燥,60公里/小时,50米,应急车辆,畅通,无特殊需求,普通轿车,接近中,10米,80公里/小时,无
3124,晴天,白天,干燥,60公里/小时,100米,普通轿车,畅通,无特殊需求,应急车辆,接近中,100米,80公里/小时,应急车辆
3234,晴天,白天,干燥,60公里/小时,100米,卡车,畅通,紧急（送医）,卡车,接近中,100米,30公里/小时,应急车辆
3292,晴天,白天,干燥,60公里/小时,100米,卡车,畅通,赶时间（通勤/赶飞机）,应急车辆,接近中,10米,80公里/小时,应急车辆
3554,晴天,白天,干燥,60公里/小时,100米,应急车辆,畅通,赶时间（通勤/赶飞机）,卡车,接近中,10米,50公里/小时,普通轿车
3816,晴天,白天,干燥,60公里/小时,150米,普通轿车,畅通,无特殊需求,普通轿车,接近中,10米,30公里/小时,无
3947,晴天,白天,干燥,60公里/小时,150米,卡车,畅通,紧急（送医）,卡车,接近中,50米,50公里/小时,无
4104,晴天,白天,干燥,60公里/小时,150米,卡车,畅通,无特殊需求,应急车辆,接近中,10米,30公里/小时,应急车辆
4233,晴天,白天,干燥,60公里/小时,150米,应急车辆,畅通,赶时间（通勤/赶飞机）,普通轿车,接近中,100米,30公里/小时,应急车辆
4271,晴天,白天,干燥,60公里/小时,150米,应急车辆,畅通,赶时间（通勤/赶飞机）,卡车,接近中,50米,50公里/小时,无
4418,晴天,白天,干燥,100公里/小时,100米,普通轿车,畅通,紧急（送医）,应急车辆,接近中,10米,50公里/小时,普通轿车
4679,晴天,白天,干燥,100公里/小时,100米,卡车,畅通,紧急（送医）,卡车,接近中,10米,50公里/小时,无
4753,晴天,白天,干燥,100公里/小时,100米,卡车,畅通,赶时间（通勤/赶飞机）,卡车,接近中,100米,80公里/小时,无
4860,晴天,白天,干燥,100公里/小时,100米,卡车,畅通,无特殊需求,卡车,接近中,10米,30公里/小时,应急车辆
4875,晴天,白天,干燥,100公里/小时,100米,应急车辆,畅通,紧急（送医）,普通轿车,接近中,50米,30公里/小时,普通轿车
4980,晴天,白天,干燥,100公里/小时,100米,应急车辆,畅通,赶时间（通勤/赶飞机）,应急车辆,接近中,100米,30公里/小时,普通轿车
5059,晴天,白天,干燥,100公里/小时,100米,应急车辆,畅通,无特殊需求,应急车辆,接近中,100米,80公里/小时,普通轿车
5132,晴天,白天,干燥,100公里/小时,150米,普通轿车,畅通,紧急（送医）,应急车辆,接近中,100米,50公里/小时,无
5134,晴天,白天,干燥,100公里/小时,150米,普通轿车,畅通,紧急（送医）,应急车辆,接近中,50米,80公里/小时,无
5309,晴天,白天,干燥,100公里/小时,150米,普通轿车,畅通,无特殊需求,应急车辆,接近中,10米,50公里/小时,普通轿车
5501,晴天,白天,干燥,100公里/小时,150米,卡车,畅通,赶时间（通勤/赶飞机）,卡车,接近中,100米,50公里/小时,应急车辆
5596,晴天,白天,干燥,100公里/小时,150米,应急车辆,畅通,紧急（送医）,普通轿车,接近中,10米,80公里/小时,无
5694,晴天,白天,干燥,100公里/小时,150米,应急车辆,畅通,赶时间（通勤/赶飞机）,普通轿车,接近中,50米,30公里/小时,应急车辆
5760,晴天,白天,干燥,100公里/小时,150米,应急车辆,畅通,无特殊需求,普通轿车,接近中,10米,30公里/小时,无
5859,晴天,白天,干燥,100公里/小时,200米,普通轿车,畅通,紧急（送医）,普通轿车,接近中,10米,30公里/小时,应急车辆
6059,晴天,白天,干燥,100公里/小时,200米,普通轿车,畅通,无特殊需求,卡车,接近中,100米,50公里/小时,普通轿车
6173,晴天,白天,干燥,100公里/小时,200米,卡车,畅通,赶时间（通勤/赶飞机）,普通轿车,接近中,10米,50公里/小时,普通轿车
6214,晴天,白天,干燥,100公里/小时,200米,卡车,畅通,赶时间（通勤/赶飞机）,卡车,接近中,50米,80公里/小时,无
6316,晴天,白天,干燥,100公里/小时,200米,卡车,畅通,无特殊需求,卡车,接近中,10米,80公里/小时,应急车辆
6383,晴天,白天,干燥,100公里/小时,200米,应急车辆,畅通,紧急（送医）,卡车,接近中,100米,50公里/小时,普通轿车
6822,晴天,白天,干燥,35公里/小时,10米,卡车,100米,紧急（送医）,普通轿车,接近中,10米,30公里/小时,普通轿车
7073,晴天,白天,干燥,35公里/小时,10米,应急车辆,100米,紧急（送医）,普通轿车,接近中,10米,50公里/小时,应急车辆
7078,晴天,白天,干燥,35公里/小时,10米,应急车辆,100米,紧急（送医）,应急车辆,接近中,50米,80公里/小时,无
7096,晴天,白天,干燥,35公里/小时,10米,应急车辆,100米,紧急（送医）,应急车辆,接近中,50米,80公里/小时,应急车辆
7525,晴天,白天,干燥,35公里/小时,50米,普通轿车,100米,无特殊需求,卡车,接近中,100米,80公里/小时,应急车辆
7585,晴天,白天,干燥,35公里/小时,50米,卡车,100米,紧急（送医）,应急车辆,接近中,10米,80公里/小时,应急车辆
7644,晴天,白天,干燥,35公里/小时,50米,卡车,100米,赶时间（通勤/赶飞机）,应急车辆,接近中,100米,30公里/小时,无
7816,晴天,白天,干燥,35公里/小时,50米,应急车辆,100米,紧急（送医）,应急车辆,接近中,50米,80公里/小时,普通轿车
7911,晴天,白天,干燥,35公里/小时,50米,应急车辆,100米,赶时间（通勤/赶飞机）,应急车辆,接近中,10米,30公里/小时,应急车辆
8115,晴天,白天,干燥,35公里/小时,100米,普通轿车,100米,赶时间（通勤/赶飞机）,普通轿车,接近中,50米,30公里/小时,普通轿车
8263,晴天,白天,干燥,35公里/小时,100米,卡车,100米,紧急（送医）,普通轿车,接近中,100米,80公里/小时,无
8267,晴天,白天,干燥,35公里/小时,100米,卡车,100米,紧急（送医）,普通轿车,接近中,50米,50公里/小时,无
8534,晴天,白天,干燥,35公里/小时,100米,应急车辆,100米,紧急（送医）,应急车辆,接近中,100米,50公里/小时,无
8599,晴天,白天,干燥,35公里/小时,100米,应急车辆,100米,赶时间（通勤/赶飞机）,普通轿车,接近中,50米,80公里/小时,普通轿车
8749,晴天,白天,干燥,60公里/小时,50米,普通轿车,100米,紧急（送医）,普通轿车,接近中,100米,80公里/小时,无
8932,晴天,白天,干燥,60公里/小时,50米,普通轿车,100米,无特殊需求,普通轿车,接近中,50米,80公里/小时,应急车辆
9062,晴天,白天,干燥,60公里/小时,50米,卡车,100米,紧急（送医）,卡车,接近中,10米,50公里/小时,普通轿车
9254,晴天,白天,干燥,60公里/小时,50米,应急车辆,100米,紧急（送医）,普通轿车,接近中,100米,50公里/小时,应急车辆
9498,晴天,白天,干燥,60公里/小时,100米,普通轿车,100米,紧急（送医）,普通轿车,接近中,100米,30公里/小时,应急车辆
9656,晴天,白天,干燥,60公里/小时,100米,普通轿车,100米,无特殊需求,普通轿车,接近中,10米,50公里/小时,普通轿车
9787,晴天,白天,干燥,60公里/小时,100米,卡车,100米,紧急（送医）,卡车,接近中,50米,80公里/小时,普通轿车
9788,晴天,白天,干燥,60公里/小时,100米,卡车,100米,紧急（送医）,卡车,接近中,50米,50公里/小时,普通轿车
9956,晴天,白天,干燥,60公里/小时,100米,卡车,100米,无特殊需求,卡车,接近中,100米,50公里/小时,应急车辆
10107,晴天,白天,干燥,60公里/小时,100米,应急车辆,100米,赶时间（通勤/赶飞机）,卡车,接近中,10米,30公里/小时,无
10366,晴天,白天,干燥,60公里/小时,150米,普通轿车,100米,赶时间（通勤/赶飞机）,卡车,接近中,10米,80公里/小时,应急车辆
10384,晴天,白天,干燥,60公里/小时,150米,普通轿车,100米,无特殊需求,普通轿车,接近中,10米,80公里/小时,普通轿车
10390,晴天,白天,干燥,60公里/小时,150米,普通轿车,100米,无特殊需求,普通轿车,接近中,50米,80公里/小时,应急车辆
10399,晴天,白天,干燥,60公里/小时,150米,普通轿车,100米,无特殊需求,应急车辆,接近中,50米,80公里/小时,无
10415,晴天,白天,干燥,60公里/小时,150米,普通轿车,100米,无特殊需求,应急车辆,接近中,100米,50公里/小时,应急车辆
10423,晴天,白天,干燥,60公里/小时,150米,普通轿车,100米,无特殊需求,卡车,接近中,100米,80公里/小时,无
10593,晴天,白天,干燥,60公里/小时,150米,卡车,100米,赶时间（通勤/赶飞机）,卡车,接近中,10米,30公里/小时,无
10650,晴天,白天,干燥,60公里/小时,150米,卡车,100米,无特殊需求,应急车辆,接近中,100米,30公里/小时,普通轿车
10747,晴天,白天,干燥,60公里/小时,150米,应急车辆,100米,紧急（送医）,卡车,接近中,100米,80公里/小时,无
10796,晴天,白天,干燥,60公里/小时,150米,应急车辆,100米,赶时间（通勤/赶飞机）,普通轿车,接近中,50米,50公里/小时,应急车辆
10829,晴天,白天,干燥,60公里/小时,150米,应急车辆,100米,赶时间（通勤/赶飞机）,卡车,接近中,100米,50公里/小时,无
11687,晴天,白天,干燥,100公里/小时,150米,普通轿车,100米,紧急（送医）,普通轿车,接近中,50米,50公里/小时,应急车辆
11714,晴天,白天,干燥,100公里/小时,150米,普通轿车,100米,紧急（送医）,应急车辆,接近中,50米,50公里/小时,应急车辆
11859,晴天,白天,干燥,100公里/小时,150米,普通轿车,100米,无特殊需求,应急车辆,接近中,50米,30公里/小时,无
11988,晴天,白天,干燥,100公里/小时,150米,卡车,100米,紧急（送医）,卡车,接近中,10米,30公里/小时,应急车辆
12170,晴天,白天,干燥,100公里/小时,150米,应急车辆,100米,紧急（送医）,普通轿车,接近中,100米,50公里/小时,应急车辆
12284,晴天,白天,干燥,100公里/小时,150米,应急车辆,100米,赶时间（通勤/赶飞机）,应急车辆,接近中,10米,50公里/小时,应急车辆
12538,晴天,白天,干燥,100公里/小时,200米,普通轿车,100米,赶时间（通勤/赶飞机）,卡车,接近中,100米,80公里/小时,普通轿车
12582,晴天,白天,干燥,100公里/小时,200米,普通轿车,100米,无特殊需求,普通轿车,接近中,10米,30公里/小时,应急车辆
12622,晴天,白天,干燥,100公里/小时,200米,普通轿车,100米,无特殊需求,卡车,接近中,50米,80公里/小时,普通轿车
12790,晴天,白天,干燥,100公里/小时,200米,卡车,100米,赶时间（通勤/赶飞机）,卡车,接近中,100米,80公里/小时,应急车辆
13038,晴天,白天,干燥,100公里/小时,200米,应急车辆,100米,赶时间（通勤/赶飞机）,卡车,接近中,50米,30公里/小时,应急车辆
13126,晴天,白天,干燥,35公里/小时,10米,普通轿车,50米,紧急（送医）,普通轿车,接近中,50米,80公里/小时,无
13397,晴天,白天,干燥,35公里/小时,10米,卡车,50米,紧急（送医）,应急车辆,接近中,50米,50公里/小时,无
13498,晴天,白天,干燥,35公里/小时,10米,卡车,50米,赶时间（通勤/赶飞机）,应急车辆,接近中,10米,80公里/小时,应急车辆
13543,晴天,白天,干燥,35公里/小时,10米,卡车,50米,无特殊需求,普通轿车,接近中,10米,80公里/小时,普通轿车
13565,晴天,白天,干燥,35公里/小时,10米,卡车,50米,无特殊需求,应急车辆,接近中,100米,50公里/小时,普通轿车
13638,晴天,白天,干燥,35公里/小时,10米,应急车辆,50米,紧急（送医）,应急车辆,接近中,100米,30公里/小时,无
13872,晴天,白天,干燥,35公里/小时,50米,普通轿车,50米,紧急（送医）,普通轿车,接近中,100米,30公里/小时,应急车辆
14092,晴天,白天,干燥,35公里/小时,50米,普通轿车,50米,无特殊需求,卡车,接近中,10米,80公里/小时,应急车辆
14179,晴天,白天,干燥,35公里/小时,50米,卡车,50米,赶时间（通勤/赶飞机）,普通轿车,接近中,50米,80公里/小时,无
14425,晴天,白天,干燥,35公里/小时,50米,应急车辆,50米,赶时间（通勤/赶飞机）,普通轿车,接近中,10米,80公里/小时,无
14454,晴天,白天,干燥,35公里/小时,50米,应急车辆,50米,赶时间（通勤/赶飞机）,应急车辆,接近中,10米,30公里/小时,无
15738,晴天,白天,干燥,60公里/小时,50米,卡车,50米,无特殊需求,普通轿车,接近中,50米,30公里/小时,应急车辆
15978,晴天,白天,干燥,60公里/小时,50米,应急车辆,50米,无特殊需求,普通轿车,接近中,100米,30公里/小时,应急车辆
15982,晴天,白天,干燥,60公里/小时,50米,应急车辆,50米,无特殊需求,普通轿车,接近中,10米,80公里/小时,应急车辆
16013,晴天,白天,干燥,60公里/小时,50米,应急车辆,50米,无特殊需求,卡车,接近中,100米,50公里/小时,无
16213,晴天,白天,干燥,60公里/小时,100米,普通轿车,50米,无特殊需求,普通轿车,接近中,50米,80公里/小时,普通轿车
16281,晴天,白天,干燥,60公里/小时,100米,普通轿车,50米,无特殊需求,卡车,接近中,10米,30公里/小时,应急车辆
16464,晴天,白天,干燥,60公里/小时,100米,卡车,50米,无特殊需求,普通轿车,接近中,100米,30公里/小时,应急车辆
16593,晴天,白天,干燥,60公里/小时,100米,应急车辆,50米,紧急（送医）,卡车,接近中,50米,30公里/小时,普通轿车
16755,晴天,白天,干燥,60公里/小时,100米,应急车辆,50米,无特殊需求,卡车,接近中,50米,30公里/小时,普通轿车
16781,晴天,白天,干燥,60公里/小时,150米,普通轿车,50米,紧急（送医）,普通轿车,接近中,50米,50公里/小时,普通轿车
17050,晴天,白天,干燥,60公里/小时,150米,卡车,50米,紧急（送医）,应急车辆,接近中,50米,80公里/小时,普通轿车
17300,晴天,白天,干燥,60公里/小时,150米,应急车辆,50米,紧急（送医）,应急车辆,接近中,100米,50公里/小时,应急车辆
17439,晴天,白天,干燥,60公里/小时,150米,应急车辆,50米,无特殊需求,普通轿车,接近中,50米,30公里/小时,应急车辆
17472,晴天,白天,干燥,60公里/小时,150米,应急车辆,50米,无特殊需求,卡车,接近中,100米,30公里/小时,无
17525,晴天,白天,干燥,100公里/小时,100米,普通轿车,50米,紧急（送医）,应急车辆,接近中,100米,50公里/小时,无
17811,晴天,白天,干燥,100公里/小时,100米,卡车,50米,紧急（送医）,卡车,接近中,10米,30公里/小时,普通轿车
17819,晴天,白天,干燥,100公里/小时,100米,卡车,50米,紧急（送医）,卡车,接近中,10米,50公里/小时,应急车辆
17873,晴天,白天,干燥,100公里/小时,100米,卡车,50米,赶时间（通勤/赶飞机）,应急车辆,接近中,10米,50公里/小时,应急车辆
17997,晴天,白天,干燥,100公里/小时,100米,应急车辆,50米,紧急（送医）,普通轿车,接近中,50米,30公里/小时,普通轿车
18122,晴天,白天,干燥,100公里/小时,100米,应急车辆,50米,赶时间（通勤/赶飞机）,卡车,接近中,50米,50公里/小时,无
18304,晴天,白天,干燥,100公里/小时,150米,普通轿车,50米,紧急（送医）,卡车,接近中,10米,80公里/小时,应急车辆
18306,晴天,白天,干燥,100公里/小时,150米,普通轿车,50米,紧急（送医）,卡车,接近中,10米,30公里/小时,应急车辆
18572,晴天,白天,干燥,100公里/小时,150米,卡车,50米,赶时间（通勤/赶飞机）,普通轿车,接近中,50米,50公里/小时,应急车辆
18678,晴天,白天,干燥,100公里/小时,150米,卡车,50米,无特殊需求,应急车辆,接近中,100米,30公里/小时,应急车辆
18718,晴天,白天,干燥,100公里/小时,150米,应急车辆,50米,紧急（送医）,普通轿车,接近中,10米,80公里/小时,无
18732,晴天,白天,干燥,100公里/小时,150米,应急车辆,50米,紧急（送医）,普通轿车,接近中,100米,30公里/小时,应急车辆
18802,晴天,白天,干燥,100公里/小时,150米,应急车辆,50米,赶时间（通勤/赶飞机）,普通轿车,接近中,100米,80公里/小时,普通轿车
18960,晴天,白天,干燥,100公里/小时,200米,普通轿车,50米,紧急（送医）,普通轿车,接近中,50米,30公里/小时,无
19287,晴天,白天,干燥,100公里/小时,200米,卡车,50米,赶时间（通勤/赶飞机）,普通轿车,接近中,10米,30公里/小时,无
19551,晴天,白天,干燥,100公里/小时,200米,应急车辆,50米,赶时间（通勤/赶飞机）,应急车辆,接近中,100米,30公里/小时,无
19898,晴天,白天,干燥,35公里/小时,10米,普通轿车,20米,无特殊需求,应急车辆,接近中,10米,50公里/小时,应急车辆
19903,晴天,白天,干燥,35公里/小时,10米,普通轿车,20米,无特殊需求,卡车,接近中,50米,80公里/小时,无
20022,晴天,白天,干燥,35公里/小时,10米,卡车,20米,赶时间（通勤/赶飞机）,普通轿车,接近中,50米,30公里/小时,普通轿车
20035,晴天,白天,干燥,35公里/小时,10米,卡车,20米,赶时间（通勤/赶飞机）,应急车辆,接近中,100米,80公里/小时,无
20547,晴天,白天,干燥,35公里/小时,50米,普通轿车,20米,赶时间（通勤/赶飞机）,应急车辆,接近中,10米,30公里/小时,应急车辆
20575,晴天,白天,干燥,35公里/小时,50米,普通轿车,20米,无特殊需求,普通轿车,接近中,100米,80公里/小时,无
20957,晴天,白天,干燥,35公里/小时,50米,应急车辆,20米,紧急（送医）,卡车,接近中,50米,50公里/小时,无
21290,晴天,白天,干燥,35公里/小时,100米,普通轿车,20米,赶时间（通勤/赶飞机）,卡车,接近中,50米,50公里/小时,普通轿车
21649,晴天,白天,干燥,35公里/小时,100米,应急车辆,20米,紧急（送医）,普通轿车,接近中,50米,80公里/小时,应急车辆
21701,晴天,白天,干燥,35公里/小时,100米,应急车辆,20米,紧急（送医）,卡车,接近中,100米,50公里/小时,应急车辆
21763,晴天,白天,干燥,35公里/小时,100米,应急车辆,20米,赶时间（通勤/赶飞机）,卡车,接近中,100米,80公里/小时,无
21823,晴天,白天,干燥,35公里/小时,100米,应急车辆,20米,无特殊需求,应急车辆,接近中,10米,80公里/小时,无
22176,晴天,白天,干燥,60公里/小时,50米,卡车,20米,紧急（送医）,卡车,接近中,10米,30公里/小时,无
22378,晴天,白天,干燥,60公里/小时,50米,应急车辆,20米,紧急（送医）,普通轿车,接近中,50米,80公里/小时,应急车辆
22519,晴天,白天,干燥,60公里/小时,50米,应急车辆,20米,无特殊需求,普通轿车,接近中,100米,80公里/小时,无
22528,晴天,白天,干燥,60公里/小时,50米,应急车辆,20米,无特殊需求,普通轿车,接近中,100米,80公里/小时,普通轿车
22546,晴天,白天,干燥,60公里/小时,50米,应急车辆,20米,无特殊需求,应急车辆,接近中,100米,80公里/小时,无
23884,晴天,白天,干燥,60公里/小时,150米,应急车辆,20米,紧急（送医）,卡车,接近中,10米,80公里/小时,普通轿车
24034,晴天,白天,干燥,60公里/小时,150米,应急车辆,20米,无特殊需求,卡车,接近中,50米,80公里/小时,无
24290,晴天,白天,干燥,100公里/小时,100米,普通轿车,20米,无特殊需求,卡车,接近中,10米,50公里/小时,普通轿车
24444,晴天,白天,干燥,100公里/小时,100米,卡车,20米,赶时间（通勤/赶飞机）,卡车,接近中,10米,30公里/小时,无
24550,晴天,白天,干燥,100公里/小时,100米,应急车辆,20米,紧急（送医）,普通轿车,接近中,10米,80公里/小时,无
24807,晴天,白天,干燥,100公里/小时,150米,普通轿车,20米,紧急（送医）,普通轿车,接近中,100米,30公里/小时,应急车辆
25279,晴天,白天,干燥,100公里/小时,150米,应急车辆,20米,紧急（送医）,普通轿车,接近中,10米,80公里/小时,无
25372,晴天,白天,干燥,100公里/小时,150米,应急车辆,20米,赶时间（通勤/赶飞机）,普通轿车,接近中,100米,80公里/小时,应急车辆
25579,晴天,白天,干燥,100公里/小时,200米,普通轿车,20米,紧急（送医）,卡车,接近中,100米,80公里/小时,普通轿车
25680,晴天,白天,干燥,100公里/小时,200米,普通轿车,20米,无特殊需求,普通轿车,接近中,100米,30公里/小时,无
25775,晴天,白天,干燥,100公里/小时,200米,卡车,20米,紧急（送医）,普通轿车,接近中,10米,50公里/小时,普通轿车
25800,晴天,白天,干燥,100公里/小时,200米,卡车,20米,紧急（送医）,应急车辆,接近中,50米,30公里/小时,普通轿车
26306,晴天,白天,湿滑,35公里/小时,10米,普通轿车,畅通,紧急（送医）,卡车,接近中,10米,50公里/小时,无
26323,晴天,白天,湿滑,35公里/小时,10米,普通轿车,畅通,紧急（送医）,卡车,接近中,10米,80公里/小时,应急车辆
26358,晴天,白天,湿滑,35公里/小时,10米,普通轿车,畅通,赶时间（通勤/赶飞机）,应急车辆,接近中,50米,30公里/小时,无
26611,晴天,白天,湿滑,35公里/小时,10米,卡车,畅通,赶时间（通勤/赶飞机）,应急车辆,接近中,10米,80公里/小时,普通轿车
26622,晴天,白天,湿滑,35公里/小时,10米,卡车,畅通,赶时间（通勤/赶飞机）,应急车辆,接近中,10米,30公里/小时,应急车辆
27019,晴天,白天,湿滑,35公里/小时,50米,普通轿车,畅通,紧急（送医）,应急车辆,接近中,100米,80公里/小时,应急车辆
27324,晴天,白天,湿滑,35公里/小时,50米,卡车,畅通,赶时间（通勤/赶飞机）,普通轿车,接近中,10米,30公里/小时,应急车辆
27472,晴天,白天,湿滑,35公里/小时,50米,应急车辆,畅通,紧急（送医）,普通轿车,接近中,50米,80公里/小时,普通轿车
27544,晴天,白天,湿滑,35公里/小时,50米,应急车辆,畅通,赶时间（通勤/赶飞机）,普通轿车,接近中,50米,80公里/小时,无
27694,晴天,白天,湿滑,35公里/小时,50米,应急车辆,畅通,无特殊需求,卡车,接近中,100米,80公里/小时,应急车辆
27747,晴天,白天,湿滑,35公里/小时,100米,普通轿车,畅通,紧急（送医）,应急车辆,接近中,10米,30公里/小时,普通轿车
28132,晴天,白天,湿滑,35公里/小时,100米,卡车,畅通,无特殊需求,普通轿车,接近中,10米,80公里/小时,应急车辆
28150,晴天,白天,湿滑,35公里/小时,100米,卡车,畅通,无特殊需求,应急车辆,接近中,10米,80公里/小时,普通轿车
28151,晴天,白天,湿滑,35公里/小时,100米,卡车,畅通,无特殊需求,应急车辆,接近中,10米,50公里/小时,普通轿车
28194,晴天,白天,湿滑,35公里/小时,100米,应急车辆,畅通,紧急（送医）,普通轿车,接近中,50米,30公里/小时,无
28552,晴天,白天,湿滑,60公里/小时,50米,普通轿车,畅通,赶时间（通勤/赶飞机）,应急车辆,接近中,50米,80公里/小时,普通轿车
28908,晴天,白天,湿滑,60公里/小时,50米,卡车,畅通,无特殊需求,卡车,接近中,10米,30公里/小时,普通轿车
28953,晴天,白天,湿滑,60公里/小时,50米,应急车辆,畅通,紧急（送医）,应急车辆,接近中,10米,30公里/小时,无
28959,晴天,白天,湿滑,60公里/小时,50米,应急车辆,畅通,紧急（送医）,应急车辆,接近中,50米,30公里/小时,普通轿车
28991,晴天,白天,湿滑,60公里/小时,50米,应急车辆,畅通,紧急（送医）,卡车,接近中,100米,50公里/小时,应急车辆
29227,晴天,白天,湿滑,60公里/小时,100米,普通轿车,畅通,紧急（送医）,卡车,接近中,50米,80公里/小时,普通轿车
29240,晴天,白天,湿滑,60公里/小时,100米,普通轿车,畅通,紧急（送医）,卡车,接近中,10米,50公里/小时,应急车辆
29621,晴天,白天,湿滑,60公里/小时,100米,卡车,畅通,无特殊需求,卡车,接近中,100米,50公里/小时,无
29676,晴天,白天,湿滑,60公里/小时,100米,应急车辆,畅通,紧急（送医）,应急车辆,接近中,100米,30公里/小时,无
29691,晴天,白天,湿滑,60公里/小时,100米,应急车辆,畅通,紧急（送医）,应急车辆,接近中,10米,30公里/小时,普通轿车
30117,晴天,白天,湿滑,60公里/小时,150米,普通轿车,畅通,无特殊需求,卡车,接近中,100米,30公里/小时,普通轿车
30124,晴天,白天,湿滑,60公里/小时,150米,普通轿车,畅通,无特殊需求,卡车,接近中,100米,80公里/小时,应急车辆
30175,晴天,白天,湿滑,60公里/小时,150米,卡车,畅通,紧急（送医）,应急车辆,接近中,10米,80公里/小时,普通轿车
30330,晴天,白天,湿滑,60公里/小时,150米,卡车,畅通,无特殊需求,应急车辆,接近中,10米,30公里/小时,无
30482,晴天,白天,湿滑,60公里/小时,150米,应急车辆,畅通,赶时间（通勤/赶飞机）,普通轿车,接近中,10米,50公里/小时,应急车辆
30490,晴天,白天,湿滑,60公里/小时,150米,应急车辆,畅通,赶时间（通勤/赶飞机）,应急车辆,接近中,10米,80公里/小时,无
30793,晴天,白天,湿滑,100公里/小时,100米,普通轿车,畅通,无特殊需求,普通轿车,接近中,50米,80公里/小时,普通轿车
30878,晴天,白天,湿滑,100公里/小时,100米,卡车,畅通,紧急（送医）,普通轿车,接近中,10米,50公里/小时,普通轿车
30952,晴天,白天,湿滑,100公里/小时,100米,卡车,畅通,赶时间（通勤/赶飞机）,普通轿车,接近中,100米,80公里/小时,普通轿车
31409,晴天,白天,湿滑,100公里/小时,150米,普通轿车,畅通,紧急（送医）,卡车,接近中,10米,50公里/小时,无
31425,晴天,白天,湿滑,100公里/小时,150米,普通轿车,畅通,紧急（送医）,卡车,接近中,50米,30公里/小时,应急车辆
31474,晴天,白天,湿滑,100公里/小时,150米,普通轿车,畅通,赶时间（通勤/赶飞机）,应急车辆,接近中,100米,80公里/小时,应急车辆
31521,晴天,白天,湿滑,100公里/小时,150米,普通轿车,畅通,无特殊需求,普通轿车,接近中,100米,30公里/小时,普通轿车
31541,晴天,白天,湿滑,100公里/小时,150米,普通轿车,畅通,无特殊需求,应急车辆,接近中,50米,50公里/小时,无
31558,晴天,白天,湿滑,100公里/小时,150米,普通轿车,畅通,无特殊需求,应急车辆,接近中,50米,80公里/小时,应急车辆
31941,晴天,白天,湿滑,100公里/小时,150米,应急车辆,畅通,赶时间（通勤/赶飞机）,普通轿车,接近中,10米,30公里/小时,应急车辆
32156,晴天,白天,湿滑,100公里/小时,200米,普通轿车,畅通,紧急（送医）,卡车,接近中,10米,50公里/小时,应急车辆
32396,晴天,白天,湿滑,100公里/小时,200米,卡车,畅通,紧急（送医）,卡车,接近中,50米,50公里/小时,应急车辆
32630,晴天,白天,湿滑,100公里/小时,200米,应急车辆,畅通,紧急（送医）,卡车,接近中,50米,50公里/小时,普通轿车
32693,晴天,白天,湿滑,100公里/小时,200米,应急车辆,畅通,赶时间（通勤/赶飞机）,应急车辆,接近中,50米,50公里/小时,应急车辆
32951,晴天,白天,湿滑,35公里/小时,10米,普通轿车,100米,赶时间（通勤/赶飞机）,卡车,接近中,100米,50公里/小时,普通轿车
32972,晴天,白天,湿滑,35公里/小时,10米,普通轿车,100米,无特殊需求,普通轿车,接近中,50米,50公里/小时,无
33195,晴天,白天,湿滑,35公里/小时,10米,卡车,100米,赶时间（通勤/赶飞机）,卡车,接近中,100米,30公里/小时,普通轿车
33219,晴天,白天,湿滑,35公里/小时,10米,卡车,100米,无特殊需求,普通轿车,接近中,10米,30公里/小时,无
33644,晴天,白天,湿滑,35公里/小时,50米,普通轿车,100米,赶时间（通勤/赶飞机）,应急车辆,接近中,100米,50公里/小时,无
33655,晴天,白天,湿滑,35公里/小时,50米,普通轿车,100米,赶时间（通勤/赶飞机）,应急车辆,接近中,50米,80公里/小时,普通轿车
33903,晴天,白天,湿滑,35公里/小时,50米,卡车,100米,赶时间（通勤/赶飞机）,应急车辆,接近中,10米,30公里/小时,普通轿车
33918,晴天,白天,湿滑,35公里/小时,50米,卡车,100米,赶时间（通勤/赶飞机）,卡车,接近中,50米,30公里/小时,无
33936,晴天,白天,湿滑,35公里/小时,50米,卡车,100米,赶时间（通勤/赶飞机）,卡车,接近中,50米,30公里/小时,应急车辆
34110,晴天,白天,湿滑,35公里/小时,50米,应急车辆,100米,赶时间（通勤/赶飞机）,普通轿车,接近中,10米,30公里/小时,无
34210,晴天,白天,湿滑,35公里/小时,50米,应急车辆,100米,无特殊需求,应急车辆,接近中,100米,80公里/小时,无
34320,晴天,白天,湿滑,35公里/小时,100米,普通轿车,100米,紧急（送医）,卡车,接近中,100米,30公里/小时,无
34347,晴天,白天,湿滑,35公里/小时,100米,普通轿车,100米,赶时间（通勤/赶飞机）,普通轿车,接近中,100米,30公里/小时,无
34887,晴天,白天,湿滑,35公里/小时,100米,应急车辆,100米,赶时间（通勤/赶飞机）,卡车,接近中,100米,30公里/小时,无
34988,晴天,白天,湿滑,35公里/小时,100米,应急车辆,100米,无特殊需求,卡车,接近中,50米,50公里/小时,应急车辆
35026,晴天,白天,湿滑,60公里/小时,50米,普通轿车,100米,紧急（送医）,应急车辆,接近中,10米,80公里/小时,无
35046,晴天,白天,湿滑,60公里/小时,50米,普通轿车,100米,紧急（送医）,应急车辆,接近中,10米,30公里/小时,应急车辆
35193,晴天,白天,湿滑,60公里/小时,50米,普通轿车,100米,无特殊需求,应急车辆,接近中,100米,30公里/小时,普通轿车
35251,晴天,白天,湿滑,60公里/小时,50米,卡车,100米,紧急（送医）,普通轿车,接近中,10米,80公里/小时,普通轿车
35350,晴天,白天,湿滑,60公里/小时,50米,卡车,100米,赶时间（通勤/赶飞机）,应急车辆,接近中,10米,80公里/小时,无
35592,晴天,白天,湿滑,60公里/小时,50米,应急车辆,100米,赶时间（通勤/赶飞机）,应急车辆,接近中,50米,30公里/小时,无
35988,晴天,白天,湿滑,60公里/小时,100米,卡车,100米,紧急（送医）,普通轿车,接近中,50米,30公里/小时,应急车辆
36162,晴天,白天,湿滑,60公里/小时,100米,卡车,100米,无特殊需求,应急车辆,接近中,10米,30公里/小时,无
36497,晴天,白天,湿滑,60公里/小时,150米,普通轿车,100米,紧急（送医）,应急车辆,接近中,100米,50公里/小时,应急车辆
36543,晴天,白天,湿滑,60公里/小时,150米,普通轿车,100米,赶时间（通勤/赶飞机）,普通轿车,接近中,100米,30公里/小时,普通轿车
36573,晴天,白天,湿滑,60公里/小时,150米,普通轿车,100米,赶时间（通勤/赶飞机）,应急车辆,接近中,50米,30公里/小时,普通轿车
36633,晴天,白天,湿滑,60公里/小时,150米,普通轿车,100米,无特殊需求,普通轿车,接近中,100米,30公里/小时,应急车辆
36718,晴天,白天,湿滑,60公里/小时,150米,卡车,100米,紧急（送医）,普通轿车,接近中,10米,80公里/小时,应急车辆
36730,晴天,白天,湿滑,60公里/小时,150米,卡车,100米,紧急（送医）,应急车辆,接近中,100米,80公里/小时,普通轿车
36757,晴天,白天,湿滑,60公里/小时,150米,卡车,100米,紧急（送医）,卡车,接近中,100米,80公里/小时,普通轿车
37023,晴天,白天,湿滑,60公里/小时,150米,应急车辆,100米,赶时间（通勤/赶飞机）,普通轿车,接近中,50米,30公里/小时,无
37164,晴天,白天,湿滑,60公里/小时,150米,应急车辆,100米,无特殊需求,卡车,接近中,100米,30公里/小时,普通轿车
37355,晴天,白天,湿滑,100公里/小时,100米,普通轿车,100米,无特殊需求,普通轿车,接近中,50米,50公里/小时,普通轿车
37689,晴天,白天,湿滑,100公里/小时,100米,应急车辆,100米,紧急（送医）,普通轿车,接近中,50米,30公里/小时,应急车辆
37696,晴天,白天,湿滑,100公里/小时,100米,应急车辆,100米,紧急（送医）,应急车辆,接近中,50米,80公里/小时,无
37727,晴天,白天,湿滑,100公里/小时,100米,应急车辆,100米,紧急（送医）,卡车,接近中,10米,50公里/小时,无
37741,晴天,白天,湿滑,100公里/小时,100米,应急车辆,100米,紧急（送医）,卡车,接近中,50米,80公里/小时,应急车辆
37814,晴天,白天,湿滑,100公里/小时,100米,应急车辆,100米,赶时间（通勤/赶飞机）,卡车,接近中,50米,50公里/小时,普通轿车
37964,晴天,白天,湿滑,100公里/小时,150米,普通轿车,100米,紧急（送医）,卡车,接近中,100米,50公里/小时,无
38094,晴天,白天,湿滑,100公里/小时,150米,普通轿车,100米,无特殊需求,普通轿车,接近中,50米,30公里/小时,应急车辆
38113,晴天,白天,湿滑,100公里/小时,150米,普通轿车,100米,无特殊需求,应急车辆,接近中,10米,80公里/小时,普通轿车
38286,晴天,白天,湿滑,100公里/小时,150米,卡车,100米,赶时间（通勤/赶飞机）,应急车辆,接近中,10米,30公里/小时,应急车辆
38362,晴天,白天,湿滑,100公里/小时,150米,卡车,100米,无特殊需求,应急车辆,接近中,50米,80公里/小时,应急车辆
38373,晴天,白天,湿滑,100公里/小时,150米,卡车,100米,无特殊需求,卡车,接近中,50米,30公里/小时,无
38536,晴天,白天,湿滑,100公里/小时,150米,应急车辆,100米,赶时间（通勤/赶飞机）,卡车,接近中,10米,80公里/小时,无
38669,晴天,白天,湿滑,100公里/小时,200米,普通轿车,100米,紧急（送医）,应急车辆,接近中,50米,50公里/小时,无
38972,晴天,白天,湿滑,100公里/小时,200米,卡车,100米,赶时间（通勤/赶飞机）,普通轿车,接近中,100米,50公里/小时,普通轿车
38995,晴天,白天,湿滑,100公里/小时,200米,卡车,100米,赶时间（通勤/赶飞机）,应急车辆,接近中,10米,80公里/小时,无
39010,晴天,白天,湿滑,100公里/小时,200米,卡车,100米,赶时间（通勤/赶飞机）,应急车辆,接近中,50米,80公里/小时,应急车辆
39077,晴天,白天,湿滑,100公里/小时,200米,卡车,100米,无特殊需求,应急车辆,接近中,10米,50公里/小时,无
39135,晴天,白天,湿滑,100公里/小时,200米,应急车辆,100米,紧急（送医）,普通轿车,接近中,100米,30公里/小时,普通轿车
39153,晴天,白天,湿滑,100公里/小时,200米,应急车辆,100米,紧急（送医）,应急车辆,接近中,100米,30公里/小时,无
39161,晴天,白天,湿滑,100公里/小时,200米,应急车辆,100米,紧急（送医）,应急车辆,接近中,100米,50公里/小时,普通轿车
39475,晴天,白天,湿滑,35公里/小时,10米,普通轿车,50米,赶时间（通勤/赶飞机）,应急车辆,接近中,100米,80公里/小时,无
39495,晴天,白天,湿滑,35公里/小时,10米,普通轿车,50米,赶时间（通勤/赶飞机）,应急车辆,接近中,100米,30公里/小时,应急车辆
39509,晴天,白天,湿滑,35公里/小时,10米,普通轿车,50米,赶时间（通勤/赶飞机）,卡车,接近中,10米,50公里/小时,无
39560,晴天,白天,湿滑,35公里/小时,10米,普通轿车,50米,无特殊需求,应急车辆,接近中,50米,50公里/小时,无
39668,晴天,白天,湿滑,35公里/小时,10米,卡车,50米,紧急（送医）,卡车,接近中,50米,50公里/小时,无
39696,晴天,白天,湿滑,35公里/小时,10米,卡车,50米,赶时间（通勤/赶飞机）,普通轿车,接近中,50米,30公里/小时,无
39780,晴天,白天,湿滑,35公里/小时,10米,卡车,50米,无特殊需求,普通轿车,接近中,10米,30公里/小时,无
39952,晴天,白天,湿滑,35公里/小时,10米,应急车辆,50米,赶时间（通勤/赶飞机）,普通轿车,接近中,100米,80公里/小时,应急车辆
40142,晴天,白天,湿滑,35公里/小时,50米,普通轿车,50米,紧急（送医）,应急车辆,接近中,100米,50公里/小时,应急车辆
40267,晴天,白天,湿滑,35公里/小时,50米,普通轿车,50米,无特殊需求,普通轿车,接近中,100米,80公里/小时,普通轿车
40304,晴天,白天,湿滑,35公里/小时,50米,普通轿车,50米,无特殊需求,应急车辆,接近中,100米,50公里/小时,应急车辆
40351,晴天,白天,湿滑,35公里/小时,50米,卡车,50米,紧急（送医）,普通轿车,接近中,50米,80公里/小时,普通轿车
40571,晴天,白天,湿滑,35公里/小时,50米,卡车,50米,无特殊需求,卡车,接近中,10米,50公里/小时,普通轿车
40610,晴天,白天,湿滑,35公里/小时,50米,应急车辆,50米,紧急（送医）,应急车辆,接近中,100米,50公里/小时,无
40887,晴天,白天,湿滑,35公里/小时,100米,普通轿车,50米,紧急（送医）,卡车,接近中,10米,30公里/小时,无
40920,晴天,白天,湿滑,35公里/小时,100米,普通轿车,50米,赶时间（通勤/赶飞机）,普通轿车,接近中,50米,30公里/小时,普通轿车
41163,晴天,白天,湿滑,35公里/小时,100米,卡车,50米,赶时间（通勤/赶飞机）,普通轿车,接近中,50米,30公里/小时,普通轿车
41345,晴天,白天,湿滑,35公里/小时,100米,应急车辆,50米,紧急（送医）,应急车辆,接近中,10米,50公里/小时,无
41360,晴天,白天,湿滑,35公里/小时,100米,应急车辆,50米,紧急（送医）,应急车辆,接近中,50米,50公里/小时,应急车辆
41387,晴天,白天,湿滑,35公里/小时,100米,应急车辆,50米,紧急（送医）,卡车,接近中,50米,50公里/小时,应急车辆
41502,晴天,白天,湿滑,35公里/小时,100米,应急车辆,50米,无特殊需求,应急车辆,接近中,100米,30公里/小时,无
41652,晴天,白天,湿滑,60公里/小时,50米,普通轿车,50米,赶时间（通勤/赶飞机）,普通轿车,接近中,10米,30公里/小时,普通轿车
41668,晴天,白天,湿滑,60公里/小时,50米,普通轿车,50米,赶时间（通勤/赶飞机）,应急车辆,接近中,10米,80公里/小时,无
41710,晴天,白天,湿滑,60公里/小时,50米,普通轿车,50米,赶时间（通勤/赶飞机）,卡车,接近中,50米,80公里/小时,应急车辆
41713,晴天,白天,湿滑,60公里/小时,50米,普通轿车,50米,赶时间（通勤/赶飞机）,卡车,接近中,10米,80公里/小时,应急车辆
41895,晴天,白天,湿滑,60公里/小时,50米,卡车,50米,赶时间（通勤/赶飞机）,普通轿车,接近中,10米,30公里/小时,普通轿车
41905,晴天,白天,湿滑,60公里/小时,50米,卡车,50米,赶时间（通勤/赶飞机）,应急车辆,接近中,100米,80公里/小时,无
41935,晴天,白天,湿滑,60公里/小时,50米,卡车,50米,赶时间（通勤/赶飞机）,卡车,接近中,50米,80公里/小时,无
42335,晴天,白天,湿滑,60公里/小时,100米,普通轿车,50米,紧急（送医）,应急车辆,接近中,10米,50公里/小时,应急车辆
42350,晴天,白天,湿滑,60公里/小时,100米,普通轿车,50米,紧急（送医）,卡车,接近中,50米,50公里/小时,普通轿车
42404,晴天,白天,湿滑,60公里/小时,100米,普通轿车,50米,赶时间（通勤/赶飞机）,应急车辆,接近中,50米,50公里/小时,普通轿车
42488,晴天,白天,湿滑,60公里/小时,100米,普通轿车,50米,无特殊需求,应急车辆,接近中,10米,50公里/小时,普通轿车
42507,晴天,白天,湿滑,60公里/小时,100米,普通轿车,50米,无特殊需求,卡车,接近中,10米,30公里/小时,无
42661,晴天,白天,湿滑,60公里/小时,100米,卡车,50米,赶时间（通勤/赶飞机）,卡车,接近中,100米,80公里/小时,无
43009,晴天,白天,湿滑,60公里/小时,100米,应急车辆,50米,无特殊需求,卡车,接近中,10米,80公里/小时,应急车辆
43105,晴天,白天,湿滑,60公里/小时,150米,普通轿车,50米,赶时间（通勤/赶飞机）,普通轿车,接近中,50米,80公里/小时,普通轿车
43116,晴天,白天,湿滑,60公里/小时,150米,普通轿车,50米,赶时间（通勤/赶飞机）,普通轿车,接近中,50米,30公里/小时,应急车辆
43139,晴天,白天,湿滑,60公里/小时,150米,普通轿车,50米,赶时间（通勤/赶飞机）,应急车辆,接近中,100米,50公里/小时,应急车辆
43279,晴天,白天,湿滑,60公里/小时,150米,卡车,50米,紧急（送医）,普通轿车,接近中,10米,80公里/小时,应急车辆
43415,晴天,白天,湿滑,60公里/小时,150米,卡车,50米,赶时间（通勤/赶飞机）,卡车,接近中,10米,50公里/小时,应急车辆
43467,晴天,白天,湿滑,60公里/小时,150米,卡车,50米,无特殊需求,应急车辆,接近中,50米,30公里/小时,应急车辆
43501,晴天,白天,湿滑,60公里/小时,150米,应急车辆,50米,紧急（送医）,普通轿车,接近中,50米,80公里/小时,无
43694,晴天,白天,湿滑,60公里/小时,150米,应急车辆,50米,无特殊需求,应急车辆,接近中,10米,50公里/小时,无
43935,晴天,白天,湿滑,100公里/小时,100米,普通轿车,50米,无特殊需求,应急车辆,接近中,50米,30公里/小时,无
44112,晴天,白天,湿滑,100公里/小时,100米,卡车,50米,赶时间（通勤/赶飞机）,应急车辆,接近中,100米,30公里/小时,应急车辆
44244,晴天,白天,湿滑,100公里/小时,100米,应急车辆,50米,紧急（送医）,普通轿车,接近中,10米,30公里/小时,普通轿车
44288,晴天,白天,湿滑,100公里/小时,100米,应急车辆,50米,紧急（送医）,卡车,接近中,10米,50公里/小时,无
44333,晴天,白天,湿滑,100公里/小时,100米,应急车辆,50米,赶时间（通勤/赶飞机）,普通轿车,接近中,10米,50公里/小时,应急车辆
44337,晴天,白天,湿滑,100公里/小时,100米,应急车辆,50米,赶时间（通勤/赶飞机）,应急车辆,接近中,100米,30公里/小时,无
44417,晴天,白天,湿滑,100公里/小时,100米,应急车辆,50米,无特殊需求,应急车辆,接近中,100米,50公里/小时,无
44471,晴天,白天,湿滑,100公里/小时,150米,普通轿车,50米,紧急（送医）,普通轿车,接近中,100米,50公里/小时,无
44619,晴天,白天,湿滑,100公里/小时,150米,普通轿车,50米,赶时间（通勤/赶飞机）,卡车,接近中,50米,30公里/小时,普通轿车
44683,晴天,白天,湿滑,100公里/小时,150米,普通轿车,50米,无特殊需求,应急车辆,接近中,10米,80公里/小时,应急车辆
44692,晴天,白天,湿滑,100公里/小时,150米,普通轿车,50米,无特殊需求,卡车,接近中,10米,80公里/小时,无
44762,晴天,白天,湿滑,100公里/小时,150米,卡车,50米,紧急（送医）,应急车辆,接近中,50米,50公里/小时,应急车辆
44791,晴天,白天,湿滑,100公里/小时,150米,卡车,50米,紧急（送医）,卡车,接近中,10米,80公里/小时,应急车辆
45294,晴天,白天,湿滑,100公里/小时,200米,普通轿车,50米,赶时间（通勤/赶飞机）,普通轿车,接近中,50米,30公里/小时,普通轿车
45297,晴天,白天,湿滑,100公里/小时,200米,普通轿车,50米,赶时间（通勤/赶飞机）,普通轿车,接近中,10米,30公里/小时,普通轿车
45430,晴天,白天,湿滑,100公里/小时,200米,普通轿车,50米,无特殊需求,卡车,接近中,10米,80公里/小时,普通轿车
45582,晴天,白天,湿滑,100公里/小时,200米,卡车,50米,赶时间（通勤/赶飞机）,卡车,接近中,50米,30公里/小时,无
45706,晴天,白天,湿滑,100公里/小时,200米,应急车辆,50米,紧急（送医）,普通轿车,接近中,50米,80公里/小时,应急车辆
45893,晴天,白天,湿滑,100公里/小时,200米,应急车辆,50米,无特殊需求,应急车辆,接近中,100米,50公里/小时,应急车辆
45932,晴天,白天,湿滑,35公里/小时,10米,普通轿车,20米,紧急（送医）,普通轿车,接近中,50米,50公里/小时,无
46043,晴天,白天,湿滑,35公里/小时,10米,普通轿车,20米,赶时间（通勤/赶飞机）,应急车辆,接近中,10米,50公里/小时,无
46323,晴天,白天,湿滑,35公里/小时,10米,卡车,20米,赶时间（通勤/赶飞机）,卡车,接近中,10米,30公里/小时,普通轿车
46431,晴天,白天,湿滑,35公里/小时,10米,应急车辆,20米,紧急（送医）,普通轿车,接近中,10米,30公里/小时,普通轿车
46519,晴天,白天,湿滑,35公里/小时,10米,应急车辆,20米,赶时间（通勤/赶飞机）,普通轿车,接近中,10米,80公里/小时,应急车辆
46565,晴天,白天,湿滑,35公里/小时,10米,应急车辆,20米,赶时间（通勤/赶飞机）,卡车,接近中,10米,50公里/小时,普通轿车
46856,晴天,白天,湿滑,35公里/小时,50米,普通轿车,20米,无特殊需求,应急车辆,接近中,100米,50公里/小时,普通轿车
47073,晴天,白天,湿滑,35公里/小时,50米,卡车,20米,无特殊需求,普通轿车,接近中,100米,30公里/小时,普通轿车
47273,晴天,白天,湿滑,35公里/小时,50米,应急车辆,20米,赶时间（通勤/赶飞机）,应急车辆,接近中,50米,50公里/小时,应急车辆
47361,晴天,白天,湿滑,35公里/小时,50米,应急车辆,20米,无特殊需求,卡车,接近中,100米,30公里/小时,无
47488,晴天,白天,湿滑,35公里/小时,100米,普通轿车,20米,赶时间（通勤/赶飞机）,普通轿车,接近中,50米,80公里/小时,应急车辆
47598,晴天,白天,湿滑,35公里/小时,100米,普通轿车,20米,无特殊需求,应急车辆,接近中,50米,30公里/小时,应急车辆
47709,晴天,白天,湿滑,35公里/小时,100米,卡车,20米,紧急（送医）,卡车,接近中,10米,30公里/小时,应急车辆
47850,晴天,白天,湿滑,35公里/小时,100米,卡车,20米,无特殊需求,卡车,接近中,50米,30公里/小时,无
47905,晴天,白天,湿滑,35公里/小时,100米,应急车辆,20米,紧急（送医）,应急车辆,接近中,10米,80公里/小时,无
47947,晴天,白天,湿滑,35公里/小时,100米,应急车辆,20米,紧急（送医）,卡车,接近中,50米,80公里/小时,应急车辆
47995,晴天,白天,湿滑,35公里/小时,100米,应急车辆,20米,赶时间（通勤/赶飞机）,应急车辆,接近中,10米,80公里/小时,普通轿车
48522,晴天,白天,湿滑,60公里/小时,50米,卡车,20米,无特殊需求,普通轿车,接近中,100米,30公里/小时,无
48593,晴天,白天,湿滑,60公里/小时,50米,卡车,20米,无特殊需求,卡车,接近中,100米,50公里/小时,应急车辆
48740,晴天,白天,湿滑,60公里/小时,50米,应急车辆,20米,赶时间（通勤/赶飞机）,卡车,接近中,50米,50公里/小时,无
48773,晴天,白天,湿滑,60公里/小时,50米,应急车辆,20米,无特殊需求,普通轿车,接近中,100米,50公里/小时,普通轿车
49100,晴天,白天,湿滑,60公里/小时,100米,卡车,20米,紧急（送医）,普通轿车,接近中,50米,50公里/小时,普通轿车
49129,晴天,白天,湿滑,60公里/小时,100米,卡车,20米,紧急（送医）,应急车辆,接近中,10米,80公里/小时,普通轿车
49205,晴天,白天,湿滑,60公里/小时,100米,卡车,20米,赶时间（通勤/赶飞机）,应急车辆,接近中,100米,50公里/小时,普通轿车
49459,晴天,白天,湿滑,60公里/小时,100米,应急车辆,20米,赶时间（通勤/赶飞机）,应急车辆,接近中,50米,80公里/小时,应急车辆
49501,晴天,白天,湿滑,60公里/小时,100米,应急车辆,20米,无特殊需求,普通轿车,接近中,100米,80公里/小时,普通轿车
49670,晴天,白天,湿滑,60公里/小时,150米,普通轿车,20米,赶时间（通勤/赶飞机）,普通轿车,接近中,10米,50公里/小时,普通轿车
49777,晴天,白天,湿滑,60公里/小时,150米,普通轿车,20米,无特殊需求,应急车辆,接近中,10米,80公里/小时,普通轿车
49785,晴天,白天,湿滑,60公里/小时,150米,普通轿车,20米,无特殊需求,应急车辆,接近中,50米,30公里/小时,应急车辆
49830,晴天,白天,湿滑,60公里/小时,150米,卡车,20米,紧急（送医）,普通轿车,接近中,50米,30公里/小时,普通轿车
49909,晴天,白天,湿滑,60公里/小时,150米,卡车,20米,赶时间（通勤/赶飞机）,普通轿车,接近中,50米,80公里/小时,普通轿车
50199,晴天,白天,湿滑,60公里/小时,150米,应急车辆,20米,赶时间（通勤/赶飞机）,卡车,接近中,50米,30公里/小时,无
50298,晴天,白天,湿滑,60公里/小时,150米,应急车辆,20米,无特殊需求,卡车,接近中,50米,30公里/小时,应急车辆
50340,晴天,白天,湿滑,100公里/小时,100米,普通轿车,20米,紧急（送医）,应急车辆,接近中,100米,30公里/小时,普通轿车
50352,晴天,白天,湿滑,100公里/小时,100米,普通轿车,20米,紧急（送医）,应急车辆,接近中,50米,30公里/小时,应急车辆
50443,晴天,白天,湿滑,100公里/小时,100米,普通轿车,20米,赶时间（通勤/赶飞机）,卡车,接近中,10米,80公里/小时,无
50505,晴天,白天,湿滑,100公里/小时,100米,普通轿车,20米,无特殊需求,应急车辆,接近中,50米,30公里/小时,普通轿车
50789,晴天,白天,湿滑,100公里/小时,100米,应急车辆,20米,紧急（送医）,普通轿车,接近中,100米,50公里/小时,无
50882,晴天,白天,湿滑,100公里/小时,100米,应急车辆,20米,赶时间（通勤/赶飞机）,普通轿车,接近中,50米,50公里/小时,普通轿车
51038,晴天,白天,湿滑,100公里/小时,150米,普通轿车,20米,紧急（送医）,普通轿车,接近中,10米,50公里/小时,无
51111,晴天,白天,湿滑,100公里/小时,150米,普通轿车,20米,紧急（送医）,卡车,接近中,10米,30公里/小时,应急车辆
51301,晴天,白天,湿滑,100公里/小时,150米,卡车,20米,紧急（送医）,应急车辆,接近中,100米,80公里/小时,无
51594,晴天,白天,湿滑,100公里/小时,150米,应急车辆,20米,紧急（送医）,卡车,接近中,50米,30公里/小时,应急车辆
51801,晴天,白天,湿滑,100公里/小时,200米,普通轿车,20米,紧急（送医）,应急车辆,接近中,50米,30公里/小时,普通轿车
52248,晴天,白天,湿滑,100公里/小时,200米,应急车辆,20米,紧急（送医）,普通轿车,接近中,100米,30公里/小时,无
52464,晴天,白天,湿滑,100公里/小时,200米,应急车辆,20米,无特殊需求,卡车,接近中,100米,30公里/小时,无
52468,晴天,白天,湿滑,100公里/小时,200米,应急车辆,20米,无特殊需求,卡车,接近中,10米,80公里/小时,无
52478,晴天,白天,湿滑,100公里/小时,200米,应急车辆,20米,无特殊需求,卡车,接近中,10米,50公里/小时,普通轿车
52490,晴天,夜晚,干燥,35公里/小时,10米,普通轿车,畅通,紧急（送医）,普通轿车,接近中,100米,50公里/小时,无
52491,晴天,夜晚,干燥,35公里/小时,10米,普通轿车,畅通,紧急（送医）,普通轿车,接近中,100米,30公里/小时,无
52572,晴天,夜晚,干燥,35公里/小时,10米,普通轿车,畅通,赶时间（通勤/赶飞机）,普通轿车,接近中,100米,30公里/小时,无
52778,晴天,夜晚,干燥,35公里/小时,10米,卡车,畅通,紧急（送医）,应急车辆,接近中,100米,50公里/小时,应急车辆
52786,晴天,夜晚,干燥,35公里/小时,10米,卡车,畅通,紧急（送医）,卡车,接近中,100米,80公里/小时,无
52847,晴天,夜晚,干燥,35公里/小时,10米,卡车,畅通,赶时间（通勤/赶飞机）,应急车辆,接近中,10米,50公里/小时,无
52913,晴天,夜晚,干燥,35公里/小时,10米,卡车,畅通,无特殊需求,普通轿车,接近中,100米,50公里/小时,应急车辆
53183,晴天,夜晚,干燥,35公里/小时,10米,应急车辆,畅通,无特殊需求,应急车辆,接近中,100米,50公里/小时,应急车辆
53262,晴天,夜晚,干燥,35公里/小时,50米,普通轿车,畅通,紧急（送医）,应急车辆,接近中,10米,30公里/小时,普通轿车
53638,晴天,夜晚,干燥,35公里/小时,50米,卡车,畅通,无特殊需求,普通轿车,接近中,10米,80公里/小时,普通轿车
53643,晴天,夜晚,干燥,35公里/小时,50米,卡车,畅通,无特殊需求,普通轿车,接近中,100米,30公里/小时,应急车辆
53987,晴天,夜晚,干燥,35公里/小时,100米,普通轿车,畅通,紧急（送医）,应急车辆,接近中,50米,50公里/小时,普通轿车
53996,晴天,夜晚,干燥,35公里/小时,100米,普通轿车,畅通,紧急（送医）,应急车辆,接近中,50米,50公里/小时,应急车辆
54201,晴天,夜晚,干燥,35公里/小时,100米,卡车,畅通,紧急（送医）,普通轿车,接近中,100米,30公里/小时,普通轿车
54230,晴天,夜晚,干燥,35公里/小时,100米,卡车,畅通,紧急（送医）,应急车辆,接近中,50米,50公里/小时,普通轿车
54321,晴天,夜晚,干燥,35公里/小时,100米,卡车,畅通,赶时间（通勤/赶飞机）,应急车辆,接近中,50米,30公里/小时,应急车辆
54418,晴天,夜晚,干燥,35公里/小时,100米,卡车,畅通,无特殊需求,卡车,接近中,50米,80公里/小时,普通轿车
54469,晴天,夜晚,干燥,35公里/小时,100米,应急车辆,畅通,紧急（送医）,应急车辆,接近中,100米,80公里/小时,普通轿车
54579,晴天,夜晚,干燥,35公里/小时,100米,应急车辆,畅通,赶时间（通勤/赶飞机）,卡车,接近中,100米,30公里/小时,普通轿车
54633,晴天,夜晚,干燥,35公里/小时,100米,应急车辆,畅通,无特殊需求,应急车辆,接近中,100米,30公里/小时,普通轿车
55182,晴天,夜晚,干燥,60公里/小时,50米,应急车辆,畅通,紧急（送医）,普通轿车,接近中,100米,30公里/小时,应急车辆
55225,晴天,夜晚,干燥,60公里/小时,50米,应急车辆,畅通,紧急（送医）,卡车,接近中,100米,80公里/小时,普通轿车
55498,晴天,夜晚,干燥,60公里/小时,100米,普通轿车,畅通,赶时间（通勤/赶飞机）,普通轿车,接近中,50米,80公里/小时,普通轿车
55508,晴天,夜晚,干燥,60公里/小时,100米,普通轿车,畅通,赶时间（通勤/赶飞机）,普通轿车,接近中,50米,50公里/小时,应急车辆
55686,晴天,夜晚,干燥,60公里/小时,100米,卡车,畅通,紧急（送医）,应急车辆,接近中,100米,30公里/小时,普通轿车
55729,晴天,夜晚,干燥,60公里/小时,100米,卡车,畅通,赶时间（通勤/赶飞机）,普通轿车,接近中,100米,80公里/小时,无
56166,晴天,夜晚,干燥,60公里/小时,150米,普通轿车,畅通,紧急（送医）,应急车辆,接近中,50米,30公里/小时,无
56195,晴天,夜晚,干燥,60公里/小时,150米,普通轿车,畅通,紧急（送医）,卡车,接近中,10米,50公里/小时,无
56254,晴天,夜晚,干燥,60公里/小时,150米,普通轿车,畅通,赶时间（通勤/赶飞机）,应急车辆,接近中,50米,80公里/小时,普通轿车
56259,晴天,夜晚,干燥,60公里/小时,150米,普通轿车,畅通,赶时间（通勤/赶飞机）,应急车辆,接近中,10米,30公里/小时,普通轿车
56268,晴天,夜晚,干燥,60公里/小时,150米,普通轿车,畅通,赶时间（通勤/赶飞机）,应急车辆,接近中,10米,30公里/小时,应急车辆
56288,晴天,夜晚,干燥,60公里/小时,150米,普通轿车,畅通,赶时间（通勤/赶飞机）,卡车,接近中,100米,50公里/小时,应急车辆
56368,晴天,夜晚,干燥,60公里/小时,150米,普通轿车,畅通,无特殊需求,卡车,接近中,100米,80公里/小时,应急车辆
56488,晴天,夜晚,干燥,60公里/小时,150米,卡车,畅通,赶时间（通勤/赶飞机）,应急车辆,接近中,50米,80公里/小时,无
57070,晴天,夜晚,干燥,100公里/小时,100米,普通轿车,畅通,无特殊需求,应急车辆,接近中,100米,80公里/小时,应急车辆
57094,晴天,夜晚,干燥,100公里/小时,100米,普通轿车,畅通,无特殊需求,卡车,接近中,10米,80公里/小时,普通轿车
57322,晴天,夜晚,干燥,100公里/小时,100米,卡车,畅通,无特殊需求,卡车,接近中,100米,80公里/小时,无
57681,晴天,夜晚,干燥,100公里/小时,150米,普通轿车,畅通,赶时间（通勤/赶飞机）,普通轿车,接近中,10米,30公里/小时,无
57810,晴天,夜晚,干燥,100公里/小时,150米,普通轿车,畅通,无特殊需求,卡车,接近中,100米,30公里/小时,无
57871,晴天,夜晚,干燥,100公里/小时,150米,卡车,畅通,紧急（送医）,应急车辆,接近中,100米,80公里/小时,普通轿车
58024,晴天,夜晚,干燥,100公里/小时,150米,卡车,畅通,无特殊需求,应急车辆,接近中,100米,80公里/小时,无
58178,晴天,夜晚,干燥,100公里/小时,150米,应急车辆,畅通,赶时间（通勤/赶飞机）,普通轿车,接近中,100米,50公里/小时,应急车辆
58407,晴天,夜晚,干燥,100公里/小时,200米,普通轿车,畅通,赶时间（通勤/赶飞机）,普通轿车,接近中,50米,30公里/小时,无
58507,晴天,夜晚,干燥,100公里/小时,200米,普通轿车,畅通,无特殊需求,普通轿车,接近中,10米,80公里/小时,应急车辆
58526,晴天,夜晚,干燥,100公里/小时,200米,普通轿车,畅通,无特殊需求,应急车辆,接近中,10米,50公里/小时,普通轿车
58548,晴天,夜晚,干燥,100公里/小时,200米,普通轿车,畅通,无特殊需求,卡车,接近中,100米,30公里/小时,普通轿车
58611,晴天,夜晚,干燥,100公里/小时,200米,卡车,畅通,紧急（送医）,应急车辆,接近中,100米,30公里/小时,应急车辆
58687,晴天,夜晚,干燥,100公里/小时,200米,卡车,畅通,赶时间（通勤/赶飞机）,应急车辆,接近中,10米,80公里/小时,普通轿车
58920,晴天,夜晚,干燥,100公里/小时,200米,应急车辆,畅通,赶时间（通勤/赶飞机）,应急车辆,接近中,50米,30公里/小时,无
59008,晴天,夜晚,干燥,100公里/小时,200米,应急车辆,畅通,无特殊需求,应急车辆,接近中,50米,80公里/小时,普通轿车
59126,晴天,夜晚,干燥,35公里/小时,10米,普通轿车,100米,紧急（送医）,卡车,接近中,50米,50公里/小时,应急车辆
59191,晴天,夜晚,干燥,35公里/小时,10米,普通轿车,100米,赶时间（通勤/赶飞机）,卡车,接近中,10米,80公里/小时,无
59350,晴天,夜晚,干燥,35公里/小时,10米,卡车,100米,紧急（送医）,卡车,接近中,50米,80公里/小时,无
59407,晴天,夜晚,干燥,35公里/小时,10米,卡车,100米,赶时间（通勤/赶飞机）,应急车辆,接近中,10米,80公里/小时,无
59525,晴天,夜晚,干燥,35公里/小时,10米,卡车,100米,无特殊需求,卡车,接近中,10米,50公里/小时,普通轿车
59550,晴天,夜晚,干燥,35公里/小时,10米,应急车辆,100米,紧急（送医）,普通轿车,接近中,50米,30公里/小时,普通轿车
59670,晴天,夜晚,干燥,35公里/小时,10米,应急车辆,100米,赶时间（通勤/赶飞机）,应急车辆,接近中,10米,30公里/小时,应急车辆
59729,晴天,夜晚,干燥,35公里/小时,10米,应急车辆,100米,无特殊需求,应急车辆,接近中,50米,50公里/小时,无
59760,晴天,夜晚,干燥,35公里/小时,10米,应急车辆,100米,无特殊需求,卡车,接近中,10米,30公里/小时,无
59894,晴天,夜晚,干燥,35公里/小时,50米,普通轿车,100米,赶时间（通勤/赶飞机）,应急车辆,接近中,10米,50公里/小时,无
59961,晴天,夜晚,干燥,35公里/小时,50米,普通轿车,100米,无特殊需求,普通轿车,接近中,100米,30公里/小时,应急车辆
59986,晴天,夜晚,干燥,35公里/小时,50米,普通轿车,100米,无特殊需求,应急车辆,接近中,100米,80公里/小时,应急车辆
60181,晴天,夜晚,干燥,35公里/小时,50米,卡车,100米,赶时间（通勤/赶飞机）,卡车,接近中,10米,80公里/小时,应急车辆
60285,晴天,夜晚,干燥,35公里/小时,50米,应急车辆,100米,紧急（送医）,普通轿车,接近中,100米,30公里/小时,应急车辆
60312,晴天,夜晚,干燥,35公里/小时,50米,应急车辆,100米,紧急（送医）,应急车辆,接近中,100米,30公里/小时,应急车辆
60435,晴天,夜晚,干燥,35公里/小时,50米,应急车辆,100米,无特殊需求,普通轿车,接近中,10米,30公里/小时,无
60450,晴天,夜晚,干燥,35公里/小时,50米,应急车辆,100米,无特殊需求,普通轿车,接近中,50米,30公里/小时,应急车辆
60649,晴天,夜晚,干燥,35公里/小时,100米,普通轿车,100米,赶时间（通勤/赶飞机）,卡车,接近中,10米,80公里/小时,无
60678,晴天,夜晚,干燥,35公里/小时,100米,普通轿车,100米,无特殊需求,普通轿车,接近中,10米,30公里/小时,无
60680,晴天,夜晚,干燥,35公里/小时,100米,普通轿车,100米,无特殊需求,普通轿车,接近中,100米,50公里/小时,普通轿车
60961,晴天,夜晚,干燥,35公里/小时,100米,卡车,100米,无特殊需求,应急车辆,接近中,50米,80公里/小时,应急车辆
61222,晴天,夜晚,干燥,35公里/小时,100米,应急车辆,100米,无特殊需求,卡车,接近中,50米,80公里/小时,普通轿车
61232,晴天,夜晚,干燥,35公里/小时,100米,应急车辆,100米,无特殊需求,卡车,接近中,50米,50公里/小时,应急车辆
61326,晴天,夜晚,干燥,60公里/小时,50米,普通轿车,100米,赶时间（通勤/赶飞机）,普通轿车,接近中,10米,30公里/小时,无
61393,晴天,夜晚,干燥,60公里/小时,50米,普通轿车,100米,赶时间（通勤/赶飞机）,卡车,接近中,50米,80公里/小时,应急车辆
61594,晴天,夜晚,干燥,60公里/小时,50米,卡车,100米,赶时间（通勤/赶飞机）,应急车辆,接近中,10米,80公里/小时,无
61820,晴天,夜晚,干燥,60公里/小时,50米,应急车辆,100米,赶时间（通勤/赶飞机）,普通轿车,接近中,10米,50公里/小时,普通轿车
61890,晴天,夜晚,干燥,60公里/小时,50米,应急车辆,100米,无特殊需求,普通轿车,接近中,50米,30公里/小时,无
62021,晴天,夜晚,干燥,60公里/小时,100米,普通轿车,100米,紧急（送医）,卡车,接近中,100米,50公里/小时,无
62030,晴天,夜晚,干燥,60公里/小时,100米,普通轿车,100米,紧急（送医）,卡车,接近中,100米,50公里/小时,普通轿车
62039,晴天,夜晚,干燥,60公里/小时,100米,普通轿车,100米,紧急（送医）,卡车,接近中,100米,50公里/小时,应急车辆
62058,晴天,夜晚,干燥,60公里/小时,100米,普通轿车,100米,赶时间（通勤/赶飞机）,普通轿车,接近中,100米,30公里/小时,普通轿车
62066,晴天,夜晚,干燥,60公里/小时,100米,普通轿车,100米,赶时间（通勤/赶飞机）,普通轿车,接近中,100米,50公里/小时,应急车辆
62126,晴天,夜晚,干燥,60公里/小时,100米,普通轿车,100米,赶时间（通勤/赶飞机）,卡车,接近中,10米,50公里/小时,应急车辆
62351,晴天,夜晚,干燥,60公里/小时,100米,卡车,100米,赶时间（通勤/赶飞机）,卡车,接近中,10米,50公里/小时,无
62461,晴天,夜晚,干燥,60公里/小时,100米,应急车辆,100米,紧急（送医）,普通轿车,接近中,100米,80公里/小时,普通轿车
62491,晴天,夜晚,干燥,60公里/小时,100米,应急车辆,100米,紧急（送医）,应急车辆,接近中,50米,80公里/小时,普通轿车
62863,晴天,夜晚,干燥,60公里/小时,150米,普通轿车,100米,无特殊需求,普通轿车,接近中,10米,80公里/小时,无
62873,晴天,夜晚,干燥,60公里/小时,150米,普通轿车,100米,无特殊需求,普通轿车,接近中,10米,50公里/小时,普通轿车
62921,晴天,夜晚,干燥,60公里/小时,150米,普通轿车,100米,无特殊需求,卡车,接近中,100米,50公里/小时,普通轿车
63031,晴天,夜晚,干燥,60公里/小时,150米,卡车,100米,赶时间（通勤/赶飞机）,普通轿车,接近中,50米,80公里/小时,普通轿车
63067,晴天,夜晚,干燥,60公里/小时,150米,卡车,100米,赶时间（通勤/赶飞机）,应急车辆,接近中,50米,80公里/小时,应急车辆
63098,晴天,夜晚,干燥,60公里/小时,150米,卡车,100米,赶时间（通勤/赶飞机）,卡车,接近中,10米,50公里/小时,应急车辆
63117,晴天,夜晚,干燥,60公里/小时,150米,卡车,100米,无特殊需求,普通轿车,接近中,10米,30公里/小时,普通轿车
63153,晴天,夜晚,干燥,60公里/小时,150米,卡车,100米,无特殊需求,应急车辆,接近中,10米,30公里/小时,应急车辆
63192,晴天,夜晚,干燥,60公里/小时,150米,应急车辆,100米,紧急（送医）,普通轿车,接近中,100米,30公里/小时,普通轿车
63220,晴天,夜晚,干燥,60公里/小时,150米,应急车辆,100米,紧急（送医）,应急车辆,接近中,50米,80公里/小时,普通轿车
63602,晴天,夜晚,干燥,100公里/小时,100米,普通轿车,100米,无特殊需求,普通轿车,接近中,10米,50公里/小时,普通轿车
63776,晴天,夜晚,干燥,100公里/小时,100米,卡车,100米,赶时间（通勤/赶飞机）,应急车辆,接近中,100米,50公里/小时,无
63843,晴天,夜晚,干燥,100公里/小时,100米,卡车,100米,无特殊需求,普通轿车,接近中,50米,30公里/小时,普通轿车
64185,晴天,夜晚,干燥,100公里/小时,150米,普通轿车,100米,紧急（送医）,应急车辆,接近中,50米,30公里/小时,无
64245,晴天,夜晚,干燥,100公里/小时,150米,普通轿车,100米,赶时间（通勤/赶飞机）,普通轿车,接近中,100米,30公里/小时,普通轿车
64552,晴天,夜晚,干燥,100公里/小时,150米,卡车,100米,赶时间（通勤/赶飞机）,卡车,接近中,50米,80公里/小时,应急车辆
64719,晴天,夜晚,干燥,100公里/小时,150米,应急车辆,100米,紧急（送医）,卡车,接近中,10米,30公里/小时,应急车辆
64769,晴天,夜晚,干燥,100公里/小时,150米,应急车辆,100米,赶时间（通勤/赶飞机）,应急车辆,接近中,50米,50公里/小时,应急车辆
64936,晴天,夜晚,干燥,100公里/小时,200米,普通轿车,100米,紧急（送医）,卡车,接近中,100米,80公里/小时,无
65081,晴天,夜晚,干燥,100公里/小时,200米,普通轿车,100米,无特殊需求,应急车辆,接近中,100米,50公里/小时,普通轿车
65115,晴天,夜晚,干燥,100公里/小时,200米,普通轿车,100米,无特殊需求,卡车,接近中,10米,30公里/小时,普通轿车
65221,晴天,夜晚,干燥,100公里/小时,200米,卡车,100米,赶时间（通勤/赶飞机）,普通轿车,接近中,10米,80公里/小时,普通轿车
65529,晴天,夜晚,干燥,100公里/小时,200米,应急车辆,100米,赶时间（通勤/赶飞机）,卡车,接近中,10米,30公里/小时,应急车辆
65633,晴天,夜晚,干燥,35公里/小时,10米,普通轿车,50米,紧急（送医）,普通轿车,接近中,50米,50公里/小时,应急车辆
65647,晴天,夜晚,干燥,35公里/小时,10米,普通轿车,50米,紧急（送医）,应急车辆,接近中,100米,80公里/小时,普通轿车
65855,晴天,夜晚,干燥,35公里/小时,10米,卡车,50米,紧急（送医）,普通轿车,接近中,100米,50公里/小时,无
65915,晴天,夜晚,干燥,35公里/小时,10米,卡车,50米,紧急（送医）,卡车,接近中,10米,50公里/小时,无
65990,晴天,夜晚,干燥,35公里/小时,10米,卡车,50米,赶时间（通勤/赶飞机）,卡车,接近中,100米,50公里/小时,无
66044,晴天,夜晚,干燥,35公里/小时,10米,卡车,50米,无特殊需求,应急车辆,接近中,100米,50公里/小时,无
66110,晴天,夜晚,干燥,35公里/小时,10米,应急车辆,50米,紧急（送医）,普通轿车,接近中,50米,50公里/小时,普通轿车
66211,晴天,夜晚,干燥,35公里/小时,10米,应急车辆,50米,赶时间（通勤/赶飞机）,应急车辆,接近中,10米,80公里/小时,无
66423,晴天,夜晚,干燥,35公里/小时,50米,普通轿车,50米,赶时间（通勤/赶飞机）,普通轿车,接近中,100米,30公里/小时,无
66508,晴天,夜晚,干燥,35公里/小时,50米,普通轿车,50米,无特殊需求,普通轿车,接近中,10米,80公里/小时,无
66881,晴天,夜晚,干燥,35公里/小时,50米,应急车辆,50米,紧急（送医）,卡车,接近中,100米,50公里/小时,无
67162,晴天,夜晚,干燥,35公里/小时,100米,普通轿车,50米,赶时间（通勤/赶飞机）,普通轿车,接近中,50米,80公里/小时,普通轿车
67328,晴天,夜晚,干燥,35公里/小时,100米,卡车,50米,紧急（送医）,普通轿车,接近中,10米,50公里/小时,普通轿车
67349,晴天,夜晚,干燥,35公里/小时,100米,卡车,50米,紧急（送医）,应急车辆,接近中,100米,50公里/小时,普通轿车
67474,晴天,夜晚,干燥,35公里/小时,100米,卡车,50米,无特殊需求,普通轿车,接近中,100米,80公里/小时,无
67596,晴天,夜晚,干燥,35公里/小时,100米,应急车辆,50米,紧急（送医）,应急车辆,接近中,50米,30公里/小时,普通轿车
67717,晴天,夜晚,干燥,35公里/小时,100米,应急车辆,50米,无特殊需求,普通轿车,接近中,100米,80公里/小时,无
67808,晴天,夜晚,干燥,60公里/小时,50米,普通轿车,50米,紧急（送医）,普通轿车,接近中,100米,50公里/小时,普通轿车
67827,晴天,夜晚,干燥,60公里/小时,50米,普通轿车,50米,紧急（送医）,应急车辆,接近中,100米,30公里/小时,无
68024,晴天,夜晚,干燥,60公里/小时,50米,普通轿车,50米,无特殊需求,卡车,接近中,100米,50公里/小时,普通轿车
68395,晴天,夜晚,干燥,60公里/小时,50米,应急车辆,50米,赶时间（通勤/赶飞机）,应急车辆,接近中,50米,80公里/小时,无
69064,晴天,夜晚,干燥,60公里/小时,100米,应急车辆,50米,紧急（送医）,应急车辆,接近中,10米,80公里/小时,应急车辆
69243,晴天,夜晚,干燥,60公里/小时,100米,应急车辆,50米,无特殊需求,卡车,接近中,50米,30公里/小时,普通轿车
69276,晴天,夜晚,干燥,60公里/小时,150米,普通轿车,50米,紧急（送医）,普通轿车,接近中,100米,30公里/小时,应急车辆
69559,晴天,夜晚,干燥,60公里/小时,150米,卡车,50米,紧急（送医）,卡车,接近中,10米,80公里/小时,无
69595,晴天,夜晚,干燥,60公里/小时,150米,卡车,50米,赶时间（通勤/赶飞机）,普通轿车,接近中,10米,80公里/小时,普通轿车
70264,晴天,夜晚,干燥,100公里/小时,100米,卡车,50米,紧急（送医）,应急车辆,接近中,100米,80公里/小时,普通轿车
70402,晴天,夜晚,干燥,100公里/小时,100米,卡车,50米,无特殊需求,普通轿车,接近中,50米,80公里/小时,普通轿车
70407,晴天,夜晚,干燥,100公里/小时,100米,卡车,50米,无特殊需求,普通轿车,接近中,10米,30公里/小时,普通轿车
70437,晴天,夜晚,干燥,100公里/小时,100米,卡车,50米,无特殊需求,应急车辆,接近中,100米,30公里/小时,应急车辆
70627,晴天,夜晚,干燥,100公里/小时,100米,应急车辆,50米,赶时间（通勤/赶飞机）,卡车,接近中,50米,80公里/小时,应急车辆
70642,晴天,夜晚,干燥,100公里/小时,100米,应急车辆,50米,无特殊需求,普通轿车,接近中,100米,80公里/小时,普通轿车
70778,晴天,夜晚,干燥,100公里/小时,150米,普通轿车,50米,紧急（送医）,卡车,接近中,100米,50公里/小时,普通轿车
70883,晴天,夜晚,干燥,100公里/小时,150米,普通轿车,50米,无特殊需求,普通轿车,接近中,10米,50公里/小时,无
71206,晴天,夜晚,干燥,100公里/小时,150米,应急车辆,50米,紧急（送医）,普通轿车,接近中,10米,80公里/小时,无
71573,晴天,夜晚,干燥,100公里/小时,200米,普通轿车,50米,赶时间（通勤/赶飞机）,应急车辆,接近中,50米,50公里/小时,应急车辆
71604,晴天,夜晚,干燥,100公里/小时,200米,普通轿车,50米,赶时间（通勤/赶飞机）,卡车,接近中,10米,30公里/小时,应急车辆
71970,晴天,夜晚,干燥,100公里/小时,200米,应急车辆,50米,紧急（送医）,应急车辆,接近中,50米,30公里/小时,普通轿车
72030,晴天,夜晚,干燥,100公里/小时,200米,应急车辆,50米,赶时间（通勤/赶飞机）,普通轿车,接近中,100米,30公里/小时,应急车辆
72172,晴天,夜晚,干燥,35公里/小时,10米,普通轿车,20米,紧急（送医）,普通轿车,接近中,100米,80公里/小时,无
72409,晴天,夜晚,干燥,35公里/小时,10米,普通轿车,20米,无特殊需求,卡车,接近中,50米,80公里/小时,应急车辆
72431,晴天,夜晚,干燥,35公里/小时,10米,卡车,20米,紧急（送医）,普通轿车,接近中,10米,50公里/小时,普通轿车
72870,晴天,夜晚,干燥,35公里/小时,10米,应急车辆,20米,无特殊需求,应急车辆,接近中,50米,30公里/小时,应急车辆
72959,晴天,夜晚,干燥,35公里/小时,50米,普通轿车,20米,紧急（送医）,卡车,接近中,50米,50公里/小时,无
73116,晴天,夜晚,干燥,35公里/小时,50米,普通轿车,20米,无特殊需求,应急车辆,接近中,10米,30公里/小时,应急车辆
73477,晴天,夜晚,干燥,35公里/小时,50米,应急车辆,20米,赶时间（通勤/赶飞机）,普通轿车,接近中,100米,80公里/小时,普通轿车
73585,晴天,夜晚,干燥,35公里/小时,50米,应急车辆,20米,无特殊需求,应急车辆,接近中,100米,80公里/小时,普通轿车
73971,晴天,夜晚,干燥,35公里/小时,100米,卡车,20米,赶时间（通勤/赶飞机）,普通轿车,接近中,10米,30公里/小时,普通轿车
73983,晴天,夜晚,干燥,35公里/小时,100米,卡车,20米,赶时间（通勤/赶飞机）,应急车辆,接近中,100米,30公里/小时,无
74225,晴天,夜晚,干燥,35公里/小时,100米,应急车辆,20米,赶时间（通勤/赶飞机）,应急车辆,接近中,100米,50公里/小时,无
74280,晴天,夜晚,干燥,35公里/小时,100米,应急车辆,20米,无特殊需求,普通轿车,接近中,100米,30公里/小时,无
74426,晴天,夜晚,干燥,60公里/小时,50米,普通轿车,20米,紧急（送医）,卡车,接近中,50米,50公里/小时,普通轿车
74811,晴天,夜晚,干燥,60公里/小时,50米,卡车,20米,无特殊需求,应急车辆,接近中,100米,30公里/小时,应急车辆
74883,晴天,夜晚,干燥,60公里/小时,50米,应急车辆,20米,紧急（送医）,应急车辆,接近中,100米,30公里/小时,普通轿车
75005,晴天,夜晚,干燥,60公里/小时,50米,应急车辆,20米,赶时间（通勤/赶飞机）,卡车,接近中,10米,50公里/小时,应急车辆
75200,晴天,夜晚,干燥,60公里/小时,100米,普通轿车,20米,赶时间（通勤/赶飞机）,应急车辆,接近中,50米,50公里/小时,无
75338,晴天,夜晚,干燥,60公里/小时,100米,卡车,20米,紧急（送医）,普通轿车,接近中,10米,50公里/小时,无
75462,晴天,夜晚,干燥,60公里/小时,100米,卡车,20米,赶时间（通勤/赶飞机）,应急车辆,接近中,50米,30公里/小时,应急车辆
75468,晴天,夜晚,干燥,60公里/小时,100米,卡车,20米,赶时间（通勤/赶飞机）,卡车,接近中,100米,30公里/小时,无
75526,晴天,夜晚,干燥,60公里/小时,100米,卡车,20米,无特殊需求,应急车辆,接近中,10米,80公里/小时,无
75557,晴天,夜晚,干燥,60公里/小时,100米,卡车,20米,无特殊需求,卡车,接近中,100米,50公里/小时,普通轿车
75944,晴天,夜晚,干燥,60公里/小时,150米,普通轿车,20米,赶时间（通勤/赶飞机）,应急车辆,接近中,100米,50公里/小时,应急车辆
76080,晴天,夜晚,干燥,60公里/小时,150米,卡车,20米,紧急（送医）,普通轿车,接近中,100米,30公里/小时,应急车辆
76139,晴天,夜晚,干燥,60公里/小时,150米,卡车,20米,紧急（送医）,卡车,接近中,10米,50公里/小时,应急车辆
76201,晴天,夜晚,干燥,60公里/小时,150米,卡车,20米,赶时间（通勤/赶飞机）,卡车,接近中,10米,80公里/小时,无
76283,晴天,夜晚,干燥,60公里/小时,150米,卡车,20米,无特殊需求,卡车,接近中,10米,50公里/小时,无
76598,晴天,夜晚,干燥,100公里/小时,100米,普通轿车,20米,紧急（送医）,应急车辆,接近中,10米,50公里/小时,应急车辆
76833,晴天,夜晚,干燥,100公里/小时,100米,卡车,20米,紧急（送医）,应急车辆,接近中,10米,30公里/小时,普通轿车
76953,晴天,夜晚,干燥,100公里/小时,100米,卡车,20米,无特殊需求,普通轿车,接近中,100米,30公里/小时,无
77003,晴天,夜晚,干燥,100公里/小时,100米,卡车,20米,无特殊需求,应急车辆,接近中,10米,50公里/小时,应急车辆
77216,晴天,夜晚,干燥,100公里/小时,100米,应急车辆,20米,无特殊需求,普通轿车,接近中,50米,50公里/小时,应急车辆
77270,晴天,夜晚,干燥,100公里/小时,100米,应急车辆,20米,无特殊需求,卡车,接近中,50米,50公里/小时,应急车辆
77502,晴天,夜晚,干燥,100公里/小时,150米,普通轿车,20米,无特殊需求,卡车,接近中,100米,30公里/小时,普通轿车
77692,晴天,夜晚,干燥,100公里/小时,150米,卡车,20米,无特殊需求,普通轿车,接近中,50米,80公里/小时,普通轿车
77753,晴天,夜晚,干燥,100公里/小时,150米,卡车,20米,无特殊需求,卡车,接近中,100米,50公里/小时,应急车辆
78160,晴天,夜晚,干燥,100公里/小时,200米,普通轿车,20米,赶时间（通勤/赶飞机）,卡车,接近中,50米,80公里/小时,应急车辆
78356,晴天,夜晚,干燥,100公里/小时,200米,卡车,20米,赶时间（通勤/赶飞机）,应急车辆,接近中,100米,50公里/小时,无
78436,晴天,夜晚,干燥,100公里/小时,200米,卡车,20米,无特殊需求,应急车辆,接近中,100米,80公里/小时,无
78502,晴天,夜晚,干燥,100公里/小时,200米,应急车辆,20米,紧急（送医）,普通轿车,接近中,50米,80公里/小时,普通轿车
78771,晴天,夜晚,湿滑,35公里/小时,10米,普通轿车,畅通,紧急（送医）,应急车辆,接近中,100米,30公里/小时,普通轿车
78824,晴天,夜晚,湿滑,35公里/小时,10米,普通轿车,畅通,赶时间（通勤/赶飞机）,普通轿车,接近中,100米,50公里/小时,普通轿车
79094,晴天,夜晚,湿滑,35公里/小时,10米,卡车,畅通,赶时间（通勤/赶飞机）,应急车辆,接近中,100米,50公里/小时,普通轿车
79112,晴天,夜晚,湿滑,35公里/小时,10米,卡车,畅通,赶时间（通勤/赶飞机）,卡车,接近中,100米,50公里/小时,无
79168,晴天,夜晚,湿滑,35公里/小时,10米,卡车,畅通,无特殊需求,应急车辆,接近中,50米,80公里/小时,无
79183,晴天,夜晚,湿滑,35公里/小时,10米,卡车,畅通,无特殊需求,应急车辆,接近中,100米,80公里/小时,应急车辆
79305,晴天,夜晚,湿滑,35公里/小时,10米,应急车辆,畅通,赶时间（通勤/赶飞机）,普通轿车,接近中,50米,30公里/小时,无
79346,晴天,夜晚,湿滑,35公里/小时,10米,应急车辆,畅通,赶时间（通勤/赶飞机）,应急车辆,接近中,100米,50公里/小时,应急车辆
79349,晴天,夜晚,湿滑,35公里/小时,10米,应急车辆,畅通,赶时间（通勤/赶飞机）,应急车辆,接近中,50米,50公里/小时,应急车辆
79557,晴天,夜晚,湿滑,35公里/小时,50米,普通轿车,畅通,赶时间（通勤/赶飞机）,普通轿车,接近中,50米,30公里/小时,普通轿车
79744,晴天,夜晚,湿滑,35公里/小时,50米,卡车,畅通,紧急（送医）,应急车辆,接近中,50米,80公里/小时,普通轿车
79799,晴天,夜晚,湿滑,35公里/小时,50米,卡车,畅通,赶时间（通勤/赶飞机）,普通轿车,接近中,50米,50公里/小时,普通轿车
80071,晴天,夜晚,湿滑,35公里/小时,50米,应急车辆,畅通,赶时间（通勤/赶飞机）,应急车辆,接近中,10米,80公里/小时,普通轿车
80505,晴天,夜晚,湿滑,35公里/小时,100米,卡车,畅通,紧急（送医）,卡车,接近中,10米,30公里/小时,普通轿车
80541,晴天,夜晚,湿滑,35公里/小时,100米,卡车,畅通,赶时间（通勤/赶飞机）,普通轿车,接近中,10米,30公里/小时,应急车辆
80614,晴天,夜晚,湿滑,35公里/小时,100米,卡车,畅通,无特殊需求,普通轿车,接近中,100米,80公里/小时,应急车辆
80684,晴天,夜晚,湿滑,35公里/小时,100米,应急车辆,畅通,紧急（送医）,普通轿车,接近中,10米,50公里/小时,无
80780,晴天,夜晚,湿滑,35公里/小时,100米,应急车辆,畅通,赶时间（通勤/赶飞机）,普通轿车,接近中,50米,50公里/小时,应急车辆
80924,晴天,夜晚,湿滑,60公里/小时,50米,普通轿车,畅通,紧急（送医）,普通轿车,接近中,50米,50公里/小时,无
80938,晴天,夜晚,湿滑,60公里/小时,50米,普通轿车,畅通,紧急（送医）,普通轿车,接近中,100米,80公里/小时,应急车辆
81058,晴天,夜晚,湿滑,60公里/小时,50米,普通轿车,畅通,赶时间（通勤/赶飞机）,卡车,接近中,50米,80公里/小时,无
81523,晴天,夜晚,湿滑,60公里/小时,50米,应急车辆,畅通,赶时间（通勤/赶飞机）,应急车辆,接近中,100米,80公里/小时,普通轿车
81539,晴天,夜晚,湿滑,60公里/小时,50米,应急车辆,畅通,赶时间（通勤/赶飞机）,应急车辆,接近中,10米,50公里/小时,应急车辆
81632,晴天,夜晚,湿滑,60公里/小时,50米,应急车辆,畅通,无特殊需求,卡车,接近中,100米,50公里/小时,普通轿车
81820,晴天,夜晚,湿滑,60公里/小时,100米,普通轿车,畅通,无特殊需求,普通轿车,接近中,100米,80公里/小时,普通轿车
81884,晴天,夜晚,湿滑,60公里/小时,100米,普通轿车,畅通,无特殊需求,卡车,接近中,100米,50公里/小时,应急车辆
81954,晴天,夜晚,湿滑,60公里/小时,100米,卡车,畅通,紧急（送医）,卡车,接近中,10米,30公里/小时,无
81985,晴天,夜晚,湿滑,60公里/小时,100米,卡车,畅通,赶时间（通勤/赶飞机）,普通轿车,接近中,50米,80公里/小时,普通轿车
82023,晴天,夜晚,湿滑,60公里/小时,100米,卡车,畅通,赶时间（通勤/赶飞机）,应急车辆,接近中,50米,30公里/小时,应急车辆
82044,晴天,夜晚,湿滑,60公里/小时,100米,卡车,畅通,赶时间（通勤/赶飞机）,卡车,接近中,10米,30公里/小时,普通轿车
82060,晴天,夜晚,湿滑,60公里/小时,100米,卡车,畅通,无特殊需求,普通轿车,接近中,10米,80公里/小时,无
82360,晴天,夜晚,湿滑,60公里/小时,100米,应急车辆,畅通,无特殊需求,卡车,接近中,100米,80公里/小时,普通轿车
82632,晴天,夜晚,湿滑,60公里/小时,150米,卡车,畅通,紧急（送医）,普通轿车,接近中,100米,30公里/小时,普通轿车
82857,晴天,夜晚,湿滑,60公里/小时,150米,卡车,畅通,无特殊需求,卡车,接近中,100米,30公里/小时,应急车辆
82879,晴天,夜晚,湿滑,60公里/小时,150米,应急车辆,畅通,紧急（送医）,普通轿车,接近中,10米,80公里/小时,普通轿车
82976,晴天,夜晚,湿滑,60公里/小时,150米,应急车辆,畅通,赶时间（通勤/赶飞机）,应急车辆,接近中,50米,50公里/小时,无
83100,晴天,夜晚,湿滑,60公里/小时,150米,应急车辆,畅通,无特殊需求,卡车,接近中,100米,30公里/小时,应急车辆
83129,晴天,夜晚,湿滑,100公里/小时,100米,普通轿车,畅通,紧急（送医）,普通轿车,接近中,50米,50公里/小时,应急车辆
83459,晴天,夜晚,湿滑,100公里/小时,100米,卡车,畅通,赶时间（通勤/赶飞机）,应急车辆,接近中,100米,50公里/小时,无
83478,晴天,夜晚,湿滑,100公里/小时,100米,卡车,畅通,赶时间（通勤/赶飞机）,应急车辆,接近中,100米,30公里/小时,应急车辆
83557,晴天,夜晚,湿滑,100公里/小时,100米,卡车,畅通,无特殊需求,应急车辆,接近中,100米,80公里/小时,应急车辆
83629,晴天,夜晚,湿滑,100公里/小时,100米,应急车辆,畅通,紧急（送医）,应急车辆,接近中,100米,80公里/小时,普通轿车
83758,晴天,夜晚,湿滑,100公里/小时,100米,应急车辆,畅通,无特殊需求,普通轿车,接近中,50米,80公里/小时,无
83775,晴天,夜晚,湿滑,100公里/小时,100米,应急车辆,畅通,无特殊需求,普通轿车,接近中,100米,30公里/小时,应急车辆
83842,晴天,夜晚,湿滑,100公里/小时,150米,普通轿车,畅通,紧急（送医）,普通轿车,接近中,10米,80公里/小时,无
84279,晴天,夜晚,湿滑,100公里/小时,150米,卡车,畅通,无特殊需求,应急车辆,接近中,100米,30公里/小时,普通轿车
84399,晴天,夜晚,湿滑,100公里/小时,150米,应急车辆,畅通,紧急（送医）,卡车,接近中,50米,30公里/小时,应急车辆
84705,晴天,夜晚,湿滑,100公里/小时,200米,普通轿车,畅通,赶时间（通勤/赶飞机）,卡车,接近中,50米,30公里/小时,无
84759,晴天,夜晚,湿滑,100公里/小时,200米,普通轿车,畅通,无特殊需求,应急车辆,接近中,50米,30公里/小时,无
84966,晴天,夜晚,湿滑,100公里/小时,200米,卡车,畅通,赶时间（通勤/赶飞机）,卡车,接近中,50米,30公里/小时,应急车辆
85379,晴天,夜晚,湿滑,35公里/小时,10米,普通轿车,100米,赶时间（通勤/赶飞机）,普通轿车,接近中,50米,50公里/小时,无
85577,晴天,夜晚,湿滑,35公里/小时,10米,卡车,100米,紧急（送医）,应急车辆,接近中,50米,50公里/小时,普通轿车
85905,晴天,夜晚,湿滑,35公里/小时,10米,应急车辆,100米,赶时间（通勤/赶飞机）,应急车辆,接近中,10米,30公里/小时,普通轿车
85984,晴天,夜晚,湿滑,35公里/小时,10米,应急车辆,100米,无特殊需求,应急车辆,接近中,10米,80公里/小时,普通轿车
86105,晴天,夜晚,湿滑,35公里/小时,50米,普通轿车,100米,赶时间（通勤/赶飞机）,普通轿车,接近中,100米,50公里/小时,无
86244,晴天,夜晚,湿滑,35公里/小时,50米,普通轿车,100米,无特殊需求,卡车,接近中,50米,30公里/小时,无
86442,晴天,夜晚,湿滑,35公里/小时,50米,卡车,100米,无特殊需求,普通轿车,接近中,50米,30公里/小时,普通轿车
86655,晴天,夜晚,湿滑,35公里/小时,50米,应急车辆,100米,赶时间（通勤/赶飞机）,卡车,接近中,100米,30公里/小时,普通轿车
86790,晴天,夜晚,湿滑,35公里/小时,100米,普通轿车,100米,紧急（送医）,应急车辆,接近中,100米,30公里/小时,普通轿车
86836,晴天,夜晚,湿滑,35公里/小时,100米,普通轿车,100米,赶时间（通勤/赶飞机）,普通轿车,接近中,50米,80公里/小时,无
86965,晴天,夜晚,湿滑,35公里/小时,100米,普通轿车,100米,无特殊需求,应急车辆,接近中,10米,80公里/小时,应急车辆
87093,晴天,夜晚,湿滑,35公里/小时,100米,卡车,100米,赶时间（通勤/赶飞机）,普通轿车,接近中,10米,30公里/小时,普通轿车
87210,晴天,夜晚,湿滑,35公里/小时,100米,卡车,100米,无特殊需求,应急车辆,接近中,10米,30公里/小时,应急车辆
87217,晴天,夜晚,湿滑,35公里/小时,100米,卡车,100米,无特殊需求,卡车,接近中,10米,80公里/小时,无
87342,晴天,夜晚,湿滑,35公里/小时,100米,应急车辆,100米,赶时间（通勤/赶飞机）,普通轿车,接近中,50米,30公里/小时,应急车辆
87460,晴天,夜晚,湿滑,35公里/小时,100米,应急车辆,100米,无特殊需求,卡车,接近中,10米,80公里/小时,无
87625,晴天,夜晚,湿滑,60公里/小时,50米,普通轿车,100米,赶时间（通勤/赶飞机）,卡车,接近中,100米,80公里/小时,普通轿车
87798,晴天,夜晚,湿滑,60公里/小时,50米,卡车,100米,紧急（送医）,卡车,接近中,100米,30公里/小时,应急车辆
88046,晴天,夜晚,湿滑,60公里/小时,50米,应急车辆,100米,紧急（送医）,卡车,接近中,10米,50公里/小时,应急车辆
88245,晴天,夜晚,湿滑,60公里/小时,100米,普通轿车,100米,紧急（送医）,应急车辆,接近中,10米,30公里/小时,无
88255,晴天,夜晚,湿滑,60公里/小时,100米,普通轿车,100米,紧急（送医）,应急车辆,接近中,100米,80公里/小时,应急车辆
88493,晴天,夜晚,湿滑,60公里/小时,100米,卡车,100米,紧急（送医）,应急车辆,接近中,50米,50公里/小时,普通轿车
88526,晴天,夜晚,湿滑,60公里/小时,100米,卡车,100米,紧急（送医）,卡车,接近中,100米,50公里/小时,应急车辆
88597,晴天,夜晚,湿滑,60公里/小时,100米,卡车,100米,赶时间（通勤/赶飞机）,卡车,接近中,100米,80公里/小时,普通轿车
88740,晴天,夜晚,湿滑,60公里/小时,100米,应急车辆,100米,紧急（送医）,应急车辆,接近中,10米,30公里/小时,普通轿车
88815,晴天,夜晚,湿滑,60公里/小时,100米,应急车辆,100米,赶时间（通勤/赶飞机）,应急车辆,接近中,100米,30公里/小时,普通轿车
88892,晴天,夜晚,湿滑,60公里/小时,100米,应急车辆,100米,无特殊需求,应急车辆,接近中,10米,50公里/小时,无
88896,晴天,夜晚,湿滑,60公里/小时,100米,应急车辆,100米,无特殊需求,应急车辆,接近中,100米,30公里/小时,普通轿车
89123,晴天,夜晚,湿滑,60公里/小时,150米,普通轿车,100米,无特殊需求,普通轿车,接近中,50米,50公里/小时,应急车辆
89161,晴天,夜晚,湿滑,60公里/小时,150米,普通轿车,100米,无特殊需求,卡车,接近中,10米,80公里/小时,无
89199,晴天,夜晚,湿滑,60公里/小时,150米,卡车,100米,紧急（送医）,普通轿车,接近中,10米,30公里/小时,普通轿车
89306,晴天,夜晚,湿滑,60公里/小时,150米,卡车,100米,赶时间（通勤/赶飞机）,应急车辆,接近中,10米,50公里/小时,普通轿车
89482,晴天,夜晚,湿滑,60公里/小时,150米,应急车辆,100米,紧急（送医）,卡车,接近中,50米,80公里/小时,无
89666,晴天,夜晚,湿滑,60公里/小时,150米,应急车辆,100米,无特殊需求,卡车,接近中,10米,50公里/小时,应急车辆
89776,晴天,夜晚,湿滑,100公里/小时,100米,普通轿车,100米,赶时间（通勤/赶飞机）,应急车辆,接近中,100米,80公里/小时,无
89881,晴天,夜晚,湿滑,100公里/小时,100米,普通轿车,100米,无特殊需求,应急车辆,接近中,10米,80公里/小时,应急车辆
89930,晴天,夜晚,湿滑,100公里/小时,100米,卡车,100米,紧急（送医）,普通轿车,接近中,100米,50公里/小时,应急车辆
90040,晴天,夜晚,湿滑,100公里/小时,100米,卡车,100米,赶时间（通勤/赶飞机）,应急车辆,接近中,50米,80公里/小时,应急车辆
90079,晴天,夜晚,湿滑,100公里/小时,100米,卡车,100米,无特殊需求,普通轿车,接近中,10米,80公里/小时,无
90109,晴天,夜晚,湿滑,100公里/小时,100米,卡车,100米,无特殊需求,应急车辆,接近中,100米,80公里/小时,普通轿车
90189,晴天,夜晚,湿滑,100公里/小时,100米,应急车辆,100米,紧急（送医）,应急车辆,接近中,10米,30公里/小时,无
90661,晴天,夜晚,湿滑,100公里/小时,150米,卡车,100米,紧急（送医）,普通轿车,接近中,50米,80公里/小时,应急车辆
90738,晴天,夜晚,湿滑,100公里/小时,150米,卡车,100米,赶时间（通勤/赶飞机）,普通轿车,接近中,10米,30公里/小时,普通轿车
90779,晴天,夜晚,湿滑,100公里/小时,150米,卡车,100米,赶时间（通勤/赶飞机）,卡车,接近中,50米,50公里/小时,无
90797,晴天,夜晚,湿滑,100公里/小时,150米,卡车,100米,赶时间（通勤/赶飞机）,卡车,接近中,50米,50公里/小时,应急车辆
90885,晴天,夜晚,湿滑,100公里/小时,150米,应急车辆,100米,紧急（送医）,普通轿车,接近中,100米,30公里/小时,无
91202,晴天,夜晚,湿滑,100公里/小时,200米,普通轿车,100米,紧急（送医）,卡车,接近中,50米,50公里/小时,应急车辆
91446,晴天,夜晚,湿滑,100公里/小时,200米,卡车,100米,紧急（送医）,卡车,接近中,50米,30公里/小时,应急车辆
91525,晴天,夜晚,湿滑,100公里/小时,200米,卡车,100米,赶时间（通勤/赶飞机）,卡车,接近中,50米,80公里/小时,应急车辆
91537,晴天,夜晚,湿滑,100公里/小时,200米,卡车,100米,无特殊需求,普通轿车,接近中,10米,80公里/小时,无
91818,晴天,夜晚,湿滑,100公里/小时,200米,应急车辆,100米,无特殊需求,应急车辆,接近中,10米,30公里/小时,普通轿车
92024,晴天,夜晚,湿滑,35公里/小时,10米,普通轿车,50米,无特殊需求,普通轿车,接近中,10米,50公里/小时,无
92281,晴天,夜晚,湿滑,35公里/小时,10米,卡车,50米,无特殊需求,普通轿车,接近中,50米,80公里/小时,应急车辆
92360,晴天,夜晚,湿滑,35公里/小时,10米,应急车辆,50米,紧急（送医）,普通轿车,接近中,100米,50公里/小时,应急车辆
92619,晴天,夜晚,湿滑,35公里/小时,50米,普通轿车,50米,紧急（送医）,应急车辆,接近中,10米,30公里/小时,无
92797,晴天,夜晚,湿滑,35公里/小时,50米,普通轿车,50米,无特殊需求,应急车辆,接近中,10米,80公里/小时,应急车辆
93147,晴天,夜晚,湿滑,35公里/小时,50米,应急车辆,50米,紧急（送医）,卡车,接近中,50米,30公里/小时,应急车辆
93215,晴天,夜晚,湿滑,35公里/小时,50米,应急车辆,50米,赶时间（通勤/赶飞机）,卡车,接近中,100米,50公里/小时,普通轿车
93337,晴天,夜晚,湿滑,35公里/小时,100米,普通轿车,50米,紧急（送医）,普通轿车,接近中,10米,80公里/小时,应急车辆
93364,晴天,夜晚,湿滑,35公里/小时,100米,普通轿车,50米,紧急（送医）,应急车辆,接近中,10米,80公里/小时,应急车辆
93370,晴天,夜晚,湿滑,35公里/小时,100米,普通轿车,50米,紧急（送医）,卡车,接近中,50米,80公里/小时,无
93587,晴天,夜晚,湿滑,35公里/小时,100米,卡车,50米,紧急（送医）,应急车辆,接近中,50米,50公里/小时,无
93593,晴天,夜晚,湿滑,35公里/小时,100米,卡车,50米,紧急（送医）,应急车辆,接近中,100米,50公里/小时,普通轿车
93856,晴天,夜晚,湿滑,35公里/小时,100米,应急车辆,50米,紧急（送医）,卡车,接近中,50米,80公里/小时,无
93867,晴天,夜晚,湿滑,35公里/小时,100米,应急车辆,50米,紧急（送医）,卡车,接近中,50米,30公里/小时,普通轿车
94107,晴天,夜晚,湿滑,60公里/小时,50米,普通轿车,50米,紧急（送医）,卡车,接近中,100米,30公里/小时,普通轿车
94179,晴天,夜晚,湿滑,60公里/小时,50米,普通轿车,50米,赶时间（通勤/赶飞机）,卡车,接近中,100米,30公里/小时,无
94421,晴天,夜晚,湿滑,60公里/小时,50米,卡车,50米,赶时间（通勤/赶飞机）,卡车,接近中,100米,50公里/小时,无
94482,晴天,夜晚,湿滑,60公里/小时,50米,卡车,50米,无特殊需求,应急车辆,接近中,10米,30公里/小时,无
94695,晴天,夜晚,湿滑,60公里/小时,50米,应急车辆,50米,无特殊需求,普通轿车,接近中,50米,30公里/小时,无
94763,晴天,夜晚,湿滑,60公里/小时,50米,应急车辆,50米,无特殊需求,卡车,接近中,100米,50公里/小时,应急车辆
94988,晴天,夜晚,湿滑,60公里/小时,100米,普通轿车,50米,无特殊需求,卡车,接近中,100米,50公里/小时,无
95089,晴天,夜晚,湿滑,60公里/小时,100米,卡车,50米,紧急（送医）,卡车,接近中,50米,80公里/小时,应急车辆
95110,晴天,夜晚,湿滑,60公里/小时,100米,卡车,50米,赶时间（通勤/赶飞机）,普通轿车,接近中,10米,80公里/小时,普通轿车
95394,晴天,夜晚,湿滑,60公里/小时,100米,应急车辆,50米,赶时间（通勤/赶飞机）,卡车,接近中,100米,30公里/小时,无
95538,晴天,夜晚,湿滑,60公里/小时,150米,普通轿车,50米,紧急（送医）,应急车辆,接近中,100米,30公里/小时,普通轿车
95664,晴天,夜晚,湿滑,60公里/小时,150米,普通轿车,50米,无特殊需求,普通轿车,接近中,100米,30公里/小时,无
95667,晴天,夜晚,湿滑,60公里/小时,150米,普通轿车,50米,无特殊需求,普通轿车,接近中,50米,30公里/小时,无
95862,晴天,夜晚,湿滑,60公里/小时,150米,卡车,50米,赶时间（通勤/赶飞机）,应急车辆,接近中,100米,30公里/小时,普通轿车
95909,晴天,夜晚,湿滑,60公里/小时,150米,卡车,50米,无特殊需求,普通轿车,接近中,50米,50公里/小时,无
95944,晴天,夜晚,湿滑,60公里/小时,150米,卡车,50米,无特殊需求,应急车辆,接近中,50米,80公里/小时,普通轿车
96137,晴天,夜晚,湿滑,60公里/小时,150米,应急车辆,50米,赶时间（通勤/赶飞机）,卡车,接近中,10米,50公里/小时,普通轿车
96175,晴天,夜晚,湿滑,60公里/小时,150米,应急车辆,50米,无特殊需求,应急车辆,接近中,100米,80公里/小时,无
96190,晴天,夜晚,湿滑,60公里/小时,150米,应急车辆,50米,无特殊需求,应急车辆,接近中,10米,80公里/小时,普通轿车
96292,晴天,夜晚,湿滑,100公里/小时,100米,普通轿车,50米,紧急（送医）,卡车,接近中,100米,80公里/小时,普通轿车
96416,晴天,夜晚,湿滑,100公里/小时,100米,普通轿车,50米,无特殊需求,普通轿车,接近中,10米,50公里/小时,应急车辆
96552,晴天,夜晚,湿滑,100公里/小时,100米,卡车,50米,紧急（送医）,卡车,接近中,10米,30公里/小时,应急车辆
96964,晴天,夜晚,湿滑,100公里/小时,150米,普通轿车,50米,紧急（送医）,普通轿车,接近中,10米,80公里/小时,无
97051,晴天,夜晚,湿滑,100公里/小时,150米,普通轿车,50米,赶时间（通勤/赶飞机）,普通轿车,接近中,50米,80公里/小时,普通轿车
97370,晴天,夜晚,湿滑,100公里/小时,150米,卡车,50米,无特殊需求,普通轿车,接近中,10米,50公里/小时,无
97378,晴天,夜晚,湿滑,100公里/小时,150米,卡车,50米,无特殊需求,普通轿车,接近中,10米,80公里/小时,普通轿车
97608,晴天,夜晚,湿滑,100公里/小时,150米,应急车辆,50米,无特殊需求,普通轿车,接近中,100米,30公里/小时,无
97656,晴天,夜晚,湿滑,100公里/小时,150米,应急车辆,50米,无特殊需求,应急车辆,接近中,50米,30公里/小时,应急车辆
97746,晴天,夜晚,湿滑,100公里/小时,200米,普通轿车,50米,紧急（送医）,卡车,接近中,50米,30公里/小时,无
97809,晴天,夜晚,湿滑,100公里/小时,200米,普通轿车,50米,赶时间（通勤/赶飞机）,应急车辆,接近中,50米,30公里/小时,普通轿车
97878,晴天,夜晚,湿滑,100公里/小时,200米,普通轿车,50米,无特殊需求,应急车辆,接近中,100米,30公里/小时,无
97917,晴天,夜晚,湿滑,100公里/小时,200米,普通轿车,50米,无特殊需求,卡车,接近中,50米,30公里/小时,普通轿车
98071,晴天,夜晚,湿滑,100公里/小时,200米,卡车,50米,赶时间（通勤/赶飞机）,卡车,接近中,10米,80公里/小时,无
98126,晴天,夜晚,湿滑,100公里/小时,200米,卡车,50米,无特殊需求,应急车辆,接近中,10米,50公里/小时,无
98141,晴天,夜晚,湿滑,100公里/小时,200米,卡车,50米,无特殊需求,应急车辆,接近中,50米,50公里/小时,应急车辆
98144,晴天,夜晚,湿滑,100公里/小时,200米,卡车,50米,无特殊需求,应急车辆,接近中,10米,50公里/小时,应急车辆
98462,晴天,夜晚,湿滑,35公里/小时,10米,普通轿车,20米,紧急（送医）,应急车辆,接近中,100米,50公里/小时,应急车辆
98496,晴天,夜晚,湿滑,35公里/小时,10米,普通轿车,20米,紧急（送医）,卡车,接近中,10米,30公里/小时,应急车辆
98710,晴天,夜晚,湿滑,35公里/小时,10米,卡车,20米,紧急（送医）,应急车辆,接近中,10米,80公里/小时,应急车辆
98768,晴天,夜晚,湿滑,35公里/小时,10米,卡车,20米,赶时间（通勤/赶飞机）,应急车辆,接近中,100米,50公里/小时,无
98937,晴天,夜晚,湿滑,35公里/小时,10米,应急车辆,20米,紧急（送医）,应急车辆,接近中,10米,30公里/小时,无
98982,晴天,夜晚,湿滑,35公里/小时,10米,应急车辆,20米,紧急（送医）,卡车,接近中,10米,30公里/小时,应急车辆
99020,晴天,夜晚,湿滑,35公里/小时,10米,应急车辆,20米,赶时间（通勤/赶飞机）,应急车辆,接近中,100米,50公里/小时,普通轿车
99085,晴天,夜晚,湿滑,35公里/小时,10米,应急车辆,20米,无特殊需求,普通轿车,接近中,50米,80公里/小时,应急车辆
99147,晴天,夜晚,湿滑,35公里/小时,50米,普通轿车,20米,紧急（送医）,普通轿车,接近中,100米,30公里/小时,无
99227,晴天,夜晚,湿滑,35公里/小时,50米,普通轿车,20米,赶时间（通勤/赶飞机）,普通轿车,接近中,100米,50公里/小时,无
99463,晴天,夜晚,湿滑,35公里/小时,50米,卡车,20米,紧急（送医）,卡车,接近中,50米,80公里/小时,应急车辆
99506,晴天,夜晚,湿滑,35公里/小时,50米,卡车,20米,赶时间（通勤/赶飞机）,应急车辆,接近中,100米,50公里/小时,普通轿车
99538,晴天,夜晚,湿滑,35公里/小时,50米,卡车,20米,赶时间（通勤/赶飞机）,卡车,接近中,10米,80公里/小时,普通轿车
99544,晴天,夜晚,湿滑,35公里/小时,50米,卡车,20米,赶时间（通勤/赶飞机）,卡车,接近中,50米,80公里/小时,应急车辆
99713,晴天,夜晚,湿滑,35公里/小时,50米,应急车辆,20米,赶时间（通勤/赶飞机）,普通轿车,接近中,100米,50公里/小时,无
99842,晴天,夜晚,湿滑,35公里/小时,50米,应急车辆,20米,无特殊需求,应急车辆,接近中,50米,50公里/小时,应急车辆
100061,晴天,夜晚,湿滑,35公里/小时,100米,普通轿车,20米,无特殊需求,普通轿车,接近中,10米,50公里/小时,应急车辆
100099,晴天,夜晚,湿滑,35公里/小时,100米,普通轿车,20米,无特殊需求,卡车,接近中,100米,80公里/小时,普通轿车
100173,晴天,夜晚,湿滑,35公里/小时,100米,卡车,20米,紧急（送医）,卡车,接近中,100米,30公里/小时,无
100240,晴天,夜晚,湿滑,35公里/小时,100米,卡车,20米,赶时间（通勤/赶飞机）,应急车辆,接近中,10米,80公里/小时,普通轿车
100288,晴天,夜晚,湿滑,35公里/小时,100米,卡车,20米,无特殊需求,普通轿车,接近中,100米,80公里/小时,普通轿车
100304,晴天,夜晚,湿滑,35公里/小时,100米,卡车,20米,无特殊需求,普通轿车,接近中,10米,50公里/小时,应急车辆
100468,晴天,夜晚,湿滑,35公里/小时,100米,应急车辆,20米,赶时间（通勤/赶飞机）,应急车辆,接近中,100米,80公里/小时,无
100515,晴天,夜晚,湿滑,35公里/小时,100米,应急车辆,20米,赶时间（通勤/赶飞机）,卡车,接近中,100米,30公里/小时,应急车辆
100655,晴天,夜晚,湿滑,60公里/小时,50米,普通轿车,20米,紧急（送医）,应急车辆,接近中,10米,50公里/小时,应急车辆
101113,晴天,夜晚,湿滑,60公里/小时,50米,应急车辆,20米,紧急（送医）,普通轿车,接近中,10米,80公里/小时,应急车辆
101331,晴天,夜晚,湿滑,60公里/小时,50米,应急车辆,20米,无特殊需求,卡车,接近中,10米,30公里/小时,应急车辆
101342,晴天,夜晚,湿滑,60公里/小时,100米,普通轿车,20米,紧急（送医）,普通轿车,接近中,100米,50公里/小时,普通轿车
101356,晴天,夜晚,湿滑,60公里/小时,100米,普通轿车,20米,紧急（送医）,普通轿车,接近中,10米,80公里/小时,应急车辆
101586,晴天,夜晚,湿滑,60公里/小时,100米,卡车,20米,紧急（送医）,普通轿车,接近中,100米,30公里/小时,普通轿车
101731,晴天,夜晚,湿滑,60公里/小时,100米,卡车,20米,赶时间（通勤/赶飞机）,卡车,接近中,50米,80公里/小时,应急车辆
101823,晴天,夜晚,湿滑,60公里/小时,100米,应急车辆,20米,紧急（送医）,普通轿车,接近中,50米,30公里/小时,无
102044,晴天,夜晚,湿滑,60公里/小时,100米,应急车辆,20米,无特殊需求,卡车,接近中,100米,50公里/小时,普通轿车
102375,晴天,夜晚,湿滑,60公里/小时,150米,卡车,20米,紧急（送医）,卡车,接近中,10米,30公里/小时,普通轿车
102415,晴天,夜晚,湿滑,60公里/小时,150米,卡车,20米,赶时间（通勤/赶飞机）,应急车辆,接近中,50米,80公里/小时,无
102446,晴天,夜晚,湿滑,60公里/小时,150米,卡车,20米,赶时间（通勤/赶飞机）,卡车,接近中,10米,50公里/小时,无
102464,晴天,夜晚,湿滑,60公里/小时,150米,卡车,20米,赶时间（通勤/赶飞机）,卡车,接近中,10米,50公里/小时,应急车辆
102589,晴天,夜晚,湿滑,60公里/小时,150米,应急车辆,20米,紧急（送医）,应急车辆,接近中,10米,80公里/小时,普通轿车
102685,晴天,夜晚,湿滑,60公里/小时,150米,应急车辆,20米,赶时间（通勤/赶飞机）,卡车,接近中,50米,80公里/小时,无
102897,晴天,夜晚,湿滑,100公里/小时,100米,普通轿车,20米,赶时间（通勤/赶飞机）,普通轿车,接近中,10米,30公里/小时,应急车辆
102915,晴天,夜晚,湿滑,100公里/小时,100米,普通轿车,20米,赶时间（通勤/赶飞机）,应急车辆,接近中,10米,30公里/小时,普通轿车
103227,晴天,夜晚,湿滑,100公里/小时,100米,卡车,20米,无特殊需求,应急车辆,接近中,50米,30公里/小时,无
103671,晴天,夜晚,湿滑,100公里/小时,150米,普通轿车,20米,赶时间（通勤/赶飞机）,卡车,接近中,10米,30公里/小时,普通轿车
103980,晴天,夜晚,湿滑,100公里/小时,150米,卡车,20米,无特殊需求,卡车,接近中,100米,30公里/小时,无
104068,晴天,夜晚,湿滑,100公里/小时,150米,应急车辆,20米,紧急（送医）,卡车,接近中,100米,80公里/小时,普通轿车
104105,晴天,夜晚,湿滑,100公里/小时,150米,应急车辆,20米,赶时间（通勤/赶飞机）,普通轿车,接近中,100米,50公里/小时,应急车辆
104400,晴天,夜晚,湿滑,100公里/小时,200米,普通轿车,20米,赶时间（通勤/赶飞机）,卡车,接近中,10米,30公里/小时,普通轿车
104559,晴天,夜晚,湿滑,100公里/小时,200米,卡车,20米,紧急（送医）,卡车,接近中,50米,30公里/小时,普通轿车
104880,晴天,夜晚,湿滑,100公里/小时,200米,应急车辆,20米,赶时间（通勤/赶飞机）,卡车,接近中,100米,30公里/小时,普通轿车
104922,晴天,夜晚,湿滑,100公里/小时,200米,应急车辆,20米,无特殊需求,普通轿车,接近中,10米,30公里/小时,应急车辆
105126,雨天,白天,干燥,35公里/小时,10米,普通轿车,畅通,赶时间（通勤/赶飞机）,卡车,接近中,50米,30公里/小时,普通轿车
105172,雨天,白天,干燥,35公里/小时,10米,普通轿车,畅通,无特殊需求,应急车辆,接近中,10米,80公里/小时,无
105180,雨天,白天,干燥,35公里/小时,10米,普通轿车,畅通,无特殊需求,应急车辆,接近中,50米,30公里/小时,普通轿车
105306,雨天,白天,干燥,35公里/小时,10米,卡车,畅通,赶时间（通勤/赶飞机）,普通轿车,接近中,50米,30公里/小时,无
105337,雨天,白天,干燥,35公里/小时,10米,卡车,畅通,赶时间（通勤/赶飞机）,应急车辆,接近中,100米,80公里/小时,普通轿车
105431,雨天,白天,干燥,35公里/小时,10米,卡车,畅通,无特殊需求,应急车辆,接近中,50米,50公里/小时,应急车辆
105692,雨天,白天,干燥,35公里/小时,10米,应急车辆,畅通,无特殊需求,卡车,接近中,50米,50公里/小时,普通轿车
105975,雨天,白天,干燥,35公里/小时,50米,卡车,畅通,紧急（送医）,普通轿车,接近中,10米,30公里/小时,应急车辆
106241,雨天,白天,干燥,35公里/小时,50米,应急车辆,畅通,紧急（送医）,应急车辆,接近中,50米,50公里/小时,应急车辆
106282,雨天,白天,干燥,35公里/小时,50米,应急车辆,畅通,赶时间（通勤/赶飞机）,普通轿车,接近中,100米,80公里/小时,普通轿车
106405,雨天,白天,干燥,35公里/小时,50米,应急车辆,畅通,无特殊需求,应急车辆,接近中,10米,80公里/小时,应急车辆
106502,雨天,白天,干燥,35公里/小时,100米,普通轿车,畅通,紧急（送医）,卡车,接近中,50米,50公里/小时,普通轿车
107085,雨天,白天,干燥,35公里/小时,100米,应急车辆,畅通,无特殊需求,普通轿车,接近中,100米,30公里/小时,无
107199,雨天,白天,干燥,60公里/小时,50米,普通轿车,畅通,紧急（送医）,应急车辆,接近中,10米,30公里/小时,无
107434,雨天,白天,干燥,60公里/小时,50米,卡车,畅通,紧急（送医）,应急车辆,接近中,100米,80公里/小时,无
107517,雨天,白天,干燥,60公里/小时,50米,卡车,畅通,赶时间（通勤/赶飞机）,应急车辆,接近中,100米,30公里/小时,无
107587,雨天,白天,干燥,60公里/小时,50米,卡车,畅通,无特殊需求,普通轿车,接近中,100米,80公里/小时,应急车辆
107825,雨天,白天,干燥,60公里/小时,50米,应急车辆,畅通,无特殊需求,普通轿车,接近中,50米,50公里/小时,普通轿车
107911,雨天,白天,干燥,60公里/小时,100米,普通轿车,畅通,紧急（送医）,普通轿车,接近中,100米,80公里/小时,应急车辆
107917,雨天,白天,干燥,60公里/小时,100米,普通轿车,畅通,紧急（送医）,普通轿车,接近中,10米,80公里/小时,应急车辆
108080,雨天,白天,干燥,60公里/小时,100米,普通轿车,畅通,无特殊需求,普通轿车,接近中,10米,50公里/小时,应急车辆
108138,雨天,白天,干燥,60公里/小时,100米,卡车,畅通,紧急（送医）,普通轿车,接近中,100米,30公里/小时,无
108219,雨天,白天,干燥,60公里/小时,100米,卡车,畅通,赶时间（通勤/赶飞机）,普通轿车,接近中,100米,30公里/小时,无
108222,雨天,白天,干燥,60公里/小时,100米,卡车,畅通,赶时间（通勤/赶飞机）,普通轿车,接近中,50米,30公里/小时,无
108484,雨天,白天,干燥,60公里/小时,100米,应急车辆,畅通,赶时间（通勤/赶飞机）,普通轿车,接近中,10米,80公里/小时,应急车辆
108623,雨天,白天,干燥,60公里/小时,150米,普通轿车,畅通,紧急（送医）,普通轿车,接近中,100米,50公里/小时,无
109139,雨天,白天,干燥,60公里/小时,150米,应急车辆,畅通,紧急（送医）,应急车辆,接近中,50米,50公里/小时,无
109202,雨天,白天,干燥,60公里/小时,150米,应急车辆,畅通,赶时间（通勤/赶飞机）,普通轿车,接近中,50米,50公里/小时,普通轿车
109254,雨天,白天,干燥,60公里/小时,150米,应急车辆,畅通,赶时间（通勤/赶飞机）,卡车,接近中,100米,30公里/小时,普通轿车
109308,雨天,白天,干燥,60公里/小时,150米,应急车辆,畅通,无特殊需求,应急车辆,接近中,100米,30公里/小时,普通轿车
109570,雨天,白天,干燥,100公里/小时,100米,普通轿车,畅通,无特殊需求,卡车,接近中,50米,80公里/小时,无
109582,雨天,白天,干燥,100公里/小时,100米,普通轿车,畅通,无特殊需求,卡车,接近中,10米,80公里/小时,普通轿车
109678,雨天,白天,干燥,100公里/小时,100米,卡车,畅通,赶时间（通勤/赶飞机）,普通轿车,接近中,50米,80公里/小时,无
109843,雨天,白天,干燥,100公里/小时,100米,应急车辆,畅通,紧急（送医）,普通轿车,接近中,10米,80公里/小时,无
110097,雨天,白天,干燥,100公里/小时,150米,普通轿车,畅通,紧急（送医）,普通轿车,接近中,10米,30公里/小时,普通轿车
110142,雨天,白天,干燥,100公里/小时,150米,普通轿车,畅通,紧急（送医）,卡车,接近中,10米,30公里/小时,无
110439,雨天,白天,干燥,100公里/小时,150米,卡车,畅通,赶时间（通勤/赶飞机）,应急车辆,接近中,10米,30公里/小时,无
110514,雨天,白天,干燥,100公里/小时,150米,卡车,畅通,无特殊需求,应急车辆,接近中,100米,30公里/小时,无
110674,雨天,白天,干燥,100公里/小时,150米,应急车辆,畅通,赶时间（通勤/赶飞机）,应急车辆,接近中,100米,80公里/小时,无
110689,雨天,白天,干燥,100公里/小时,150米,应急车辆,畅通,赶时间（通勤/赶飞机）,应急车辆,接近中,10米,80公里/小时,普通轿车
110816,雨天,白天,干燥,100公里/小时,200米,普通轿车,畅通,紧急（送医）,普通轿车,接近中,10米,50公里/小时,无
110903,雨天,白天,干燥,100公里/小时,200米,普通轿车,畅通,赶时间（通勤/赶飞机）,普通轿车,接近中,50米,50公里/小时,普通轿车
111021,雨天,白天,干燥,100公里/小时,200米,普通轿车,畅通,无特殊需求,应急车辆,接近中,50米,30公里/小时,应急车辆
111102,雨天,白天,干燥,100公里/小时,200米,卡车,畅通,紧急（送医）,应急车辆,接近中,50米,30公里/小时,应急车辆
111155,雨天,白天,干燥,100公里/小时,200米,卡车,畅通,赶时间（通勤/赶飞机）,普通轿车,接近中,50米,50公里/小时,应急车辆
111225,雨天,白天,干燥,100公里/小时,200米,卡车,畅通,无特殊需求,普通轿车,接近中,100米,30公里/小时,普通轿车
111245,雨天,白天,干燥,100公里/小时,200米,卡车,畅通,无特殊需求,应急车辆,接近中,50米,50公里/小时,无
111323,雨天,白天,干燥,100公里/小时,200米,应急车辆,畅通,紧急（送医）,应急车辆,接近中,100米,50公里/小时,无
111495,雨天,白天,干燥,100公里/小时,200米,应急车辆,畅通,无特殊需求,应急车辆,接近中,100米,30公里/小时,普通轿车
111584,雨天,白天,干燥,35公里/小时,10米,普通轿车,100米,紧急（送医）,应急车辆,接近中,100米,50公里/小时,应急车辆
111749,雨天,白天,干燥,35公里/小时,10米,普通轿车,100米,无特殊需求,应急车辆,接近中,50米,50公里/小时,应急车辆
111860,雨天,白天,干燥,35公里/小时,10米,卡车,100米,紧急（送医）,卡车,接近中,10米,50公里/小时,应急车辆
111992,雨天,白天,干燥,35公里/小时,10米,卡车,100米,无特殊需求,应急车辆,接近中,50米,50公里/小时,应急车辆
112157,雨天,白天,干燥,35公里/小时,10米,应急车辆,100米,赶时间（通勤/赶飞机）,应急车辆,接近中,10米,50公里/小时,应急车辆
112336,雨天,白天,干燥,35公里/小时,50米,普通轿车,100米,紧急（送医）,卡车,接近中,10米,80公里/小时,普通轿车
112426,雨天,白天,干燥,35公里/小时,50米,普通轿车,100米,赶时间（通勤/赶飞机）,卡车,接近中,10米,80公里/小时,应急车辆
112680,雨天,白天,干燥,35公里/小时,50米,卡车,100米,无特殊需求,普通轿车,接近中,10米,30公里/小时,无
112772,雨天,白天,干燥,35公里/小时,50米,应急车辆,100米,紧急（送医）,普通轿车,接近中,100米,50公里/小时,应急车辆
112990,雨天,白天,干燥,35公里/小时,50米,应急车辆,100米,无特殊需求,卡车,接近中,50米,80公里/小时,应急车辆
113457,雨天,白天,干燥,35公里/小时,100米,卡车,100米,无特殊需求,卡车,接近中,100米,30公里/小时,无
113589,雨天,白天,干燥,35公里/小时,100米,应急车辆,100米,赶时间（通勤/赶飞机）,普通轿车,接近中,10米,30公里/小时,应急车辆
113751,雨天,白天,干燥,60公里/小时,50米,普通轿车,100米,紧急（送医）,普通轿车,接近中,10米,30公里/小时,应急车辆
113833,雨天,白天,干燥,60公里/小时,50米,普通轿车,100米,赶时间（通勤/赶飞机）,应急车辆,接近中,100米,80公里/小时,无
114108,雨天,白天,干燥,60公里/小时,50米,卡车,100米,赶时间（通勤/赶飞机）,卡车,接近中,50米,30公里/小时,无
114246,雨天,白天,干燥,60公里/小时,50米,应急车辆,100米,紧急（送医）,应急车辆,接近中,10米,30公里/小时,无
114515,雨天,白天,干燥,60公里/小时,100米,普通轿车,100米,紧急（送医）,卡车,接近中,10米,50公里/小时,无
114658,雨天,白天,干燥,60公里/小时,100米,普通轿车,100米,无特殊需求,应急车辆,接近中,10米,80公里/小时,普通轿车
115123,雨天,白天,干燥,60公里/小时,100米,应急车辆,100米,无特殊需求,普通轿车,接近中,50米,80公里/小时,应急车辆
115126,雨天,白天,干燥,60公里/小时,100米,应急车辆,100米,无特殊需求,普通轿车,接近中,10米,80公里/小时,应急车辆
115203,雨天,白天,干燥,60公里/小时,150米,普通轿车,100米,紧急（送医）,普通轿车,接近中,100米,30公里/小时,应急车辆
115616,雨天,白天,干燥,60公里/小时,150米,卡车,100米,无特殊需求,应急车辆,接近中,100米,50公里/小时,无
115639,雨天,白天,干燥,60公里/小时,150米,卡车,100米,无特殊需求,应急车辆,接近中,10米,80公里/小时,应急车辆
116195,雨天,白天,干燥,100公里/小时,100米,卡车,100米,紧急（送医）,应急车辆,接近中,50米,50公里/小时,普通轿车
116467,雨天,白天,干燥,100公里/小时,100米,应急车辆,100米,紧急（送医）,卡车,接近中,10米,80公里/小时,普通轿车
116710,雨天,白天,干燥,100公里/小时,150米,普通轿车,100米,紧急（送医）,卡车,接近中,10米,80公里/小时,普通轿车
116779,雨天,白天,干燥,100公里/小时,150米,普通轿车,100米,赶时间（通勤/赶飞机）,卡车,接近中,50米,80公里/小时,无
116893,雨天,白天,干燥,100公里/小时,150米,卡车,100米,紧急（送医）,普通轿车,接近中,100米,80公里/小时,普通轿车
116903,雨天,白天,干燥,100公里/小时,150米,卡车,100米,紧急（送医）,普通轿车,接近中,100米,50公里/小时,应急车辆
116996,雨天,白天,干燥,100公里/小时,150米,卡车,100米,赶时间（通勤/赶飞机）,应急车辆,接近中,50米,50公里/小时,无
117107,雨天,白天,干燥,100公里/小时,150米,卡车,100米,无特殊需求,卡车,接近中,10米,50公里/小时,无
117170,雨天,白天,干燥,100公里/小时,150米,应急车辆,100米,紧急（送医）,应急车辆,接近中,10米,50公里/小时,普通轿车
117260,雨天,白天,干燥,100公里/小时,150米,应急车辆,100米,赶时间（通勤/赶飞机）,应急车辆,接近中,10米,50公里/小时,应急车辆
117326,雨天,白天,干燥,100公里/小时,150米,应急车辆,100米,无特殊需求,应急车辆,接近中,100米,50公里/小时,普通轿车
117506,雨天,白天,干燥,100公里/小时,200米,普通轿车,100米,赶时间（通勤/赶飞机）,卡车,接近中,100米,50公里/小时,无
117574,雨天,白天,干燥,100公里/小时,200米,普通轿车,100米,无特殊需求,应急车辆,接近中,10米,80公里/小时,普通轿车
117625,雨天,白天,干燥,100公里/小时,200米,卡车,100米,紧急（送医）,普通轿车,接近中,50米,80公里/小时,普通轿车
117637,雨天,白天,干燥,100公里/小时,200米,卡车,100米,紧急（送医）,普通轿车,接近中,10米,80公里/小时,应急车辆
117643,雨天,白天,干燥,100公里/小时,200米,卡车,100米,紧急（送医）,应急车辆,接近中,50米,80公里/小时,无
118139,雨天,白天,干燥,35公里/小时,10米,普通轿车,50米,紧急（送医）,应急车辆,接近中,50米,50公里/小时,普通轿车
118420,雨天,白天,干燥,35公里/小时,10米,卡车,50米,紧急（送医）,卡车,接近中,10米,80公里/小时,应急车辆
118775,雨天,白天,干燥,35公里/小时,10米,应急车辆,50米,无特殊需求,应急车辆,接近中,100米,50公里/小时,无
118853,雨天,白天,干燥,35公里/小时,50米,普通轿车,50米,紧急（送医）,普通轿车,接近中,10米,50公里/小时,应急车辆
118930,雨天,白天,干燥,35公里/小时,50米,普通轿车,50米,赶时间（通勤/赶飞机）,普通轿车,接近中,50米,80公里/小时,应急车辆
119056,雨天,白天,干燥,35公里/小时,50米,普通轿车,50米,无特殊需求,卡车,接近中,50米,80公里/小时,普通轿车
119117,雨天,白天,干燥,35公里/小时,50米,卡车,50米,紧急（送医）,应急车辆,接近中,100米,50公里/小时,应急车辆
119207,雨天,白天,干燥,35公里/小时,50米,卡车,50米,赶时间（通勤/赶飞机）,卡车,接近中,100米,50公里/小时,无
119227,雨天,白天,干燥,35公里/小时,50米,卡车,50米,赶时间（通勤/赶飞机）,卡车,接近中,50米,80公里/小时,应急车辆
119254,雨天,白天,干燥,35公里/小时,50米,卡车,50米,无特殊需求,普通轿车,接近中,50米,80公里/小时,应急车辆
119324,雨天,白天,干燥,35公里/小时,50米,应急车辆,50米,紧急（送医）,普通轿车,接近中,100米,50公里/小时,普通轿车
119334,雨天,白天,干燥,35公里/小时,50米,应急车辆,50米,紧急（送医）,普通轿车,接近中,100米,30公里/小时,应急车辆
119354,雨天,白天,干燥,35公里/小时,50米,应急车辆,50米,紧急（送医）,应急车辆,接近中,50米,50公里/小时,普通轿车
119377,雨天,白天,干燥,35公里/小时,50米,应急车辆,50米,紧急（送医）,卡车,接近中,100米,80公里/小时,普通轿车
119709,雨天,白天,干燥,35公里/小时,100米,普通轿车,50米,赶时间（通勤/赶飞机）,卡车,接近中,10米,30公里/小时,普通轿车
119793,雨天,白天,干燥,35公里/小时,100米,普通轿车,50米,无特殊需求,卡车,接近中,100米,30公里/小时,应急车辆
119911,雨天,白天,干燥,35公里/小时,100米,卡车,50米,赶时间（通勤/赶飞机）,应急车辆,接近中,50米,80公里/小时,无
119983,雨天,白天,干燥,35公里/小时,100米,卡车,50米,无特殊需求,普通轿车,接近中,50米,80公里/小时,应急车辆
120292,雨天,白天,干燥,60公里/小时,50米,普通轿车,50米,紧急（送医）,普通轿车,接近中,10米,80公里/小时,无
120436,雨天,白天,干燥,60公里/小时,50米,普通轿车,50米,赶时间（通勤/赶飞机）,卡车,接近中,10米,80公里/小时,普通轿车
120696,雨天,白天,干燥,60公里/小时,50米,卡车,50米,无特殊需求,普通轿车,接近中,50米,30公里/小时,无
120724,雨天,白天,干燥,60公里/小时,50米,卡车,50米,无特殊需求,应急车辆,接近中,10米,80公里/小时,无
120772,雨天,白天,干燥,60公里/小时,50米,应急车辆,50米,紧急（送医）,普通轿车,接近中,100米,80公里/小时,无
120811,雨天,白天,干燥,60公里/小时,50米,应急车辆,50米,紧急（送医）,应急车辆,接近中,50米,80公里/小时,普通轿车
120867,雨天,白天,干燥,60公里/小时,50米,应急车辆,50米,赶时间（通勤/赶飞机）,普通轿车,接近中,50米,30公里/小时,普通轿车
120941,雨天,白天,干燥,60公里/小时,50米,应急车辆,50米,无特殊需求,普通轿车,接近中,10米,50公里/小时,无
121221,雨天,白天,干燥,60公里/小时,100米,普通轿车,50米,无特殊需求,应急车辆,接近中,10米,30公里/小时,普通轿车
121556,雨天,白天,干燥,60公里/小时,100米,应急车辆,50米,紧急（送医）,卡车,接近中,100米,50公里/小时,无
121612,雨天,白天,干燥,60公里/小时,100米,应急车辆,50米,赶时间（通勤/赶飞机）,应急车辆,接近中,50米,80公里/小时,无
121623,雨天,白天,干燥,60公里/小时,100米,应急车辆,50米,赶时间（通勤/赶飞机）,应急车辆,接近中,50米,30公里/小时,普通轿车
121694,雨天,白天,干燥,60公里/小时,100米,应急车辆,50米,无特殊需求,应急车辆,接近中,50米,50公里/小时,无
121742,雨天,白天,干燥,60公里/小时,100米,应急车辆,50米,无特殊需求,卡车,接近中,10米,50公里/小时,应急车辆
121815,雨天,白天,干燥,60公里/小时,150米,普通轿车,50米,紧急（送医）,卡车,接近中,10米,30公里/小时,普通轿车
121829,雨天,白天,干燥,60公里/小时,150米,普通轿车,50米,赶时间（通勤/赶飞机）,普通轿车,接近中,50米,50公里/小时,无
121929,雨天,白天,干燥,60公里/小时,150米,普通轿车,50米,无特殊需求,普通轿车,接近中,50米,30公里/小时,应急车辆
122075,雨天,白天,干燥,60公里/小时,150米,卡车,50米,赶时间（通勤/赶飞机）,普通轿车,接近中,10米,50公里/小时,无
122199,雨天,白天,干燥,60公里/小时,150米,卡车,50米,无特殊需求,应急车辆,接近中,50米,30公里/小时,应急车辆
122247,雨天,白天,干燥,60公里/小时,150米,应急车辆,50米,紧急（送医）,普通轿车,接近中,10米,30公里/小时,普通轿车
122555,雨天,白天,干燥,100公里/小时,100米,普通轿车,50米,赶时间（通勤/赶飞机）,普通轿车,接近中,100米,50公里/小时,无
122629,雨天,白天,干燥,100公里/小时,100米,普通轿车,50米,赶时间（通勤/赶飞机）,卡车,接近中,50米,80公里/小时,应急车辆
122697,雨天,白天,干燥,100公里/小时,100米,普通轿车,50米,无特殊需求,卡车,接近中,10米,30公里/小时,无
122827,雨天,白天,干燥,100公里/小时,100米,卡车,50米,赶时间（通勤/赶飞机）,应急车辆,接近中,50米,80公里/小时,无
123033,雨天,白天,干燥,100公里/小时,100米,应急车辆,50米,紧急（送医）,卡车,接近中,100米,30公里/小时,应急车辆
123066,雨天,白天,干燥,100公里/小时,100米,应急车辆,50米,赶时间（通勤/赶飞机）,普通轿车,接近中,10米,30公里/小时,应急车辆
123227,雨天,白天,干燥,100公里/小时,150米,普通轿车,50米,紧急（送医）,普通轿车,接近中,10米,50公里/小时,应急车辆
123507,雨天,白天,干燥,100公里/小时,150米,卡车,50米,紧急（送医）,卡车,接近中,10米,30公里/小时,无
123535,雨天,白天,干燥,100公里/小时,150米,卡车,50米,赶时间（通勤/赶飞机）,普通轿车,接近中,100米,80公里/小时,普通轿车
123701,雨天,白天,干燥,100公里/小时,150米,应急车辆,50米,紧急（送医）,普通轿车,接近中,50米,50公里/小时,普通轿车
123823,雨天,白天,干燥,100公里/小时,150米,应急车辆,50米,赶时间（通勤/赶飞机）,卡车,接近中,100米,80公里/小时,无
123842,雨天,白天,干燥,100公里/小时,150米,应急车辆,50米,赶时间（通勤/赶飞机）,卡车,接近中,100米,50公里/小时,应急车辆
123889,雨天,白天,干燥,100公里/小时,150米,应急车辆,50米,无特殊需求,应急车辆,接近中,50米,80公里/小时,普通轿车
123921,雨天,白天,干燥,100公里/小时,150米,应急车辆,50米,无特殊需求,卡车,接近中,10米,30公里/小时,普通轿车
123931,雨天,白天,干燥,100公里/小时,200米,普通轿车,50米,紧急（送医）,普通轿车,接近中,100米,80公里/小时,无
123947,雨天,白天,干燥,100公里/小时,200米,普通轿车,50米,紧急（送医）,普通轿车,接近中,10米,50公里/小时,普通轿车
124146,雨天,白天,干燥,100公里/小时,200米,普通轿车,50米,无特殊需求,应急车辆,接近中,10米,30公里/小时,应急车辆
124248,雨天,白天,干燥,100公里/小时,200米,卡车,50米,紧急（送医）,卡车,接近中,100米,30公里/小时,应急车辆
124611,雨天,白天,干燥,100公里/小时,200米,应急车辆,50米,无特殊需求,应急车辆,接近中,50米,30公里/小时,无
124654,雨天,白天,干燥,100公里/小时,200米,应急车辆,50米,无特殊需求,卡车,接近中,50米,80公里/小时,应急车辆
124953,雨天,白天,干燥,35公里/小时,10米,卡车,20米,紧急（送医）,应急车辆,接近中,50米,30公里/小时,应急车辆
125036,雨天,白天,干燥,35公里/小时,10米,卡车,20米,赶时间（通勤/赶飞机）,应急车辆,接近中,10米,50公里/小时,应急车辆
125247,雨天,白天,干燥,35公里/小时,10米,应急车辆,20米,赶时间（通勤/赶飞机）,普通轿车,接近中,100米,30公里/小时,应急车辆
125274,雨天,白天,干燥,35公里/小时,10米,应急车辆,20米,赶时间（通勤/赶飞机）,应急车辆,接近中,100米,30公里/小时,应急车辆
125345,雨天,白天,干燥,35公里/小时,10米,应急车辆,20米,无特殊需求,应急车辆,接近中,100米,50公里/小时,普通轿车
125360,雨天,白天,干燥,35公里/小时,10米,应急车辆,20米,无特殊需求,应急车辆,接近中,10米,50公里/小时,应急车辆
125716,雨天,白天,干燥,35公里/小时,50米,卡车,20米,赶时间（通勤/赶飞机）,普通轿车,接近中,50米,80公里/小时,无
125761,雨天,白天,干燥,35公里/小时,50米,卡车,20米,赶时间（通勤/赶飞机）,应急车辆,接近中,50米,80公里/小时,应急车辆
125838,雨天,白天,干燥,35公里/小时,50米,卡车,20米,无特殊需求,应急车辆,接近中,10米,30公里/小时,普通轿车
125920,雨天,白天,干燥,35公里/小时,50米,应急车辆,20米,紧急（送医）,应急车辆,接近中,100米,80公里/小时,应急车辆
126461,雨天,白天,干燥,35公里/小时,100米,卡车,20米,赶时间（通勤/赶飞机）,普通轿车,接近中,100米,50公里/小时,应急车辆
126837,雨天,白天,干燥,35公里/小时,100米,应急车辆,20米,无特殊需求,卡车,接近中,10米,30公里/小时,普通轿车
126883,雨天,白天,干燥,60公里/小时,50米,普通轿车,20米,紧急（送医）,应急车辆,接近中,100米,80公里/小时,普通轿车
127366,雨天,白天,干燥,60公里/小时,50米,应急车辆,20米,紧急（送医）,应急车辆,接近中,10米,80公里/小时,无
127454,雨天,白天,干燥,60公里/小时,50米,应急车辆,20米,赶时间（通勤/赶飞机）,应急车辆,接近中,50米,50公里/小时,普通轿车
127503,雨天,白天,干燥,60公里/小时,50米,应急车辆,20米,无特殊需求,普通轿车,接近中,10米,30公里/小时,无
127655,雨天,白天,干燥,60公里/小时,100米,普通轿车,20米,紧急（送医）,卡车,接近中,10米,50公里/小时,应急车辆
127726,雨天,白天,干燥,60公里/小时,100米,普通轿车,20米,赶时间（通勤/赶飞机）,卡车,接近中,10米,80公里/小时,普通轿车
128010,雨天,白天,干燥,60公里/小时,100米,卡车,20米,无特殊需求,应急车辆,接近中,100米,30公里/小时,无
128056,雨天,白天,干燥,60公里/小时,100米,卡车,20米,无特殊需求,卡车,接近中,50米,80公里/小时,应急车辆
128419,雨天,白天,干燥,60公里/小时,150米,普通轿车,20米,赶时间（通勤/赶飞机）,应急车辆,接近中,10米,80公里/小时,无
128449,雨天,白天,干燥,60公里/小时,150米,普通轿车,20米,赶时间（通勤/赶飞机）,卡车,接近中,100米,80公里/小时,普通轿车
128619,雨天,白天,干燥,60公里/小时,150米,卡车,20米,紧急（送医）,卡车,接近中,10米,30公里/小时,普通轿车
128986,雨天,白天,干燥,60公里/小时,150米,应急车辆,20米,无特殊需求,应急车辆,接近中,10米,80公里/小时,无
129011,雨天,白天,干燥,60公里/小时,150米,应急车辆,20米,无特殊需求,卡车,接近中,50米,50公里/小时,无
129104,雨天,白天,干燥,100公里/小时,100米,普通轿车,20米,紧急（送医）,卡车,接近中,10米,50公里/小时,普通轿车
129196,雨天,白天,干燥,100公里/小时,100米,普通轿车,20米,无特殊需求,普通轿车,接近中,100米,80公里/小时,无
129541,雨天,白天,干燥,100公里/小时,100米,应急车辆,20米,紧急（送医）,普通轿车,接近中,50米,80公里/小时,应急车辆
129727,雨天,白天,干燥,100公里/小时,100米,应急车辆,20米,无特殊需求,应急车辆,接近中,100米,80公里/小时,应急车辆
129761,雨天,白天,干燥,100公里/小时,100米,应急车辆,20米,无特殊需求,卡车,接近中,10米,50公里/小时,应急车辆
129954,雨天,白天,干燥,100公里/小时,150米,普通轿车,20米,无特殊需求,应急车辆,接近中,100米,30公里/小时,无
129996,雨天,白天,干燥,100公里/小时,150米,普通轿车,20米,无特殊需求,卡车,接近中,10米,30公里/小时,普通轿车
130213,雨天,白天,干燥,100公里/小时,150米,卡车,20米,无特殊需求,应急车辆,接近中,100米,80公里/小时,应急车辆
130369,雨天,白天,干燥,100公里/小时,150米,应急车辆,20米,赶时间（通勤/赶飞机）,应急车辆,接近中,50米,80公里/小时,普通轿车
130507,雨天,白天,干燥,100公里/小时,200米,普通轿车,20米,紧急（送医）,普通轿车,接近中,10米,80公里/小时,普通轿车
130601,雨天,白天,干燥,100公里/小时,200米,普通轿车,20米,赶时间（通勤/赶飞机）,应急车辆,接近中,100米,50公里/小时,无
131080,雨天,白天,干燥,100公里/小时,200米,应急车辆,20米,赶时间（通勤/赶飞机）,普通轿车,接近中,50米,80公里/小时,应急车辆
131176,雨天,白天,干燥,100公里/小时,200米,应急车辆,20米,无特殊需求,应急车辆,接近中,100米,80公里/小时,普通轿车
131247,雨天,白天,湿滑,35公里/小时,10米,普通轿车,畅通,紧急（送医）,普通轿车,接近中,10米,30公里/小时,应急车辆
131287,雨天,白天,湿滑,35公里/小时,10米,普通轿车,畅通,紧急（送医）,卡车,接近中,50米,80公里/小时,普通轿车
131443,雨天,白天,湿滑,35公里/小时,10米,普通轿车,畅通,无特殊需求,卡车,接近中,10米,80公里/小时,无
131527,雨天,白天,湿滑,35公里/小时,10米,卡车,畅通,紧急（送医）,卡车,接近中,100米,80公里/小时,普通轿车
131724,雨天,白天,湿滑,35公里/小时,10米,应急车辆,畅通,紧急（送医）,普通轿车,接近中,10米,30公里/小时,普通轿车
131789,雨天,白天,湿滑,35公里/小时,10米,应急车辆,畅通,赶时间（通勤/赶飞机）,普通轿车,接近中,100米,50公里/小时,无
132060,雨天,白天,湿滑,35公里/小时,50米,普通轿车,畅通,赶时间（通勤/赶飞机）,应急车辆,接近中,100米,30公里/小时,无
132241,雨天,白天,湿滑,35公里/小时,50米,卡车,畅通,紧急（送医）,应急车辆,接近中,50米,80公里/小时,应急车辆
132338,雨天,白天,湿滑,35公里/小时,50米,卡车,畅通,赶时间（通勤/赶飞机）,卡车,接近中,100米,50公里/小时,普通轿车
132350,雨天,白天,湿滑,35公里/小时,50米,卡车,畅通,赶时间（通勤/赶飞机）,卡车,接近中,50米,50公里/小时,应急车辆
132537,雨天,白天,湿滑,35公里/小时,50米,应急车辆,畅通,赶时间（通勤/赶飞机）,普通轿车,接近中,100米,30公里/小时,应急车辆
132554,雨天,白天,湿滑,35公里/小时,50米,应急车辆,畅通,赶时间（通勤/赶飞机）,应急车辆,接近中,100米,50公里/小时,普通轿车
132616,雨天,白天,湿滑,35公里/小时,50米,应急车辆,畅通,无特殊需求,普通轿车,接近中,100米,80公里/小时,应急车辆
133094,雨天,白天,湿滑,35公里/小时,100米,卡车,畅通,无特殊需求,普通轿车,接近中,100米,50公里/小时,普通轿车
133494,雨天,白天,湿滑,60公里/小时,50米,普通轿车,畅通,赶时间（通勤/赶飞机）,普通轿车,接近中,50米,30公里/小时,无
133695,雨天,白天,湿滑,60公里/小时,50米,卡车,畅通,紧急（送医）,应急车辆,接近中,10米,30公里/小时,普通轿车
133900,雨天,白天,湿滑,60公里/小时,50米,应急车辆,畅通,紧急（送医）,普通轿车,接近中,10米,80公里/小时,无
134074,雨天,白天,湿滑,60公里/小时,50米,应急车辆,畅通,无特殊需求,普通轿车,接近中,100米,80公里/小时,应急车辆
134156,雨天,白天,湿滑,60公里/小时,100米,普通轿车,畅通,紧急（送医）,普通轿车,接近中,100米,50公里/小时,应急车辆
134161,雨天,白天,湿滑,60公里/小时,100米,普通轿车,畅通,紧急（送医）,普通轿车,接近中,10米,80公里/小时,应急车辆
134180,雨天,白天,湿滑,60公里/小时,100米,普通轿车,畅通,紧急（送医）,应急车辆,接近中,10米,50公里/小时,普通轿车
134300,雨天,白天,湿滑,60公里/小时,100米,普通轿车,畅通,无特殊需求,普通轿车,接近中,100米,50公里/小时,无
134457,雨天,白天,湿滑,60公里/小时,100米,卡车,畅通,紧急（送医）,卡车,接近中,50米,30公里/小时,应急车辆
134549,雨天,白天,湿滑,60公里/小时,100米,卡车,畅通,无特殊需求,普通轿车,接近中,10米,50公里/小时,无
134657,雨天,白天,湿滑,60公里/小时,100米,应急车辆,畅通,紧急（送医）,应急车辆,接近中,10米,50公里/小时,无
134720,雨天,白天,湿滑,60公里/小时,100米,应急车辆,畅通,赶时间（通勤/赶飞机）,普通轿车,接近中,10米,50公里/小时,普通轿车
134740,雨天,白天,湿滑,60公里/小时,100米,应急车辆,畅通,赶时间（通勤/赶飞机）,应急车辆,接近中,100米,80公里/小时,普通轿车
134768,雨天,白天,湿滑,60公里/小时,100米,应急车辆,畅通,赶时间（通勤/赶飞机）,卡车,接近中,100米,50公里/小时,普通轿车
135094,雨天,白天,湿滑,60公里/小时,150米,普通轿车,畅通,无特殊需求,卡车,接近中,50米,80公里/小时,普通轿车
135099,雨天,白天,湿滑,60公里/小时,150米,普通轿车,畅通,无特殊需求,卡车,接近中,10米,30公里/小时,普通轿车
135115,雨天,白天,湿滑,60公里/小时,150米,卡车,畅通,紧急（送医）,普通轿车,接近中,10米,80公里/小时,无
135421,雨天,白天,湿滑,60公里/小时,150米,应急车辆,畅通,紧急（送医）,卡车,接近中,10米,80公里/小时,普通轿车
135581,雨天,白天,湿滑,60公里/小时,150米,应急车辆,畅通,无特殊需求,卡车,接近中,50米,50公里/小时,普通轿车
135746,雨天,白天,湿滑,100公里/小时,100米,普通轿车,畅通,赶时间（通勤/赶飞机）,卡车,接近中,10米,50公里/小时,普通轿车
135846,雨天,白天,湿滑,100公里/小时,100米,卡车,畅通,紧急（送医）,普通轿车,接近中,10米,30公里/小时,无
135979,雨天,白天,湿滑,100公里/小时,100米,卡车,畅通,赶时间（通勤/赶飞机）,卡车,接近中,10米,80公里/小时,无
136054,雨天,白天,湿滑,100公里/小时,100米,卡车,畅通,无特殊需求,卡车,接近中,100米,80公里/小时,无
136104,雨天,白天,湿滑,100公里/小时,100米,应急车辆,畅通,紧急（送医）,普通轿车,接近中,50米,30公里/小时,应急车辆
136229,雨天,白天,湿滑,100公里/小时,100米,应急车辆,畅通,赶时间（通勤/赶飞机）,卡车,接近中,50米,50公里/小时,普通轿车
136388,雨天,白天,湿滑,100公里/小时,150米,普通轿车,畅通,紧急（送医）,卡车,接近中,100米,50公里/小时,普通轿车
136410,雨天,白天,湿滑,100公里/小时,150米,普通轿车,畅通,赶时间（通勤/赶飞机）,普通轿车,接近中,50米,30公里/小时,无
136501,雨天,白天,湿滑,100公里/小时,150米,普通轿车,畅通,无特殊需求,普通轿车,接近中,10米,80公里/小时,普通轿车
136592,雨天,白天,湿滑,100公里/小时,150米,卡车,畅通,紧急（送医）,普通轿车,接近中,10米,50公里/小时,应急车辆
136610,雨天,白天,湿滑,100公里/小时,150米,卡车,畅通,紧急（送医）,应急车辆,接近中,10米,50公里/小时,普通轿车
136806,雨天,白天,湿滑,100公里/小时,150米,卡车,畅通,无特殊需求,卡车,接近中,50米,30公里/小时,应急车辆
136821,雨天,白天,湿滑,100公里/小时,150米,应急车辆,畅通,紧急（送医）,普通轿车,接近中,100米,30公里/小时,普通轿车
137207,雨天,白天,湿滑,100公里/小时,200米,普通轿车,畅通,赶时间（通勤/赶飞机）,卡车,接近中,100米,50公里/小时,应急车辆
137269,雨天,白天,湿滑,100公里/小时,200米,普通轿车,畅通,无特殊需求,卡车,接近中,100米,80公里/小时,无
137326,雨天,白天,湿滑,100公里/小时,200米,卡车,畅通,紧急（送医）,应急车辆,接近中,50米,80公里/小时,无
137347,雨天,白天,湿滑,100公里/小时,200米,卡车,畅通,紧急（送医）,应急车辆,接近中,10米,80公里/小时,应急车辆
137782,雨天,白天,湿滑,35公里/小时,10米,普通轿车,100米,紧急（送医）,普通轿车,接近中,100米,80公里/小时,无
137920,雨天,白天,湿滑,35公里/小时,10米,普通轿车,100米,赶时间（通勤/赶飞机）,卡车,接近中,50米,80公里/小时,无
138110,雨天,白天,湿滑,35公里/小时,10米,卡车,100米,赶时间（通勤/赶飞机）,普通轿车,接近中,50米,50公里/小时,无
138126,雨天,白天,湿滑,35公里/小时,10米,卡车,100米,赶时间（通勤/赶飞机）,普通轿车,接近中,100米,30公里/小时,应急车辆
138322,雨天,白天,湿滑,35公里/小时,10米,应急车辆,100米,紧急（送医）,卡车,接近中,100米,80公里/小时,无
138608,雨天,白天,湿滑,35公里/小时,50米,普通轿车,100米,赶时间（通勤/赶飞机）,普通轿车,接近中,10米,50公里/小时,普通轿车
138730,雨天,白天,湿滑,35公里/小时,50米,普通轿车,100米,无特殊需求,卡车,接近中,50米,80公里/小时,无
139438,雨天,白天,湿滑,35公里/小时,100米,普通轿车,100米,无特殊需求,应急车辆,接近中,100米,80公里/小时,普通轿车
139497,雨天,白天,湿滑,35公里/小时,100米,卡车,100米,紧急（送医）,普通轿车,接近中,50米,30公里/小时,普通轿车
140024,雨天,白天,湿滑,60公里/小时,50米,普通轿车,100米,紧急（送医）,卡车,接近中,100米,50公里/小时,无
140155,雨天,白天,湿滑,60公里/小时,50米,普通轿车,100米,无特殊需求,普通轿车,接近中,10米,80公里/小时,应急车辆
140308,雨天,白天,湿滑,60公里/小时,50米,卡车,100米,赶时间（通勤/赶飞机）,普通轿车,接近中,10米,80公里/小时,普通轿车
140427,雨天,白天,湿滑,60公里/小时,50米,卡车,100米,无特殊需求,应急车辆,接近中,10米,30公里/小时,应急车辆
140569,雨天,白天,湿滑,60公里/小时,50米,应急车辆,100米,赶时间（通勤/赶飞机）,应急车辆,接近中,10米,80公里/小时,无
140598,雨天,白天,湿滑,60公里/小时,50米,应急车辆,100米,赶时间（通勤/赶飞机）,卡车,接近中,10米,30公里/小时,无
140634,雨天,白天,湿滑,60公里/小时,50米,应急车辆,100米,无特殊需求,普通轿车,接近中,10米,30公里/小时,普通轿车
140665,雨天,白天,湿滑,60公里/小时,50米,应急车辆,100米,无特殊需求,应急车辆,接近中,50米,80公里/小时,应急车辆
140714,雨天,白天,湿滑,60公里/小时,100米,普通轿车,100米,紧急（送医）,普通轿车,接近中,10米,50公里/小时,普通轿车
140732,雨天,白天,湿滑,60公里/小时,100米,普通轿车,100米,紧急（送医）,应急车辆,接近中,10米,50公里/小时,无
140800,雨天,白天,湿滑,60公里/小时,100米,普通轿车,100米,赶时间（通勤/赶飞机）,普通轿车,接近中,50米,80公里/小时,应急车辆
140969,雨天,白天,湿滑,60公里/小时,100米,卡车,100米,紧急（送医）,应急车辆,接近中,100米,50公里/小时,无
141115,雨天,白天,湿滑,60公里/小时,100米,卡车,100米,无特殊需求,普通轿车,接近中,50米,80公里/小时,普通轿车
141205,雨天,白天,湿滑,60公里/小时,100米,应急车辆,100米,紧急（送医）,普通轿车,接近中,50米,80公里/小时,应急车辆
141335,雨天,白天,湿滑,60公里/小时,100米,应急车辆,100米,赶时间（通勤/赶飞机）,卡车,接近中,10米,50公里/小时,普通轿车
141495,雨天,白天,湿滑,60公里/小时,150米,普通轿车,100米,紧急（送医）,卡车,接近中,50米,30公里/小时,普通轿车
141512,雨天,白天,湿滑,60公里/小时,150米,普通轿车,100米,赶时间（通勤/赶飞机）,普通轿车,接近中,50米,50公里/小时,无
141783,雨天,白天,湿滑,60公里/小时,150米,卡车,100米,赶时间（通勤/赶飞机）,应急车辆,接近中,50米,30公里/小时,无
142173,雨天,白天,湿滑,100公里/小时,100米,普通轿车,100米,紧急（送医）,普通轿车,接近中,10米,30公里/小时,普通轿车
142235,雨天,白天,湿滑,100公里/小时,100米,普通轿车,100米,紧急（送医）,卡车,接近中,10米,50公里/小时,应急车辆
142338,雨天,白天,湿滑,100公里/小时,100米,普通轿车,100米,无特殊需求,普通轿车,接近中,100米,30公里/小时,应急车辆
142349,雨天,白天,湿滑,100公里/小时,100米,普通轿车,100米,无特殊需求,应急车辆,接近中,50米,50公里/小时,无
142385,雨天,白天,湿滑,100公里/小时,100米,普通轿车,100米,无特殊需求,卡车,接近中,50米,50公里/小时,普通轿车
142409,雨天,白天,湿滑,100公里/小时,100米,卡车,100米,紧急（送医）,普通轿车,接近中,100米,50公里/小时,普通轿车
142434,雨天,白天,湿滑,100公里/小时,100米,卡车,100米,紧急（送医）,应急车辆,接近中,10米,30公里/小时,无
142672,雨天,白天,湿滑,100公里/小时,100米,应急车辆,100米,紧急（送医）,应急车辆,接近中,50米,80公里/小时,无
142721,雨天,白天,湿滑,100公里/小时,100米,应急车辆,100米,紧急（送医）,卡车,接近中,10米,50公里/小时,应急车辆
142859,雨天,白天,湿滑,100公里/小时,100米,应急车辆,100米,无特殊需求,卡车,接近中,100米,50公里/小时,无
142910,雨天,白天,湿滑,100公里/小时,150米,普通轿车,100米,紧急（送医）,普通轿车,接近中,10米,50公里/小时,应急车辆
143048,雨天,白天,湿滑,100公里/小时,150米,普通轿车,100米,无特殊需求,普通轿车,接近中,100米,50公里/小时,无
143137,雨天,白天,湿滑,100公里/小时,150米,卡车,100米,紧急（送医）,普通轿车,接近中,100米,80公里/小时,普通轿车
143152,雨天,白天,湿滑,100公里/小时,150米,卡车,100米,紧急（送医）,普通轿车,接近中,10米,80公里/小时,应急车辆
143614,雨天,白天,湿滑,100公里/小时,200米,普通轿车,100米,紧急（送医）,普通轿车,接近中,100米,80公里/小时,无
143765,雨天,白天,湿滑,100公里/小时,200米,普通轿车,100米,赶时间（通勤/赶飞机）,卡车,接近中,10米,50公里/小时,普通轿车
143766,雨天,白天,湿滑,100公里/小时,200米,普通轿车,100米,赶时间（通勤/赶飞机）,卡车,接近中,10米,30公里/小时,普通轿车
143815,雨天,白天,湿滑,100公里/小时,200米,普通轿车,100米,无特殊需求,应急车辆,接近中,50米,80公里/小时,普通轿车
144042,雨天,白天,湿滑,100公里/小时,200米,卡车,100米,无特殊需求,普通轿车,接近中,50米,30公里/小时,应急车辆
144068,雨天,白天,湿滑,100公里/小时,200米,卡车,100米,无特殊需求,应急车辆,接近中,50米,50公里/小时,应急车辆
144266,雨天,白天,湿滑,100公里/小时,200米,应急车辆,100米,无特殊需求,普通轿车,接近中,50米,50公里/小时,无
144316,雨天,白天,湿滑,100公里/小时,200米,应急车辆,100米,无特殊需求,卡车,接近中,100米,80公里/小时,无
144340,雨天,白天,湿滑,100公里/小时,200米,应急车辆,100米,无特殊需求,卡车,接近中,10米,80公里/小时,应急车辆
144553,雨天,白天,湿滑,35公里/小时,10米,普通轿车,50米,无特殊需求,应急车辆,接近中,50米,80公里/小时,应急车辆
144613,雨天,白天,湿滑,35公里/小时,10米,卡车,50米,紧急（送医）,应急车辆,接近中,100米,80公里/小时,无
144619,雨天,白天,湿滑,35公里/小时,10米,卡车,50米,紧急（送医）,应急车辆,接近中,10米,80公里/小时,无
144697,雨天,白天,湿滑,35公里/小时,10米,卡车,50米,赶时间（通勤/赶飞机）,应急车辆,接近中,50米,80公里/小时,无
144938,雨天,白天,湿滑,35公里/小时,10米,应急车辆,50米,赶时间（通勤/赶飞机）,应急车辆,接近中,100米,50公里/小时,无
145581,雨天,白天,湿滑,35公里/小时,50米,应急车辆,50米,紧急（送医）,普通轿车,接近中,50米,30公里/小时,应急车辆
145670,雨天,白天,湿滑,35公里/小时,50米,应急车辆,50米,赶时间（通勤/赶飞机）,应急车辆,接近中,50米,50公里/小时,无
145679,雨天,白天,湿滑,35公里/小时,50米,应急车辆,50米,赶时间（通勤/赶飞机）,应急车辆,接近中,50米,50公里/小时,普通轿车
145968,雨天,白天,湿滑,35公里/小时,100米,普通轿车,50米,无特殊需求,普通轿车,接近中,50米,30公里/小时,无
145989,雨天,白天,湿滑,35公里/小时,100米,普通轿车,50米,无特殊需求,普通轿车,接近中,10米,30公里/小时,应急车辆
146229,雨天,白天,湿滑,35公里/小时,100米,卡车,50米,无特殊需求,普通轿车,接近中,50米,30公里/小时,应急车辆
146428,雨天,白天,湿滑,35公里/小时,100米,应急车辆,50米,赶时间（通勤/赶飞机）,卡车,接近中,10米,80公里/小时,无
146532,雨天,白天,湿滑,60公里/小时,50米,普通轿车,50米,紧急（送医）,普通轿车,接近中,100米,30公里/小时,无
146737,雨天,白天,湿滑,60公里/小时,50米,普通轿车,50米,无特殊需求,应急车辆,接近中,100米,80公里/小时,应急车辆
146915,雨天,白天,湿滑,60公里/小时,50米,卡车,50米,赶时间（通勤/赶飞机）,卡车,接近中,10米,50公里/小时,无
146976,雨天,白天,湿滑,60公里/小时,50米,卡车,50米,无特殊需求,应急车辆,接近中,50米,30公里/小时,普通轿车
147018,雨天,白天,湿滑,60公里/小时,50米,应急车辆,50米,紧急（送医）,普通轿车,接近中,100米,30公里/小时,无
147304,雨天,白天,湿滑,60公里/小时,100米,普通轿车,50米,紧急（送医）,应急车辆,接近中,100米,80公里/小时,应急车辆
147366,雨天,白天,湿滑,60公里/小时,100米,普通轿车,50米,赶时间（通勤/赶飞机）,普通轿车,接近中,10米,30公里/小时,应急车辆
147687,雨天,白天,湿滑,60公里/小时,100米,卡车,50米,无特殊需求,普通轿车,接近中,50米,30公里/小时,应急车辆
147693,雨天,白天,湿滑,60公里/小时,100米,卡车,50米,无特殊需求,应急车辆,接近中,100米,30公里/小时,无
147695,雨天,白天,湿滑,60公里/小时,100米,卡车,50米,无特殊需求,应急车辆,接近中,50米,50公里/小时,无
147745,雨天,白天,湿滑,60公里/小时,100米,应急车辆,50米,紧急（送医）,普通轿车,接近中,100米,80公里/小时,无
147992,雨天,白天,湿滑,60公里/小时,150米,普通轿车,50米,紧急（送医）,普通轿车,接近中,50米,50公里/小时,无
148089,雨天,白天,湿滑,60公里/小时,150米,普通轿车,50米,赶时间（通勤/赶飞机）,普通轿车,接近中,100米,30公里/小时,应急车辆
148243,雨天,白天,湿滑,60公里/小时,150米,卡车,50米,紧急（送医）,普通轿车,接近中,50米,80公里/小时,普通轿车
148551,雨天,白天,湿滑,60公里/小时,150米,应急车辆,50米,紧急（送医）,卡车,接近中,50米,30公里/小时,应急车辆
148571,雨天,白天,湿滑,60公里/小时,150米,应急车辆,50米,赶时间（通勤/赶飞机）,普通轿车,接近中,10米,50公里/小时,普通轿车
148582,雨天,白天,湿滑,60公里/小时,150米,应急车辆,50米,赶时间（通勤/赶飞机）,应急车辆,接近中,100米,80公里/小时,无
148596,雨天,白天,湿滑,60公里/小时,150米,应急车辆,50米,赶时间（通勤/赶飞机）,应急车辆,接近中,50米,30公里/小时,普通轿车
148697,雨天,白天,湿滑,60公里/小时,150米,应急车辆,50米,无特殊需求,卡车,接近中,10米,50公里/小时,无
148839,雨天,白天,湿滑,100公里/小时,100米,普通轿车,50米,赶时间（通勤/赶飞机）,应急车辆,接近中,50米,30公里/小时,普通轿车
148971,雨天,白天,湿滑,100公里/小时,100米,卡车,50米,紧急（送医）,普通轿车,接近中,100米,30公里/小时,普通轿车
149049,雨天,白天,湿滑,100公里/小时,100米,卡车,50米,赶时间（通勤/赶飞机）,普通轿车,接近中,10米,30公里/小时,无
149223,雨天,白天,湿滑,100公里/小时,100米,应急车辆,50米,紧急（送医）,普通轿车,接近中,100米,30公里/小时,应急车辆
149245,雨天,白天,湿滑,100公里/小时,100米,应急车辆,50米,紧急（送医）,应急车辆,接近中,10米,80公里/小时,普通轿车
149281,雨天,白天,湿滑,100公里/小时,100米,应急车辆,50米,紧急（送医）,卡车,接近中,10米,80公里/小时,应急车辆
149293,雨天,白天,湿滑,100公里/小时,100米,应急车辆,50米,赶时间（通勤/赶飞机）,普通轿车,接近中,100米,80公里/小时,普通轿车
149355,雨天,白天,湿滑,100公里/小时,100米,应急车辆,50米,赶时间（通勤/赶飞机）,卡车,接近中,10米,30公里/小时,普通轿车
149617,雨天,白天,湿滑,100公里/小时,150米,普通轿车,50米,无特殊需求,普通轿车,接近中,100米,80公里/小时,普通轿车
149636,雨天,白天,湿滑,100公里/小时,150米,普通轿车,50米,无特殊需求,应急车辆,接近中,100米,50公里/小时,无
149789,雨天,白天,湿滑,100公里/小时,150米,卡车,50米,赶时间（通勤/赶飞机）,普通轿车,接近中,100米,50公里/小时,应急车辆
149937,雨天,白天,湿滑,100公里/小时,150米,应急车辆,50米,紧急（送医）,普通轿车,接近中,50米,30公里/小时,无
149952,雨天,白天,湿滑,100公里/小时,150米,应急车辆,50米,紧急（送医）,普通轿车,接近中,100米,30公里/小时,应急车辆
150033,雨天,白天,湿滑,100公里/小时,150米,应急车辆,50米,赶时间（通勤/赶飞机）,普通轿车,接近中,100米,30公里/小时,应急车辆
150130,雨天,白天,湿滑,100公里/小时,150米,应急车辆,50米,无特殊需求,应急车辆,接近中,100米,80公里/小时,普通轿车
150138,雨天,白天,湿滑,100公里/小时,150米,应急车辆,50米,无特殊需求,应急车辆,接近中,10米,30公里/小时,普通轿车
150287,雨天,白天,湿滑,100公里/小时,200米,普通轿车,50米,赶时间（通勤/赶飞机）,应急车辆,接近中,50米,50公里/小时,无
150389,雨天,白天,湿滑,100公里/小时,200米,普通轿车,50米,无特殊需求,应急车辆,接近中,10米,50公里/小时,应急车辆
150410,雨天,白天,湿滑,100公里/小时,200米,普通轿车,50米,无特殊需求,卡车,接近中,100米,50公里/小时,应急车辆
150767,雨天,白天,湿滑,100公里/小时,200米,应急车辆,50米,赶时间（通勤/赶飞机）,普通轿车,接近中,10米,50公里/小时,应急车辆
150962,雨天,白天,湿滑,35公里/小时,10米,普通轿车,20米,紧急（送医）,卡车,接近中,50米,50公里/小时,无
150992,雨天,白天,湿滑,35公里/小时,10米,普通轿车,20米,赶时间（通勤/赶飞机）,普通轿车,接近中,10米,50公里/小时,无
150998,雨天,白天,湿滑,35公里/小时,10米,普通轿车,20米,赶时间（通勤/赶飞机）,普通轿车,接近中,50米,50公里/小时,普通轿车
151021,雨天,白天,湿滑,35公里/小时,10米,普通轿车,20米,赶时间（通勤/赶飞机）,应急车辆,接近中,100米,80公里/小时,普通轿车
151211,雨天,白天,湿滑,35公里/小时,10米,卡车,20米,紧急（送医）,卡车,接近中,100米,50公里/小时,普通轿车
151431,雨天,白天,湿滑,35公里/小时,10米,应急车辆,20米,紧急（送医）,应急车辆,接近中,50米,30公里/小时,普通轿车
151537,雨天,白天,湿滑,35公里/小时,10米,应急车辆,20米,赶时间（通勤/赶飞机）,卡车,接近中,50米,80公里/小时,普通轿车
151661,雨天,白天,湿滑,35公里/小时,50米,普通轿车,20米,紧急（送医）,应急车辆,接近中,100米,50公里/小时,无
151842,雨天,白天,湿滑,35公里/小时,50米,普通轿车,20米,无特殊需求,应急车辆,接近中,100米,30公里/小时,应急车辆
152034,雨天,白天,湿滑,35公里/小时,50米,卡车,20米,赶时间（通勤/赶飞机）,卡车,接近中,50米,30公里/小时,应急车辆
152096,雨天,白天,湿滑,35公里/小时,50米,卡车,20米,无特殊需求,卡车,接近中,50米,50公里/小时,无
152128,雨天,白天,湿滑,35公里/小时,50米,应急车辆,20米,紧急（送医）,普通轿车,接近中,100米,80公里/小时,普通轿车
152177,雨天,白天,湿滑,35公里/小时,50米,应急车辆,20米,紧急（送医）,卡车,接近中,50米,50公里/小时,无
152373,雨天,白天,湿滑,35公里/小时,100米,普通轿车,20米,紧急（送医）,普通轿车,接近中,100米,30公里/小时,普通轿车
152437,雨天,白天,湿滑,35公里/小时,100米,普通轿车,20米,紧急（送医）,卡车,接近中,50米,80公里/小时,应急车辆
152450,雨天,白天,湿滑,35公里/小时,100米,普通轿车,20米,赶时间（通勤/赶飞机）,普通轿车,接近中,10米,50公里/小时,无
152472,雨天,白天,湿滑,35公里/小时,100米,普通轿车,20米,赶时间（通勤/赶飞机）,应急车辆,接近中,100米,30公里/小时,无
152972,雨天,白天,湿滑,35公里/小时,100米,应急车辆,20米,赶时间（通勤/赶飞机）,应急车辆,接近中,10米,50公里/小时,普通轿车
153040,雨天,白天,湿滑,35公里/小时,100米,应急车辆,20米,无特殊需求,应急车辆,接近中,50米,80公里/小时,无
153157,雨天,白天,湿滑,60公里/小时,50米,普通轿车,20米,紧急（送医）,卡车,接近中,50米,80公里/小时,普通轿车
153384,雨天,白天,湿滑,60公里/小时,50米,卡车,20米,紧急（送医）,应急车辆,接近中,50米,30公里/小时,应急车辆
153456,雨天,白天,湿滑,60公里/小时,50米,卡车,20米,赶时间（通勤/赶飞机）,应急车辆,接近中,50米,30公里/小时,普通轿车
153476,雨天,白天,湿滑,60公里/小时,50米,卡车,20米,赶时间（通勤/赶飞机）,卡车,接近中,10米,50公里/小时,无
153600,雨天,白天,湿滑,60公里/小时,50米,应急车辆,20米,紧急（送医）,普通轿车,接近中,50米,30公里/小时,应急车辆
153652,雨天,白天,湿滑,60公里/小时,50米,应急车辆,20米,紧急（送医）,卡车,接近中,50米,80公里/小时,应急车辆
153758,雨天,白天,湿滑,60公里/小时,50米,应急车辆,20米,无特殊需求,普通轿车,接近中,100米,50公里/小时,应急车辆
153837,雨天,白天,湿滑,60公里/小时,100米,普通轿车,20米,紧急（送医）,普通轿车,接近中,10米,30公里/小时,普通轿车
153925,雨天,白天,湿滑,60公里/小时,100米,普通轿车,20米,赶时间（通勤/赶飞机）,普通轿车,接近中,10米,80公里/小时,应急车辆
153928,雨天,白天,湿滑,60公里/小时,100米,普通轿车,20米,赶时间（通勤/赶飞机）,应急车辆,接近中,100米,80公里/小时,无
153959,雨天,白天,湿滑,60公里/小时,100米,普通轿车,20米,赶时间（通勤/赶飞机）,卡车,接近中,50米,50公里/小时,无
154093,雨天,白天,湿滑,60公里/小时,100米,卡车,20米,紧急（送医）,应急车辆,接近中,50米,80公里/小时,无
154199,雨天,白天,湿滑,60公里/小时,100米,卡车,20米,赶时间（通勤/赶飞机）,卡车,接近中,100米,50公里/小时,无
154402,雨天,白天,湿滑,60公里/小时,100米,应急车辆,20米,赶时间（通勤/赶飞机）,普通轿车,接近中,10米,80公里/小时,普通轿车
154409,雨天,白天,湿滑,60公里/小时,100米,应急车辆,20米,赶时间（通勤/赶飞机）,普通轿车,接近中,50米,50公里/小时,应急车辆
154443,雨天,白天,湿滑,60公里/小时,100米,应急车辆,20米,赶时间（通勤/赶飞机）,卡车,接近中,100米,30公里/小时,无
154562,雨天,白天,湿滑,60公里/小时,150米,普通轿车,20米,紧急（送医）,普通轿车,接近中,50米,50公里/小时,普通轿车
154705,雨天,白天,湿滑,60公里/小时,150米,普通轿车,20米,赶时间（通勤/赶飞机）,卡车,接近中,50米,80公里/小时,应急车辆
154739,雨天,白天,湿滑,60公里/小时,150米,普通轿车,20米,无特殊需求,应急车辆,接近中,100米,50公里/小时,无
154972,雨天,白天,湿滑,60公里/小时,150米,卡车,20米,无特殊需求,普通轿车,接近中,100米,80公里/小时,应急车辆
154989,雨天,白天,湿滑,60公里/小时,150米,卡车,20米,无特殊需求,应急车辆,接近中,10米,30公里/小时,无
155189,雨天,白天,湿滑,60公里/小时,150米,应急车辆,20米,赶时间（通勤/赶飞机）,卡车,接近中,100米,50公里/小时,应急车辆
155252,雨天,白天,湿滑,60公里/小时,150米,应急车辆,20米,无特殊需求,卡车,接近中,100米,50公里/小时,无
155283,雨天,白天,湿滑,100公里/小时,100米,普通轿车,20米,紧急（送医）,普通轿车,接近中,50米,30公里/小时,无
155373,雨天,白天,湿滑,100公里/小时,100米,普通轿车,20米,赶时间（通勤/赶飞机）,普通轿车,接近中,50米,30公里/小时,普通轿车
155437,雨天,白天,湿滑,100公里/小时,100米,普通轿车,20米,赶时间（通勤/赶飞机）,卡车,接近中,10米,80公里/小时,应急车辆
155785,雨天,白天,湿滑,100公里/小时,100米,应急车辆,20米,紧急（送医）,普通轿车,接近中,50米,80公里/小时,应急车辆
155810,雨天,白天,湿滑,100公里/小时,100米,应急车辆,20米,紧急（送医）,应急车辆,接近中,100米,50公里/小时,应急车辆
155816,雨天,白天,湿滑,100公里/小时,100米,应急车辆,20米,紧急（送医）,应急车辆,接近中,10米,50公里/小时,应急车辆
155924,雨天,白天,湿滑,100公里/小时,100米,应急车辆,20米,赶时间（通勤/赶飞机）,卡车,接近中,10米,50公里/小时,应急车辆
156127,雨天,白天,湿滑,100公里/小时,150米,普通轿车,20米,赶时间（通勤/赶飞机）,应急车辆,接近中,50米,80公里/小时,普通轿车
156843,雨天,白天,湿滑,100公里/小时,200米,普通轿车,20米,赶时间（通勤/赶飞机）,普通轿车,接近中,10米,30公里/小时,应急车辆
156945,雨天,白天,湿滑,100公里/小时,200米,普通轿车,20米,无特殊需求,应急车辆,接近中,100米,30公里/小时,应急车辆
157097,雨天,白天,湿滑,100公里/小时,200米,卡车,20米,赶时间（通勤/赶飞机）,应急车辆,接近中,100米,50公里/小时,普通轿车
157318,雨天,白天,湿滑,100公里/小时,200米,应急车辆,20米,赶时间（通勤/赶飞机）,普通轿车,接近中,10米,80公里/小时,普通轿车
157751,雨天,夜晚,干燥,35公里/小时,10米,卡车,畅通,紧急（送医）,应急车辆,接近中,10米,50公里/小时,普通轿车
157847,雨天,夜晚,干燥,35公里/小时,10米,卡车,畅通,赶时间（通勤/赶飞机）,卡车,接近中,50米,50公里/小时,无
157850,雨天,夜晚,干燥,35公里/小时,10米,卡车,畅通,赶时间（通勤/赶飞机）,卡车,接近中,10米,50公里/小时,无
157949,雨天,夜晚,干燥,35公里/小时,10米,卡车,畅通,无特殊需求,卡车,接近中,10米,50公里/小时,应急车辆
158162,雨天,夜晚,干燥,35公里/小时,10米,应急车辆,畅通,无特殊需求,应急车辆,接近中,50米,50公里/小时,应急车辆
158220,雨天,夜晚,干燥,35公里/小时,50米,普通轿车,畅通,紧急（送医）,普通轿车,接近中,10米,30公里/小时,应急车辆
158496,雨天,夜晚,干燥,35公里/小时,50米,卡车,畅通,紧急（送医）,卡车,接近中,50米,30公里/小时,无
158524,雨天,夜晚,干燥,35公里/小时,50米,卡车,畅通,赶时间（通勤/赶飞机）,普通轿车,接近中,10米,80公里/小时,无
158539,雨天,夜晚,干燥,35公里/小时,50米,卡车,畅通,赶时间（通勤/赶飞机）,普通轿车,接近中,50米,80公里/小时,应急车辆
158686,雨天,夜晚,干燥,35公里/小时,50米,应急车辆,畅通,紧急（送医）,普通轿车,接近中,10米,80公里/小时,无
158813,雨天,夜晚,干燥,35公里/小时,50米,应急车辆,畅通,赶时间（通勤/赶飞机）,应急车辆,接近中,10米,50公里/小时,应急车辆
158867,雨天,夜晚,干燥,35公里/小时,50米,应急车辆,畅通,无特殊需求,普通轿车,接近中,10米,50公里/小时,应急车辆
159052,雨天,夜晚,干燥,35公里/小时,100米,普通轿车,畅通,赶时间（通勤/赶飞机）,应急车辆,接近中,50米,80公里/小时,应急车辆
159178,雨天,夜晚,干燥,35公里/小时,100米,卡车,畅通,紧急（送医）,普通轿车,接近中,50米,80公里/小时,普通轿车
159519,雨天,夜晚,干燥,35公里/小时,100米,应急车辆,畅通,赶时间（通勤/赶飞机）,应急车辆,接近中,100米,30公里/小时,无
159582,雨天,夜晚,干燥,35公里/小时,100米,应急车辆,畅通,无特殊需求,普通轿车,接近中,100米,30公里/小时,普通轿车
159660,雨天,夜晚,干燥,60公里/小时,50米,普通轿车,畅通,紧急（送医）,普通轿车,接近中,10米,30公里/小时,无
159848,雨天,夜晚,干燥,60公里/小时,50米,普通轿车,畅通,无特殊需求,应急车辆,接近中,10米,50公里/小时,无
159897,雨天,夜晚,干燥,60公里/小时,50米,卡车,畅通,紧急（送医）,普通轿车,接近中,100米,30公里/小时,无
160012,雨天,夜晚,干燥,60公里/小时,50米,卡车,畅通,赶时间（通勤/赶飞机）,应急车辆,接近中,100米,80公里/小时,普通轿车
160017,雨天,夜晚,干燥,60公里/小时,50米,卡车,畅通,赶时间（通勤/赶飞机）,应急车辆,接近中,50米,30公里/小时,普通轿车
160085,雨天,夜晚,干燥,60公里/小时,50米,卡车,畅通,无特殊需求,应急车辆,接近中,100米,50公里/小时,无
160179,雨天,夜晚,干燥,60公里/小时,50米,应急车辆,畅通,紧急（送医）,应急车辆,接近中,50米,30公里/小时,普通轿车
160362,雨天,夜晚,干燥,60公里/小时,50米,应急车辆,畅通,无特殊需求,卡车,接近中,10米,30公里/小时,无
160376,雨天,夜晚,干燥,60公里/小时,50米,应急车辆,畅通,无特殊需求,卡车,接近中,50米,50公里/小时,应急车辆
160378,雨天,夜晚,干燥,60公里/小时,50米,应急车辆,畅通,无特殊需求,卡车,接近中,10米,80公里/小时,应急车辆
160514,雨天,夜晚,干燥,60公里/小时,100米,普通轿车,畅通,赶时间（通勤/赶飞机）,应急车辆,接近中,10米,50公里/小时,应急车辆
160612,雨天,夜晚,干燥,60公里/小时,100米,普通轿车,畅通,无特殊需求,卡车,接近中,10米,80公里/小时,普通轿车
160690,雨天,夜晚,干燥,60公里/小时,100米,卡车,畅通,紧急（送医）,卡车,接近中,50米,80公里/小时,普通轿车
160824,雨天,夜晚,干燥,60公里/小时,100米,卡车,畅通,无特殊需求,应急车辆,接近中,100米,30公里/小时,普通轿车
160915,雨天,夜晚,干燥,60公里/小时,100米,应急车辆,畅通,紧急（送医）,应急车辆,接近中,50米,80公里/小时,应急车辆
160927,雨天,夜晚,干燥,60公里/小时,100米,应急车辆,畅通,紧急（送医）,卡车,接近中,10米,80公里/小时,无
160985,雨天,夜晚,干燥,60公里/小时,100米,应急车辆,畅通,赶时间（通勤/赶飞机）,应急车辆,接近中,100米,50公里/小时,普通轿车
161037,雨天,夜晚,干燥,60公里/小时,100米,应急车辆,畅通,无特殊需求,普通轿车,接近中,10米,30公里/小时,无
161200,雨天,夜晚,干燥,60公里/小时,150米,普通轿车,畅通,赶时间（通勤/赶飞机）,普通轿车,接近中,100米,80公里/小时,普通轿车
161400,雨天,夜晚,干燥,60公里/小时,150米,卡车,畅通,紧急（送医）,应急车辆,接近中,100米,30公里/小时,应急车辆
161518,雨天,夜晚,干燥,60公里/小时,150米,卡车,畅通,无特殊需求,普通轿车,接近中,50米,80公里/小时,无
161557,雨天,夜晚,干燥,60公里/小时,150米,卡车,畅通,无特殊需求,应急车辆,接近中,10米,80公里/小时,普通轿车
161935,雨天,夜晚,干燥,100公里/小时,100米,普通轿车,畅通,赶时间（通勤/赶飞机）,普通轿车,接近中,10米,80公里/小时,普通轿车
162111,雨天,夜晚,干燥,100公里/小时,100米,卡车,畅通,紧急（送医）,应急车辆,接近中,100米,30公里/小时,无
162157,雨天,夜晚,干燥,100公里/小时,100米,卡车,畅通,紧急（送医）,卡车,接近中,50米,80公里/小时,应急车辆
162251,雨天,夜晚,干燥,100公里/小时,100米,卡车,畅通,无特殊需求,普通轿车,接近中,10米,50公里/小时,无
162420,雨天,夜晚,干燥,100公里/小时,100米,应急车辆,畅通,赶时间（通勤/赶飞机）,普通轿车,接近中,50米,30公里/小时,普通轿车
162486,雨天,夜晚,干燥,100公里/小时,100米,应急车辆,畅通,赶时间（通勤/赶飞机）,卡车,接近中,10米,30公里/小时,应急车辆
162502,雨天,夜晚,干燥,100公里/小时,100米,应急车辆,畅通,无特殊需求,普通轿车,接近中,10米,80公里/小时,普通轿车
162517,雨天,夜晚,干燥,100公里/小时,100米,应急车辆,畅通,无特殊需求,应急车辆,接近中,50米,80公里/小时,无
162734,雨天,夜晚,干燥,100公里/小时,150米,普通轿车,畅通,无特殊需求,普通轿车,接近中,50米,50公里/小时,无
162876,雨天,夜晚,干燥,100公里/小时,150米,卡车,畅通,紧急（送医）,卡车,接近中,100米,30公里/小时,普通轿车
163127,雨天,夜晚,干燥,100公里/小时,150米,应急车辆,畅通,紧急（送医）,卡车,接近中,100米,50公里/小时,应急车辆
163160,雨天,夜晚,干燥,100公里/小时,150米,应急车辆,畅通,赶时间（通勤/赶飞机）,普通轿车,接近中,10米,50公里/小时,应急车辆
163182,雨天,夜晚,干燥,100公里/小时,150米,应急车辆,畅通,赶时间（通勤/赶飞机）,应急车辆,接近中,100米,30公里/小时,应急车辆
163236,雨天,夜晚,干燥,100公里/小时,150米,应急车辆,畅通,无特殊需求,普通轿车,接近中,100米,30公里/小时,应急车辆
163693,雨天,夜晚,干燥,100公里/小时,200米,卡车,畅通,赶时间（通勤/赶飞机）,卡车,接近中,100米,80公里/小时,应急车辆
163775,雨天,夜晚,干燥,100公里/小时,200米,卡车,畅通,无特殊需求,卡车,接近中,100米,50公里/小时,应急车辆
163915,雨天,夜晚,干燥,100公里/小时,200米,应急车辆,畅通,赶时间（通勤/赶飞机）,应急车辆,接近中,10米,80公里/小时,应急车辆
164520,雨天,夜晚,干燥,35公里/小时,10米,应急车辆,100米,紧急（送医）,普通轿车,接近中,10米,30公里/小时,无
164901,雨天,夜晚,干燥,35公里/小时,50米,普通轿车,100米,赶时间（通勤/赶飞机）,卡车,接近中,100米,30公里/小时,普通轿车
165001,雨天,夜晚,干燥,35公里/小时,50米,卡车,100米,紧急（送医）,普通轿车,接近中,50米,80公里/小时,无
165456,雨天,夜晚,干燥,35公里/小时,50米,应急车辆,100米,无特殊需求,应急车辆,接近中,10米,30公里/小时,应急车辆
165629,雨天,夜晚,干燥,35公里/小时,100米,普通轿车,100米,赶时间（通勤/赶飞机）,卡车,接近中,100米,50公里/小时,普通轿车
165714,雨天,夜晚,干燥,35公里/小时,100米,普通轿车,100米,无特殊需求,卡车,接近中,50米,30公里/小时,普通轿车
166096,雨天,夜晚,干燥,35公里/小时,100米,应急车辆,100米,赶时间（通勤/赶飞机）,应急车辆,接近中,100米,80公里/小时,应急车辆
166385,雨天,夜晚,干燥,60公里/小时,50米,普通轿车,100米,无特殊需求,普通轿车,接近中,100米,50公里/小时,普通轿车
166503,雨天,夜晚,干燥,60公里/小时,50米,卡车,100米,紧急（送医）,应急车辆,接近中,100米,30公里/小时,应急车辆
166654,雨天,夜晚,干燥,60公里/小时,50米,卡车,100米,无特殊需求,应急车辆,接近中,100米,80公里/小时,普通轿车
166661,雨天,夜晚,干燥,60公里/小时,50米,卡车,100米,无特殊需求,应急车辆,接近中,10米,50公里/小时,普通轿车
166940,雨天,夜晚,干燥,60公里/小时,50米,应急车辆,100米,无特殊需求,卡车,接近中,10米,50公里/小时,应急车辆
167270,雨天,夜晚,干燥,60公里/小时,100米,卡车,100米,赶时间（通勤/赶飞机）,普通轿车,接近中,50米,50公里/小时,无
167315,雨天,夜晚,干燥,60公里/小时,100米,卡车,100米,赶时间（通勤/赶飞机）,应急车辆,接近中,50米,50公里/小时,应急车辆
167373,雨天,夜晚,干燥,60公里/小时,100米,卡车,100米,无特殊需求,普通轿车,接近中,10米,30公里/小时,应急车辆
167573,雨天,夜晚,干燥,60公里/小时,100米,应急车辆,100米,赶时间（通勤/赶飞机）,卡车,接近中,100米,50公里/小时,普通轿车
167589,雨天,夜晚,干燥,60公里/小时,100米,应急车辆,100米,赶时间（通勤/赶飞机）,卡车,接近中,10米,30公里/小时,应急车辆
167724,雨天,夜晚,干燥,60公里/小时,150米,普通轿车,100米,紧急（送医）,应急车辆,接近中,10米,30公里/小时,应急车辆
167910,雨天,夜晚,干燥,60公里/小时,150米,普通轿车,100米,无特殊需求,卡车,接近中,50米,30公里/小时,应急车辆
167939,雨天,夜晚,干燥,60公里/小时,150米,卡车,100米,紧急（送医）,普通轿车,接近中,10米,50公里/小时,应急车辆
168385,雨天,夜晚,干燥,60公里/小时,150米,应急车辆,100米,无特殊需求,卡车,接近中,50米,80公里/小时,普通轿车
168507,雨天,夜晚,干燥,100公里/小时,100米,普通轿车,100米,赶时间（通勤/赶飞机）,普通轿车,接近中,10米,30公里/小时,应急车辆
168929,雨天,夜晚,干燥,100公里/小时,100米,应急车辆,100米,紧急（送医）,应急车辆,接近中,10米,50公里/小时,普通轿车
168936,雨天,夜晚,干燥,100公里/小时,100米,应急车辆,100米,紧急（送医）,应急车辆,接近中,50米,30公里/小时,应急车辆
168978,雨天,夜晚,干燥,100公里/小时,100米,应急车辆,100米,赶时间（通勤/赶飞机）,普通轿车,接近中,100米,30公里/小时,普通轿车
169136,雨天,夜晚,干燥,100公里/小时,150米,普通轿车,100米,紧急（送医）,普通轿车,接近中,10米,50公里/小时,无
169191,雨天,夜晚,干燥,100公里/小时,150米,普通轿车,100米,紧急（送医）,卡车,接近中,10米,30公里/小时,无
169396,雨天,夜晚,干燥,100公里/小时,150米,卡车,100米,紧急（送医）,普通轿车,接近中,10米,80公里/小时,应急车辆
169403,雨天,夜晚,干燥,100公里/小时,150米,卡车,100米,紧急（送医）,应急车辆,接近中,50米,50公里/小时,无
169498,雨天,夜晚,干燥,100公里/小时,150米,卡车,100米,赶时间（通勤/赶飞机）,应急车辆,接近中,100米,80公里/小时,应急车辆
169610,雨天,夜晚,干燥,100公里/小时,150米,卡车,100米,无特殊需求,卡车,接近中,50米,50公里/小时,应急车辆
169689,雨天,夜晚,干燥,100公里/小时,150米,应急车辆,100米,紧急（送医）,卡车,接近中,100米,30公里/小时,应急车辆
169724,雨天,夜晚,干燥,100公里/小时,150米,应急车辆,100米,赶时间（通勤/赶飞机）,应急车辆,接近中,100米,50公里/小时,无
169761,雨天,夜晚,干燥,100公里/小时,150米,应急车辆,100米,赶时间（通勤/赶飞机）,卡车,接近中,100米,30公里/小时,普通轿车
170030,雨天,夜晚,干燥,100公里/小时,200米,普通轿车,100米,无特殊需求,普通轿车,接近中,100米,50公里/小时,普通轿车
170047,雨天,夜晚,干燥,100公里/小时,200米,普通轿车,100米,无特殊需求,应急车辆,接近中,100米,80公里/小时,无
170292,雨天,夜晚,干燥,100公里/小时,200米,卡车,100米,无特殊需求,应急车辆,接近中,100米,30公里/小时,无
170397,雨天,夜晚,干燥,100公里/小时,200米,应急车辆,100米,紧急（送医）,应急车辆,接近中,10米,30公里/小时,应急车辆
170713,雨天,夜晚,干燥,35公里/小时,10米,普通轿车,50米,赶时间（通勤/赶飞机）,应急车辆,接近中,100米,80公里/小时,应急车辆
170736,雨天,夜晚,干燥,35公里/小时,10米,普通轿车,50米,赶时间（通勤/赶飞机）,卡车,接近中,50米,30公里/小时,普通轿车
171095,雨天,夜晚,干燥,35公里/小时,10米,应急车辆,50米,紧急（送医）,普通轿车,接近中,50米,50公里/小时,应急车辆
171143,雨天,夜晚,干燥,35公里/小时,10米,应急车辆,50米,紧急（送医）,卡车,接近中,10米,50公里/小时,普通轿车
171420,雨天,夜晚,干燥,35公里/小时,50米,普通轿车,50米,赶时间（通勤/赶飞机）,普通轿车,接近中,50米,30公里/小时,应急车辆
171536,雨天,夜晚,干燥,35公里/小时,50米,普通轿车,50米,无特殊需求,卡车,接近中,50米,50公里/小时,无
171622,雨天,夜晚,干燥,35公里/小时,50米,卡车,50米,紧急（送医）,卡车,接近中,100米,80公里/小时,普通轿车
171704,雨天,夜晚,干燥,35公里/小时,50米,卡车,50米,赶时间（通勤/赶飞机）,卡车,接近中,100米,50公里/小时,普通轿车
171908,雨天,夜晚,干燥,35公里/小时,50米,应急车辆,50米,赶时间（通勤/赶飞机）,普通轿车,接近中,10米,50公里/小时,应急车辆
172095,雨天,夜晚,干燥,35公里/小时,100米,普通轿车,50米,紧急（送医）,应急车辆,接近中,50米,30公里/小时,应急车辆
172403,雨天,夜晚,干燥,35公里/小时,100米,卡车,50米,赶时间（通勤/赶飞机）,应急车辆,接近中,10米,50公里/小时,无
172449,雨天,夜晚,干燥,35公里/小时,100米,卡车,50米,赶时间（通勤/赶飞机）,卡车,接近中,10米,30公里/小时,应急车辆
172793,雨天,夜晚,干燥,60公里/小时,50米,普通轿车,50米,紧急（送医）,普通轿车,接近中,100米,50公里/小时,应急车辆
172836,雨天,夜晚,干燥,60公里/小时,50米,普通轿车,50米,紧急（送医）,卡车,接近中,10米,30公里/小时,无
172875,雨天,夜晚,干燥,60公里/小时,50米,普通轿车,50米,赶时间（通勤/赶飞机）,普通轿车,接近中,100米,30公里/小时,应急车辆
173028,雨天,夜晚,干燥,60公里/小时,50米,卡车,50米,紧急（送医）,普通轿车,接近中,100米,30公里/小时,普通轿车
173047,雨天,夜晚,干燥,60公里/小时,50米,卡车,50米,紧急（送医）,应急车辆,接近中,50米,80公里/小时,无
173686,雨天,夜晚,干燥,60公里/小时,100米,普通轿车,50米,无特殊需求,普通轿车,接近中,50米,80公里/小时,应急车辆
173888,雨天,夜晚,干燥,60公里/小时,100米,卡车,50米,赶时间（通勤/赶飞机）,卡车,接近中,10米,50公里/小时,无
173939,雨天,夜晚,干燥,60公里/小时,100米,卡车,50米,无特殊需求,应急车辆,接近中,50米,50公里/小时,无
173987,雨天,夜晚,干燥,60公里/小时,100米,卡车,50米,无特殊需求,卡车,接近中,10米,50公里/小时,应急车辆
174085,雨天,夜晚,干燥,60公里/小时,100米,应急车辆,50米,赶时间（通勤/赶飞机）,普通轿车,接近中,10米,80公里/小时,普通轿车
174600,雨天,夜晚,干燥,60公里/小时,150米,卡车,50米,赶时间（通勤/赶飞机）,应急车辆,接近中,10米,30公里/小时,普通轿车
174617,雨天,夜晚,干燥,60公里/小时,150米,卡车,50米,赶时间（通勤/赶飞机）,卡车,接近中,10米,50公里/小时,无
174917,雨天,夜晚,干燥,60公里/小时,150米,应急车辆,50米,无特殊需求,应急车辆,接近中,100米,50公里/小时,普通轿车
175531,雨天,夜晚,干燥,100公里/小时,100米,应急车辆,50米,赶时间（通勤/赶飞机）,普通轿车,接近中,50米,80公里/小时,无
175569,雨天,夜晚,干燥,100公里/小时,100米,应急车辆,50米,赶时间（通勤/赶飞机）,应急车辆,接近中,50米,30公里/小时,普通轿车
175685,雨天,夜晚,干燥,100公里/小时,100米,应急车辆,50米,无特殊需求,卡车,接近中,50米,50公里/小时,应急车辆
175701,雨天,夜晚,干燥,100公里/小时,150米,普通轿车,50米,紧急（送医）,普通轿车,接近中,100米,30公里/小时,普通轿车
175743,雨天,夜晚,干燥,100公里/小时,150米,普通轿车,50米,紧急（送医）,应急车辆,接近中,10米,30公里/小时,应急车辆
175772,雨天,夜晚,干燥,100公里/小时,150米,普通轿车,50米,赶时间（通勤/赶飞机）,普通轿车,接近中,100米,50公里/小时,无
175925,雨天,夜晚,干燥,100公里/小时,150米,普通轿车,50米,无特殊需求,卡车,接近中,100米,50公里/小时,应急车辆
176001,雨天,夜晚,干燥,100公里/小时,150米,卡车,50米,紧急（送医）,卡车,接近中,50米,30公里/小时,普通轿车
176391,雨天,夜晚,干燥,100公里/小时,150米,应急车辆,50米,无特殊需求,应急车辆,接近中,10米,30公里/小时,应急车辆
176392,雨天,夜晚,干燥,100公里/小时,150米,应急车辆,50米,无特殊需求,卡车,接近中,100米,80公里/小时,无
176566,雨天,夜晚,干燥,100公里/小时,200米,普通轿车,50米,赶时间（通勤/赶飞机）,卡车,接近中,50米,80公里/小时,普通轿车
176730,雨天,夜晚,干燥,100公里/小时,200米,卡车,50米,紧急（送医）,卡车,接近中,50米,30公里/小时,普通轿车
176743,雨天,夜晚,干燥,100公里/小时,200米,卡车,50米,赶时间（通勤/赶飞机）,普通轿车,接近中,100米,80公里/小时,无
176898,雨天,夜晚,干燥,100公里/小时,200米,卡车,50米,无特殊需求,卡车,接近中,100米,30公里/小时,应急车辆
176901,雨天,夜晚,干燥,100公里/小时,200米,卡车,50米,无特殊需求,卡车,接近中,50米,30公里/小时,应急车辆
176961,雨天,夜晚,干燥,100公里/小时,200米,应急车辆,50米,紧急（送医）,卡车,接近中,100米,30公里/小时,无
177015,雨天,夜晚,干燥,100公里/小时,200米,应急车辆,50米,赶时间（通勤/赶飞机）,应急车辆,接近中,100米,30公里/小时,无
177109,雨天,夜晚,干燥,100公里/小时,200米,应急车辆,50米,无特殊需求,应急车辆,接近中,10米,80公里/小时,普通轿车
177225,雨天,夜晚,干燥,35公里/小时,10米,普通轿车,20米,紧急（送医）,卡车,接近中,50米,30公里/小时,应急车辆
177419,雨天,夜晚,干燥,35公里/小时,10米,卡车,20米,紧急（送医）,应急车辆,接近中,100米,50公里/小时,无
177517,雨天,夜晚,干燥,35公里/小时,10米,卡车,20米,赶时间（通勤/赶飞机）,应急车辆,接近中,100米,80公里/小时,应急车辆
177666,雨天,夜晚,干燥,35公里/小时,10米,应急车辆,20米,紧急（送医）,应急车辆,接近中,50米,30公里/小时,无
177807,雨天,夜晚,干燥,35公里/小时,10米,应急车辆,20米,无特殊需求,普通轿车,接近中,100米,30公里/小时,普通轿车
178029,雨天,夜晚,干燥,35公里/小时,50米,普通轿车,20米,赶时间（通勤/赶飞机）,卡车,接近中,10米,30公里/小时,普通轿车
178393,雨天,夜晚,干燥,35公里/小时,50米,应急车辆,20米,紧急（送医）,应急车辆,接近中,50米,80公里/小时,无
178677,雨天,夜晚,干燥,35公里/小时,100米,普通轿车,20米,紧急（送医）,卡车,接近中,10米,30公里/小时,普通轿车
178870,雨天,夜晚,干燥,35公里/小时,100米,卡车,20米,紧急（送医）,普通轿车,接近中,50米,80公里/小时,应急车辆
179092,雨天,夜晚,干燥,35公里/小时,100米,应急车辆,20米,紧急（送医）,普通轿车,接近中,100米,80公里/小时,无
179231,雨天,夜晚,干燥,35公里/小时,100米,应急车辆,20米,赶时间（通勤/赶飞机）,卡车,接近中,50米,50公里/小时,无
179233,雨天,夜晚,干燥,35公里/小时,100米,应急车辆,20米,赶时间（通勤/赶飞机）,卡车,接近中,10米,80公里/小时,无
179236,雨天,夜晚,干燥,35公里/小时,100米,应急车辆,20米,赶时间（通勤/赶飞机）,卡车,接近中,100米,80公里/小时,普通轿车
179387,雨天,夜晚,干燥,60公里/小时,50米,普通轿车,20米,紧急（送医）,应急车辆,接近中,10米,50公里/小时,应急车辆
179736,雨天,夜晚,干燥,60公里/小时,50米,卡车,20米,赶时间（通勤/赶飞机）,卡车,接近中,50米,30公里/小时,应急车辆
179747,雨天,夜晚,干燥,60公里/小时,50米,卡车,20米,无特殊需求,普通轿车,接近中,10米,50公里/小时,无
179893,雨天,夜晚,干燥,60公里/小时,50米,应急车辆,20米,紧急（送医）,卡车,接近中,100米,80公里/小时,应急车辆
180108,雨天,夜晚,干燥,60公里/小时,100米,普通轿车,20米,紧急（送医）,应急车辆,接近中,10米,30公里/小时,普通轿车
180208,雨天,夜晚,干燥,60公里/小时,100米,普通轿车,20米,赶时间（通勤/赶飞机）,卡车,接近中,100米,80公里/小时,普通轿车
180305,雨天,夜晚,干燥,60公里/小时,100米,普通轿车,20米,无特殊需求,卡车,接近中,10米,50公里/小时,应急车辆
180464,雨天,夜晚,干燥,60公里/小时,100米,卡车,20米,赶时间（通勤/赶飞机）,卡车,接近中,50米,50公里/小时,应急车辆
180695,雨天,夜晚,干燥,60公里/小时,100米,应急车辆,20米,赶时间（通勤/赶飞机）,卡车,接近中,100米,50公里/小时,普通轿车
180855,雨天,夜晚,干燥,60公里/小时,150米,普通轿车,20米,紧急（送医）,卡车,接近中,10米,30公里/小时,无
180860,雨天,夜晚,干燥,60公里/小时,150米,普通轿车,20米,紧急（送医）,卡车,接近中,50米,50公里/小时,普通轿车
180875,雨天,夜晚,干燥,60公里/小时,150米,普通轿车,20米,赶时间（通勤/赶飞机）,普通轿车,接近中,100米,50公里/小时,无
180901,雨天,夜晚,干燥,60公里/小时,150米,普通轿车,20米,赶时间（通勤/赶飞机）,应急车辆,接近中,100米,80公里/小时,无
181014,雨天,夜晚,干燥,60公里/小时,150米,普通轿车,20米,无特殊需求,卡车,接近中,50米,30公里/小时,无
181257,雨天,夜晚,干燥,60公里/小时,150米,卡车,20米,无特殊需求,卡车,接近中,50米,30公里/小时,无
181570,雨天,夜晚,干燥,100公里/小时,100米,普通轿车,20米,紧急（送医）,应急车辆,接近中,50米,80公里/小时,应急车辆
181618,雨天,夜晚,干燥,100公里/小时,100米,普通轿车,20米,赶时间（通勤/赶飞机）,普通轿车,接近中,10米,80公里/小时,普通轿车
181667,雨天,夜晚,干燥,100公里/小时,100米,普通轿车,20米,赶时间（通勤/赶飞机）,卡车,接近中,100米,50公里/小时,普通轿车
181849,雨天,夜晚,干燥,100公里/小时,100米,卡车,20米,赶时间（通勤/赶飞机）,普通轿车,接近中,50米,80公里/小时,无
181852,雨天,夜晚,干燥,100公里/小时,100米,卡车,20米,赶时间（通勤/赶飞机）,普通轿车,接近中,10米,80公里/小时,无
181868,雨天,夜晚,干燥,100公里/小时,100米,卡车,20米,赶时间（通勤/赶飞机）,普通轿车,接近中,50米,50公里/小时,应急车辆
182041,雨天,夜晚,干燥,100公里/小时,100米,应急车辆,20米,紧急（送医）,应急车辆,接近中,10米,80公里/小时,无
182099,雨天,夜晚,干燥,100公里/小时,100米,应急车辆,20米,赶时间（通勤/赶飞机）,普通轿车,接近中,100米,50公里/小时,普通轿车
182717,雨天,夜晚,干燥,100公里/小时,150米,卡车,20米,无特殊需求,卡车,接近中,10米,50公里/小时,无
182801,雨天,夜晚,干燥,100公里/小时,150米,应急车辆,20米,紧急（送医）,卡车,接近中,100米,50公里/小时,普通轿车
182912,雨天,夜晚,干燥,100公里/小时,150米,应急车辆,20米,无特殊需求,普通轿车,接近中,50米,50公里/小时,普通轿车
183142,雨天,夜晚,干燥,100公里/小时,200米,普通轿车,20米,无特殊需求,普通轿车,接近中,100米,80公里/小时,无
183303,雨天,夜晚,干燥,100公里/小时,200米,卡车,20米,紧急（送医）,卡车,接近中,10米,30公里/小时,应急车辆
183520,雨天,夜晚,干燥,100公里/小时,200米,应急车辆,20米,紧急（送医）,卡车,接近中,100米,80公里/小时,无
183628,雨天,夜晚,干燥,100公里/小时,200米,应急车辆,20米,无特殊需求,普通轿车,接近中,100米,80公里/小时,无
183663,雨天,夜晚,干燥,100公里/小时,200米,应急车辆,20米,无特殊需求,应急车辆,接近中,10米,30公里/小时,无
183823,雨天,夜晚,湿滑,35公里/小时,10米,普通轿车,畅通,赶时间（通勤/赶飞机）,应急车辆,接近中,10米,80公里/小时,无
184143,雨天,夜晚,湿滑,35公里/小时,10米,卡车,畅通,无特殊需求,应急车辆,接近中,100米,30公里/小时,无
184402,雨天,夜晚,湿滑,35公里/小时,10米,应急车辆,畅通,无特殊需求,应急车辆,接近中,100米,80公里/小时,应急车辆
184659,雨天,夜晚,湿滑,35公里/小时,50米,普通轿车,畅通,无特殊需求,卡车,接近中,50米,30公里/小时,无
184666,雨天,夜晚,湿滑,35公里/小时,50米,普通轿车,畅通,无特殊需求,卡车,接近中,50米,80公里/小时,普通轿车
184692,雨天,夜晚,湿滑,35公里/小时,50米,卡车,畅通,紧急（送医）,普通轿车,接近中,100米,30公里/小时,普通轿车
185117,雨天,夜晚,湿滑,35公里/小时,50米,应急车辆,畅通,无特殊需求,应急车辆,接近中,50米,50公里/小时,无
185481,雨天,夜晚,湿滑,35公里/小时,100米,卡车,畅通,紧急（送医）,卡车,接近中,10米,30公里/小时,普通轿车
185639,雨天,夜晚,湿滑,35公里/小时,100米,卡车,畅通,无特殊需求,卡车,接近中,50米,50公里/小时,普通轿车
185706,雨天,夜晚,湿滑,35公里/小时,100米,应急车辆,畅通,紧急（送医）,应急车辆,接近中,10米,30公里/小时,应急车辆
185720,雨天,夜晚,湿滑,35公里/小时,100米,应急车辆,畅通,紧急（送医）,卡车,接近中,50米,50公里/小时,普通轿车
185774,雨天,夜晚,湿滑,35公里/小时,100米,应急车辆,畅通,赶时间（通勤/赶飞机）,应急车辆,接近中,50米,50公里/小时,普通轿车
186035,雨天,夜晚,湿滑,60公里/小时,50米,普通轿车,畅通,赶时间（通勤/赶飞机）,卡车,接近中,50米,50公里/小时,无
186739,雨天,夜晚,湿滑,60公里/小时,100米,普通轿车,畅通,赶时间（通勤/赶飞机）,应急车辆,接近中,10米,80公里/小时,无
186827,雨天,夜晚,湿滑,60公里/小时,100米,普通轿车,畅通,无特殊需求,应急车辆,接近中,50米,50公里/小时,普通轿车
186849,雨天,夜晚,湿滑,60公里/小时,100米,普通轿车,畅通,无特殊需求,卡车,接近中,10米,30公里/小时,无
186901,雨天,夜晚,湿滑,60公里/小时,100米,卡车,畅通,紧急（送医）,应急车辆,接近中,10米,80公里/小时,无
186909,雨天,夜晚,湿滑,60公里/小时,100米,卡车,畅通,紧急（送医）,应急车辆,接近中,50米,30公里/小时,普通轿车
187002,雨天,夜晚,湿滑,60公里/小时,100米,卡车,畅通,赶时间（通勤/赶飞机）,应急车辆,接近中,10米,30公里/小时,应急车辆
187034,雨天,夜晚,湿滑,60公里/小时,100米,卡车,畅通,无特殊需求,普通轿车,接近中,50米,50公里/小时,无
187090,雨天,夜晚,湿滑,60公里/小时,100米,卡车,畅通,无特殊需求,卡车,接近中,10米,80公里/小时,无
187154,雨天,夜晚,湿滑,60公里/小时,100米,应急车辆,畅通,紧急（送医）,应急车辆,接近中,10米,50公里/小时,普通轿车
187359,雨天,夜晚,湿滑,60公里/小时,150米,普通轿车,畅通,紧急（送医）,普通轿车,接近中,50米,30公里/小时,无
187530,雨天,夜晚,湿滑,60公里/小时,150米,普通轿车,畅通,无特殊需求,普通轿车,接近中,50米,30公里/小时,普通轿车
187641,雨天,夜晚,湿滑,60公里/小时,150米,卡车,畅通,紧急（送医）,应急车辆,接近中,10米,30公里/小时,普通轿车
187716,雨天,夜晚,湿滑,60公里/小时,150米,卡车,畅通,赶时间（通勤/赶飞机）,应急车辆,接近中,100米,30公里/小时,普通轿车
187755,雨天,夜晚,湿滑,60公里/小时,150米,卡车,畅通,赶时间（通勤/赶飞机）,卡车,接近中,50米,30公里/小时,应急车辆
188134,雨天,夜晚,湿滑,100公里/小时,100米,普通轿车,畅通,紧急（送医）,应急车辆,接近中,10米,80公里/小时,应急车辆
188135,雨天,夜晚,湿滑,100公里/小时,100米,普通轿车,畅通,紧急（送医）,应急车辆,接近中,10米,50公里/小时,应急车辆
188413,雨天,夜晚,湿滑,100公里/小时,100米,卡车,畅通,赶时间（通勤/赶飞机）,普通轿车,接近中,10米,80公里/小时,无
188460,雨天,夜晚,湿滑,100公里/小时,100米,卡车,畅通,赶时间（通勤/赶飞机）,应急车辆,接近中,10米,30公里/小时,应急车辆
188527,雨天,夜晚,湿滑,100公里/小时,100米,卡车,畅通,无特殊需求,应急车辆,接近中,50米,80公里/小时,普通轿车
188741,雨天,夜晚,湿滑,100公里/小时,100米,应急车辆,畅通,无特殊需求,普通轿车,接近中,100米,50公里/小时,普通轿车
188950,雨天,夜晚,湿滑,100公里/小时,150米,普通轿车,畅通,赶时间（通勤/赶飞机）,卡车,接近中,50米,80公里/小时,无
189445,雨天,夜晚,湿滑,100公里/小时,150米,应急车辆,畅通,赶时间（通勤/赶飞机）,卡车,接近中,50米,80公里/小时,普通轿车
189506,雨天,夜晚,湿滑,100公里/小时,150米,应急车辆,畅通,无特殊需求,应急车辆,接近中,100米,50公里/小时,应急车辆
189547,雨天,夜晚,湿滑,100公里/小时,200米,普通轿车,畅通,紧急（送医）,普通轿车,接近中,10米,80公里/小时,无
189603,雨天,夜晚,湿滑,100公里/小时,200米,普通轿车,畅通,紧急（送医）,卡车,接近中,10米,30公里/小时,无
189614,雨天,夜晚,湿滑,100公里/小时,200米,普通轿车,畅通,紧急（送医）,卡车,接近中,100米,50公里/小时,应急车辆
190057,雨天,夜晚,湿滑,100公里/小时,200米,应急车辆,畅通,紧急（送医）,应急车辆,接近中,50米,80公里/小时,无
190228,雨天,夜晚,湿滑,100公里/小时,200米,应急车辆,畅通,无特殊需求,应急车辆,接近中,50米,80公里/小时,普通轿车
190258,雨天,夜晚,湿滑,100公里/小时,200米,应急车辆,畅通,无特殊需求,卡车,接近中,10米,80公里/小时,普通轿车
190586,雨天,夜晚,湿滑,35公里/小时,10米,卡车,100米,紧急（送医）,卡车,接近中,100米,50公里/小时,应急车辆
190657,雨天,夜晚,湿滑,35公里/小时,10米,卡车,100米,赶时间（通勤/赶飞机）,卡车,接近中,100米,80公里/小时,普通轿车
190721,雨天,夜晚,湿滑,35公里/小时,10米,卡车,100米,无特殊需求,应急车辆,接近中,100米,50公里/小时,应急车辆
190880,雨天,夜晚,湿滑,35公里/小时,10米,应急车辆,100米,赶时间（通勤/赶飞机）,应急车辆,接近中,10米,50公里/小时,普通轿车
190958,雨天,夜晚,湿滑,35公里/小时,10米,应急车辆,100米,无特殊需求,应急车辆,接近中,50米,50公里/小时,普通轿车
191149,雨天,夜晚,湿滑,35公里/小时,50米,普通轿车,100米,赶时间（通勤/赶飞机）,卡车,接近中,10米,80公里/小时,普通轿车
191260,雨天,夜晚,湿滑,35公里/小时,50米,卡车,100米,紧急（送医）,普通轿车,接近中,100米,80公里/小时,应急车辆
191512,雨天,夜晚,湿滑,35公里/小时,50米,应急车辆,100米,紧急（送医）,应急车辆,接近中,100米,80公里/小时,无
191565,雨天,夜晚,湿滑,35公里/小时,50米,应急车辆,100米,紧急（送医）,卡车,接近中,10米,30公里/小时,应急车辆
191567,雨天,夜晚,湿滑,35公里/小时,50米,应急车辆,100米,赶时间（通勤/赶飞机）,普通轿车,接近中,100米,50公里/小时,无
191882,雨天,夜晚,湿滑,35公里/小时,100米,普通轿车,100米,赶时间（通勤/赶飞机）,卡车,接近中,100米,50公里/小时,应急车辆
191991,雨天,夜晚,湿滑,35公里/小时,100米,卡车,100米,紧急（送医）,普通轿车,接近中,100米,30公里/小时,应急车辆
192054,雨天,夜晚,湿滑,35公里/小时,100米,卡车,100米,赶时间（通勤/赶飞机）,普通轿车,接近中,100米,30公里/小时,无
192281,雨天,夜晚,湿滑,35公里/小时,100米,应急车辆,100米,紧急（送医）,卡车,接近中,50米,50公里/小时,普通轿车
192365,雨天,夜晚,湿滑,35公里/小时,100米,应急车辆,100米,赶时间（通勤/赶飞机）,卡车,接近中,10米,50公里/小时,普通轿车
192379,雨天,夜晚,湿滑,35公里/小时,100米,应急车辆,100米,无特殊需求,普通轿车,接近中,50米,80公里/小时,无
192407,雨天,夜晚,湿滑,35公里/小时,100米,应急车辆,100米,无特殊需求,应急车辆,接近中,50米,50公里/小时,无
192450,雨天,夜晚,湿滑,35公里/小时,100米,应急车辆,100米,无特殊需求,卡车,接近中,100米,30公里/小时,应急车辆
192588,雨天,夜晚,湿滑,60公里/小时,50米,普通轿车,100米,赶时间（通勤/赶飞机）,应急车辆,接近中,50米,30公里/小时,应急车辆
192650,雨天,夜晚,湿滑,60公里/小时,50米,普通轿车,100米,无特殊需求,应急车辆,接近中,50米,50公里/小时,无
192864,雨天,夜晚,湿滑,60公里/小时,50米,卡车,100米,无特殊需求,普通轿车,接近中,100米,30公里/小时,无
192906,雨天,夜晚,湿滑,60公里/小时,50米,卡车,100米,无特殊需求,应急车辆,接近中,10米,30公里/小时,普通轿车
193053,雨天,夜晚,湿滑,60公里/小时,50米,应急车辆,100米,赶时间（通勤/赶飞机）,应急车辆,接近中,100米,30公里/小时,无
193648,雨天,夜晚,湿滑,60公里/小时,100米,卡车,100米,无特殊需求,卡车,接近中,50米,80公里/小时,无
193657,雨天,夜晚,湿滑,60公里/小时,100米,卡车,100米,无特殊需求,卡车,接近中,50米,80公里/小时,普通轿车
193718,雨天,夜晚,湿滑,60公里/小时,100米,应急车辆,100米,紧急（送医）,应急车辆,接近中,100米,50公里/小时,应急车辆
194068,雨天,夜晚,湿滑,60公里/小时,150米,普通轿车,100米,赶时间（通勤/赶飞机）,卡车,接近中,100米,80公里/小时,应急车辆
194234,雨天,夜晚,湿滑,60公里/小时,150米,卡车,100米,紧急（送医）,卡车,接近中,50米,50公里/小时,应急车辆
194663,雨天,夜晚,湿滑,100公里/小时,100米,普通轿车,100米,紧急（送医）,普通轿车,接近中,100米,50公里/小时,应急车辆
194749,雨天,夜晚,湿滑,100公里/小时,100米,普通轿车,100米,赶时间（通勤/赶飞机）,普通轿车,接近中,10米,80公里/小时,应急车辆
194829,雨天,夜晚,湿滑,100公里/小时,100米,普通轿车,100米,无特殊需求,普通轿车,接近中,50米,30公里/小时,应急车辆
195132,雨天,夜晚,湿滑,100公里/小时,100米,应急车辆,100米,紧急（送医）,普通轿车,接近中,100米,30公里/小时,无
195257,雨天,夜晚,湿滑,100公里/小时,100米,应急车辆,100米,赶时间（通勤/赶飞机）,应急车辆,接近中,100米,50公里/小时,应急车辆
195280,雨天,夜晚,湿滑,100公里/小时,100米,应急车辆,100米,赶时间（通勤/赶飞机）,卡车,接近中,10米,80公里/小时,普通轿车
195281,雨天,夜晚,湿滑,100公里/小时,100米,应急车辆,100米,赶时间（通勤/赶飞机）,卡车,接近中,10米,50公里/小时,普通轿车
195771,雨天,夜晚,湿滑,100公里/小时,150米,卡车,100米,赶时间（通勤/赶飞机）,卡车,接近中,100米,30公里/小时,应急车辆
195809,雨天,夜晚,湿滑,100公里/小时,150米,卡车,100米,无特殊需求,应急车辆,接近中,50米,50公里/小时,无
195873,雨天,夜晚,湿滑,100公里/小时,150米,应急车辆,100米,紧急（送医）,普通轿车,接近中,50米,30公里/小时,普通轿车
195934,雨天,夜晚,湿滑,100公里/小时,150米,应急车辆,100米,紧急（送医）,卡车,接近中,50米,80公里/小时,应急车辆
196080,雨天,夜晚,湿滑,100公里/小时,150米,应急车辆,100米,无特殊需求,卡车,接近中,50米,30公里/小时,无
196419,雨天,夜晚,湿滑,100公里/小时,200米,卡车,100米,紧急（送医）,卡车,接近中,100米,30公里/小时,应急车辆
196678,雨天,夜晚,湿滑,100公里/小时,200米,应急车辆,100米,赶时间（通勤/赶飞机）,普通轿车,接近中,100米,80公里/小时,普通轿车
196795,雨天,夜晚,湿滑,100公里/小时,200米,应急车辆,100米,无特殊需求,应急车辆,接近中,100米,80公里/小时,应急车辆
197297,雨天,夜晚,湿滑,35公里/小时,10米,卡车,50米,无特殊需求,卡车,接近中,10米,50公里/小时,无
197312,雨天,夜晚,湿滑,35公里/小时,10米,卡车,50米,无特殊需求,卡车,接近中,50米,50公里/小时,应急车辆
197782,雨天,夜晚,湿滑,35公里/小时,50米,普通轿车,50米,无特殊需求,卡车,接近中,10米,80公里/小时,无
198678,雨天,夜晚,湿滑,35公里/小时,100米,卡车,50米,赶时间（通勤/赶飞机）,卡车,接近中,100米,30公里/小时,普通轿车
198681,雨天,夜晚,湿滑,35公里/小时,100米,卡车,50米,赶时间（通勤/赶飞机）,卡车,接近中,50米,30公里/小时,普通轿车
198766,雨天,夜晚,湿滑,35公里/小时,100米,卡车,50米,无特殊需求,卡车,接近中,100米,80公里/小时,应急车辆
198779,雨天,夜晚,湿滑,35公里/小时,100米,应急车辆,50米,紧急（送医）,普通轿车,接近中,50米,50公里/小时,无
198794,雨天,夜晚,湿滑,35公里/小时,100米,应急车辆,50米,紧急（送医）,普通轿车,接近中,100米,50公里/小时,应急车辆
199376,雨天,夜晚,湿滑,60公里/小时,50米,卡车,50米,赶时间（通勤/赶飞机）,应急车辆,接近中,10米,50公里/小时,无
199528,雨天,夜晚,湿滑,60公里/小时,50米,应急车辆,50米,紧急（送医）,普通轿车,接近中,10米,80公里/小时,应急车辆
199635,雨天,夜晚,湿滑,60公里/小时,50米,应急车辆,50米,赶时间（通勤/赶飞机）,应急车辆,接近中,50米,30公里/小时,应急车辆
200134,雨天,夜晚,湿滑,60公里/小时,100米,卡车,50米,赶时间（通勤/赶飞机）,卡车,接近中,100米,80公里/小时,普通轿车
200212,雨天,夜晚,湿滑,60公里/小时,100米,卡车,50米,无特殊需求,卡车,接近中,10米,80公里/小时,无
200300,雨天,夜晚,湿滑,60公里/小时,100米,应急车辆,50米,紧急（送医）,卡车,接近中,50米,50公里/小时,普通轿车
200347,雨天,夜晚,湿滑,60公里/小时,100米,应急车辆,50米,赶时间（通勤/赶飞机）,应急车辆,接近中,10米,80公里/小时,无
200386,雨天,夜晚,湿滑,60公里/小时,100米,应急车辆,50米,赶时间（通勤/赶飞机）,卡车,接近中,100米,80公里/小时,应急车辆
200425,雨天,夜晚,湿滑,60公里/小时,100米,应急车辆,50米,无特殊需求,应急车辆,接近中,50米,80公里/小时,无
200583,雨天,夜晚,湿滑,60公里/小时,150米,普通轿车,50米,赶时间（通勤/赶飞机）,普通轿车,接近中,10米,30公里/小时,应急车辆
200718,雨天,夜晚,湿滑,60公里/小时,150米,普通轿车,50米,无特殊需求,卡车,接近中,10米,30公里/小时,应急车辆
200793,雨天,夜晚,湿滑,60公里/小时,150米,卡车,50米,紧急（送医）,卡车,接近中,100米,30公里/小时,应急车辆
200971,雨天,夜晚,湿滑,60公里/小时,150米,应急车辆,50米,紧急（送医）,普通轿车,接近中,100米,80公里/小时,普通轿车
201015,雨天,夜晚,湿滑,60公里/小时,150米,应急车辆,50米,紧急（送医）,应急车辆,接近中,10米,30公里/小时,应急车辆
201136,雨天,夜晚,湿滑,60公里/小时,150米,应急车辆,50米,无特殊需求,普通轿车,接近中,50米,80公里/小时,普通轿车
201637,雨天,夜晚,湿滑,100公里/小时,100米,卡车,50米,无特殊需求,应急车辆,接近中,100米,80公里/小时,无
201778,雨天,夜晚,湿滑,100公里/小时,100米,应急车辆,50米,赶时间（通勤/赶飞机）,普通轿车,接近中,10米,80公里/小时,无
201996,雨天,夜晚,湿滑,100公里/小时,150米,普通轿车,50米,紧急（送医）,卡车,接近中,10米,30公里/小时,无
202003,雨天,夜晚,湿滑,100公里/小时,150米,普通轿车,50米,紧急（送医）,卡车,接近中,10米,80公里/小时,普通轿车
202257,雨天,夜晚,湿滑,100公里/小时,150米,卡车,50米,紧急（送医）,卡车,接近中,10米,30公里/小时,应急车辆
202352,雨天,夜晚,湿滑,100公里/小时,150米,卡车,50米,无特殊需求,普通轿车,接近中,50米,50公里/小时,普通轿车
202827,雨天,夜晚,湿滑,100公里/小时,200米,普通轿车,50米,无特殊需求,普通轿车,接近中,100米,30公里/小时,无
203121,雨天,夜晚,湿滑,100公里/小时,200米,卡车,50米,无特殊需求,应急车辆,接近中,10米,30公里/小时,应急车辆
203278,雨天,夜晚,湿滑,100公里/小时,200米,应急车辆,50米,赶时间（通勤/赶飞机）,应急车辆,接近中,50米,80公里/小时,应急车辆
203404,雨天,夜晚,湿滑,35公里/小时,10米,普通轿车,20米,紧急（送医）,普通轿车,接近中,50米,80公里/小时,普通轿车
203455,雨天,夜晚,湿滑,35公里/小时,10米,普通轿车,20米,紧急（送医）,卡车,接近中,100米,80公里/小时,普通轿车
203468,雨天,夜晚,湿滑,35公里/小时,10米,普通轿车,20米,紧急（送医）,卡车,接近中,50米,50公里/小时,应急车辆
203474,雨天,夜晚,湿滑,35公里/小时,10米,普通轿车,20米,赶时间（通勤/赶飞机）,普通轿车,接近中,100米,50公里/小时,无
203541,雨天,夜晚,湿滑,35公里/小时,10米,普通轿车,20米,赶时间（通勤/赶飞机）,卡车,接近中,50米,30公里/小时,普通轿车
203671,雨天,夜晚,湿滑,35公里/小时,10米,卡车,20米,紧急（送医）,应急车辆,接近中,100米,80公里/小时,普通轿车
203759,雨天,夜晚,湿滑,35公里/小时,10米,卡车,20米,赶时间（通勤/赶飞机）,应急车辆,接近中,10米,50公里/小时,普通轿车
204005,雨天,夜晚,湿滑,35公里/小时,10米,应急车辆,20米,赶时间（通勤/赶飞机）,应急车辆,接近中,100米,50公里/小时,应急车辆
204016,雨天,夜晚,湿滑,35公里/小时,10米,应急车辆,20米,赶时间（通勤/赶飞机）,卡车,接近中,50米,80公里/小时,无
204161,雨天,夜晚,湿滑,35公里/小时,50米,普通轿车,20米,紧急（送医）,应急车辆,接近中,50米,50公里/小时,普通轿车
204289,雨天,夜晚,湿滑,35公里/小时,50米,普通轿车,20米,无特殊需求,普通轿车,接近中,10米,80公里/小时,无
204311,雨天,夜晚,湿滑,35公里/小时,50米,普通轿车,20米,无特殊需求,应急车辆,接近中,100米,50公里/小时,无
204591,雨天,夜晚,湿滑,35公里/小时,50米,卡车,20米,无特殊需求,卡车,接近中,100米,30公里/小时,普通轿车
204656,雨天,夜晚,湿滑,35公里/小时,50米,应急车辆,20米,紧急（送医）,应急车辆,接近中,50米,50公里/小时,应急车辆
204720,雨天,夜晚,湿滑,35公里/小时,50米,应急车辆,20米,赶时间（通勤/赶飞机）,应急车辆,接近中,50米,30公里/小时,无
204740,雨天,夜晚,湿滑,35公里/小时,50米,应急车辆,20米,赶时间（通勤/赶飞机）,应急车辆,接近中,10米,50公里/小时,应急车辆
204809,雨天,夜晚,湿滑,35公里/小时,50米,应急车辆,20米,无特殊需求,应急车辆,接近中,50米,50公里/小时,普通轿车
204885,雨天,夜晚,湿滑,35公里/小时,100米,普通轿车,20米,紧急（送医）,应急车辆,接近中,10米,30公里/小时,无
205099,雨天,夜晚,湿滑,35公里/小时,100米,卡车,20米,紧急（送医）,普通轿车,接近中,10米,80公里/小时,无
205110,雨天,夜晚,湿滑,35公里/小时,100米,卡车,20米,紧急（送医）,普通轿车,接近中,10米,30公里/小时,普通轿车
205127,雨天,夜晚,湿滑,35公里/小时,100米,卡车,20米,紧急（送医）,应急车辆,接近中,10米,50公里/小时,无
205148,雨天,夜晚,湿滑,35公里/小时,100米,卡车,20米,紧急（送医）,卡车,接近中,100米,50公里/小时,无
205347,雨天,夜晚,湿滑,35公里/小时,100米,应急车辆,20米,紧急（送医）,普通轿车,接近中,100米,30公里/小时,普通轿车
205399,雨天,夜晚,湿滑,35公里/小时,100米,应急车辆,20米,紧急（送医）,卡车,接近中,100米,80公里/小时,普通轿车
205498,雨天,夜晚,湿滑,35公里/小时,100米,应急车辆,20米,无特殊需求,普通轿车,接近中,100米,80公里/小时,无
205529,雨天,夜晚,湿滑,35公里/小时,100米,应急车辆,20米,无特殊需求,应急车辆,接近中,50米,50公里/小时,无
205718,雨天,夜晚,湿滑,60公里/小时,50米,普通轿车,20米,赶时间（通勤/赶飞机）,卡车,接近中,50米,50公里/小时,无
206149,雨天,夜晚,湿滑,60公里/小时,50米,应急车辆,20米,赶时间（通勤/赶飞机）,普通轿车,接近中,50米,80公里/小时,无
206197,雨天,夜晚,湿滑,60公里/小时,50米,应急车辆,20米,赶时间（通勤/赶飞机）,应急车辆,接近中,10米,80公里/小时,应急车辆
206465,雨天,夜晚,湿滑,60公里/小时,100米,普通轿车,20米,赶时间（通勤/赶飞机）,卡车,接近中,50米,50公里/小时,应急车辆
206639,雨天,夜晚,湿滑,60公里/小时,100米,卡车,20米,赶时间（通勤/赶飞机）,普通轿车,接近中,10米,50公里/小时,无
206930,雨天,夜晚,湿滑,60公里/小时,100米,应急车辆,20米,赶时间（通勤/赶飞机）,卡车,接近中,100米,50公里/小时,无
207339,雨天,夜晚,湿滑,60公里/小时,150米,卡车,20米,紧急（送医）,卡车,接近中,50米,30公里/小时,无
207551,雨天,夜晚,湿滑,60公里/小时,150米,应急车辆,20米,紧急（送医）,应急车辆,接近中,100米,50公里/小时,无
207645,雨天,夜晚,湿滑,60公里/小时,150米,应急车辆,20米,赶时间（通勤/赶飞机）,应急车辆,接近中,50米,30公里/小时,普通轿车
207884,雨天,夜晚,湿滑,100公里/小时,100米,普通轿车,20米,赶时间（通勤/赶飞机）,应急车辆,接近中,100米,50公里/小时,普通轿车
208053,雨天,夜晚,湿滑,100公里/小时,100米,卡车,20米,紧急（送医）,应急车辆,接近中,10米,30公里/小时,普通轿车
208062,雨天,夜晚,湿滑,100公里/小时,100米,卡车,20米,紧急（送医）,应急车辆,接近中,10米,30公里/小时,应急车辆
208423,雨天,夜晚,湿滑,100公里/小时,100米,应急车辆,20米,无特殊需求,普通轿车,接近中,100米,80公里/小时,普通轿车
208944,雨天,夜晚,湿滑,100公里/小时,150米,卡车,20米,无特殊需求,应急车辆,接近中,10米,30公里/小时,普通轿车
209014,雨天,夜晚,湿滑,100公里/小时,150米,应急车辆,20米,紧急（送医）,应急车辆,接近中,10米,80公里/小时,无
209613,雨天,夜晚,湿滑,100公里/小时,200米,卡车,20米,赶时间（通勤/赶飞机）,卡车,接近中,100米,30公里/小时,普通轿车
209738,雨天,夜晚,湿滑,100公里/小时,200米,应急车辆,20米,紧急（送医）,应急车辆,接近中,100米,50公里/小时,无
209751,雨天,夜晚,湿滑,100公里/小时,200米,应急车辆,20米,紧急（送医）,应急车辆,接近中,50米,30公里/小时,普通轿车
209833,雨天,夜晚,湿滑,100公里/小时,200米,应急车辆,20米,赶时间（通勤/赶飞机）,应急车辆,接近中,10米,80公里/小时,普通轿车
